Date,DBC,EEM,EFA,GLD,HYG,IEF,IWM,LQD,QQQ,SHY,SLV,SPY,TIP,TLT,VNQ
2007-04-11,20.6377,26.8262,43.5306,67.08,31.2231,50.3413,61.8859,49.4683,37.8542,57.2747,13.774,100.8718,56.0195,47.6854,35.1889
2007-04-12,20.7595,27.2747,43.8213,66.99,31.244,50.3901,62.302,49.5428,38.1539,57.2675,13.811,101.3201,56.0195,47.6963,34.9494
2007-04-13,20.8732,27.4086,43.9666,67.84,31.1872,50.3046,62.7028,49.459,38.2309,57.239,13.99,101.7823,55.8797,47.5489,35.3441
2007-04-16,20.7107,27.7344,44.4305,68.4,31.1752,50.3596,63.566,49.5009,38.582,57.2318,13.98,102.7489,56.0587,47.8109,35.3884
2007-04-17,20.4996,27.5849,44.4361,68.0,31.1602,50.5734,63.3733,49.7708,38.6676,57.3247,13.838,103.0221,56.0922,48.0783,35.8496
2007-04-18,20.5077,27.3796,44.4194,68.38,31.1692,50.6895,63.0034,49.7847,38.5392,57.4033,13.88,103.1482,56.2767,48.3185,35.6279
2007-04-19,20.4508,27.1587,44.2517,67.53,31.2769,50.6833,62.7028,49.8173,38.6591,57.4033,13.559,103.1201,56.2488,48.2366,35.3884
2007-04-20,20.7351,27.4822,44.7603,68.7,31.259,50.6284,63.4349,49.8033,38.8731,57.389,13.871,104.0937,56.2711,48.1111,35.6545
2007-04-23,20.8732,27.3729,44.3243,68.26,31.2769,50.7323,63.3656,49.9475,38.933,57.432,13.93,103.7015,56.3997,48.2857,36.0536
2007-04-24,20.5889,27.3684,44.2964,67.73,31.4924,50.83,63.3348,50.0732,39.13,57.482,13.71,103.7435,56.4947,48.4658,35.8097
2007-04-25,20.995,27.7076,44.71,67.89,31.5402,50.7995,63.512,50.0034,39.6523,57.4605,13.746,104.696,56.5003,48.2967,35.7875
2007-04-26,20.8488,27.634,44.5032,66.87,31.5971,50.6528,63.8665,49.8964,39.8578,57.4176,13.26,104.8151,56.3438,47.9474,35.8097
2007-04-27,20.9544,27.4956,44.4082,67.56,31.5971,50.6528,63.5968,49.8825,39.8749,57.4391,13.489,104.731,56.355,47.9365,35.721
2007-04-30,20.7676,26.9645,44.2461,67.09,31.6001,50.8727,62.225,50.1243,39.3526,57.482,13.335,103.8625,56.6569,48.4386,35.1445
2007-05-01,20.8082,27.0716,44.2014,66.69,31.604,50.8752,62.4793,50.0963,39.3183,57.4576,13.188,104.1287,56.649,48.4736,34.8385
2007-05-02,20.6458,27.6094,44.5367,66.66,31.592,50.8139,63.3116,50.0823,39.7465,57.4863,13.17,104.7381,56.6434,48.4462,35.1135
2007-05-03,20.7432,27.8415,44.5982,67.49,31.595,50.7587,63.4272,50.0122,39.892,57.4433,13.317,105.3054,56.5031,48.3367,35.2066
2007-05-04,20.7026,27.8326,45.0174,68.19,31.634,50.8875,63.828,50.1337,39.9263,57.472,13.383,105.7046,56.5312,48.5339,34.9006
2007-05-07,20.6052,28.0133,45.0845,68.25,31.631,50.9304,63.643,50.1945,39.9263,57.472,13.456,105.7256,56.4919,48.6653,34.9982
2007-05-08,20.4752,27.6496,44.7156,67.88,31.655,50.9304,63.4195,50.1664,40.0119,57.5007,13.4,105.5856,56.5593,48.5558,34.7676
2007-05-09,20.3696,28.0959,44.9615,67.45,31.571,50.7649,63.6739,50.087,40.0975,57.4576,13.324,105.8727,56.3796,48.3641,35.1445
2007-05-10,20.2884,27.4086,44.0728,66.0,31.685,50.8936,62.8877,50.1104,39.5495,57.5078,12.953,104.7661,56.5031,48.4791,34.6744
2007-05-11,20.5889,28.1048,44.8162,66.45,31.703,50.7894,63.4581,50.0589,40.0547,57.4863,13.147,105.6626,56.4021,48.3093,35.1445
2007-05-14,20.5158,27.8259,44.6485,66.28,31.7,50.7158,62.9032,50.0075,39.7807,57.4433,13.05,105.4314,56.3123,48.1833,34.945
2007-05-15,20.7189,27.8593,44.7268,66.54,31.676,50.7096,62.4022,49.8954,39.4725,57.4576,13.123,105.4595,56.1608,48.1668,34.4128
2007-05-16,20.5158,28.2632,44.7938,65.6,31.76,50.679,62.7413,50.0122,39.8578,57.515,12.86,106.1809,56.1046,48.134,33.9871
2007-05-17,20.6864,28.1606,44.5647,65.06,31.751,50.5441,62.2558,49.8626,39.6694,57.4791,12.77,105.9707,56.0822,47.9368,33.3973
2007-05-18,20.6539,28.3056,44.9056,65.52,31.76,50.3969,62.988,49.7224,39.9948,57.4217,12.904,106.8953,55.9363,47.6191,33.0602
2007-05-21,20.8569,28.357,44.6988,65.67,31.79,50.4644,63.7818,49.7879,40.2516,57.4361,12.999,106.8393,56.0766,47.7615,33.1933
2007-05-22,20.5564,28.3614,44.738,65.2,31.793,50.3233,64.1748,49.629,40.2859,57.4504,12.89,106.7552,55.8577,47.515,33.6855
2007-05-23,20.6539,28.3168,44.9671,65.54,31.769,50.2252,64.0052,49.5822,40.0975,57.4361,12.951,106.7692,55.8521,47.3781,33.4283
2007-05-24,20.5402,27.6362,44.5367,64.75,31.778,50.2926,63.1652,49.643,39.5238,57.4576,12.768,105.8027,55.9194,47.4218,32.8695
2007-05-25,20.792,28.0602,44.8218,64.94,31.823,50.2375,63.5737,49.6103,39.7721,57.4935,12.88,106.2439,55.998,47.3123,33.0558
2007-05-29,20.3371,27.9642,44.8777,65.07,31.697,50.1332,64.1594,49.5121,40.0804,57.4361,13.096,106.6292,55.8296,47.3069,34.2354
2007-05-30,20.5321,28.2498,45.0677,64.72,31.769,50.1823,64.591,49.5495,40.4058,57.4791,13.101,107.4976,55.8801,47.4054,35.1534
2007-05-31,20.7189,28.3302,45.2913,65.54,31.718,50.1639,64.9455,49.5074,40.5941,57.4433,13.383,107.3855,55.9138,47.3178,35.0115
2007-06-01,20.8732,29.0375,45.5876,66.44,31.7138,49.9478,65.2769,49.3177,40.6198,57.4137,13.637,107.9179,55.7261,47.0692,35.0602
2007-06-04,21.06,28.9081,45.7105,66.54,31.7409,50.0278,65.3462,49.3976,40.7397,57.4353,13.648,107.9319,55.8726,47.2837,35.2022
2007-06-05,20.9788,28.8077,45.4758,66.37,31.6957,49.8677,65.0842,49.238,40.7397,57.3849,13.7,107.5046,55.6697,46.9867,34.6434
2007-06-06,20.9706,28.0825,44.8218,66.41,31.6564,49.8923,64.3598,49.2802,40.303,57.4569,13.638,106.349,55.7148,46.9647,34.4084
2007-06-07,21.0762,27.6496,44.056,65.26,31.5086,49.3936,63.0265,48.7543,39.678,57.3921,13.363,104.4299,55.23,46.1233,33.3263
2007-06-08,20.7026,28.1383,44.5367,64.22,31.4241,49.4859,63.8511,48.7778,40.166,57.4137,13.03,105.7887,55.3315,46.0848,33.7254
2007-06-11,21.1006,28.3793,44.6876,64.7,31.3577,49.3567,63.8665,48.6275,40.089,57.4209,13.154,105.9707,55.2131,45.9528,33.2199
2007-06-12,21.0437,27.8861,43.8939,64.1,31.1978,49.0057,62.8107,48.3646,39.8492,57.3705,12.931,104.8151,54.8692,45.2874,32.6434
2007-06-13,21.3118,28.444,44.4641,64.53,31.2521,49.1658,63.6507,48.5759,40.2859,57.3849,13.065,106.384,55.0722,45.8264,33.3662
2007-06-14,21.5148,28.8903,44.7938,64.6,31.2763,49.1781,64.2288,48.5618,40.5513,57.3849,13.071,107.0634,55.106,45.7109,33.007
2007-06-15,21.6448,29.5485,45.1572,64.85,31.2703,49.3936,64.9917,48.7543,40.9258,57.4641,13.161,107.6725,55.2695,46.0243,33.3707
2007-06-18,21.6448,29.5753,45.4087,64.95,31.2883,49.369,64.8684,48.7496,40.9344,57.4641,13.163,107.546,55.2244,45.9308,32.8562
2007-06-19,21.4336,29.6088,45.4534,65.48,31.3276,49.6091,65.038,49.0641,40.9258,57.5649,13.265,107.8132,55.5175,46.3598,32.9183
2007-06-20,21.458,29.3566,44.9168,64.71,31.05,49.449,63.9128,48.8294,40.5402,57.5073,13.081,106.315,55.3089,45.9858,31.9294
2007-06-21,21.3605,29.7226,45.3248,64.56,31.1073,49.3874,64.4137,48.7026,40.9087,57.5289,13.012,106.9058,55.2864,45.7659,32.1068
2007-06-22,21.3118,29.3299,44.6988,64.78,31.1677,49.5352,63.905,48.8341,40.523,57.6081,13.006,105.8999,55.5119,46.0628,31.987
2007-06-25,21.2305,29.1067,44.6876,64.43,30.9867,49.6953,63.5737,48.8904,40.3516,57.6585,12.825,105.3934,55.6416,46.3158,31.4626
2007-06-26,20.9869,28.8523,44.4641,63.62,31.0772,49.7076,63.1035,48.8811,40.1203,57.6225,12.145,104.3102,55.5288,46.3268,31.3414
2007-06-27,20.9544,29.2629,44.7827,63.67,30.9686,49.7015,64.4214,48.8811,40.7373,57.6153,12.21,105.7944,55.557,46.3708,32.1451
2007-06-28,20.8894,29.2696,44.8162,64.26,30.8056,49.6707,64.413,48.8294,40.7202,57.6009,12.4,105.7803,55.4668,46.3598,31.979
2007-06-29,20.8732,29.3722,45.146,64.27,30.7181,49.9292,64.0114,49.1064,40.7887,57.7161,12.35,105.8155,55.7937,46.8382,31.8577
2007-07-02,21.0031,29.968,45.7999,65.02,30.9588,50.0053,64.8376,48.9848,41.1572,57.7537,12.588,106.7722,55.9619,47.0845,32.5941
2007-07-03,21.0275,30.2068,46.0179,64.74,30.9011,49.857,65.1464,48.9942,41.3971,57.7321,12.532,107.159,55.7354,46.7974,32.5043
2007-07-05,21.2224,30.3407,45.7888,64.42,30.7888,49.5788,65.2546,48.6781,41.697,57.6526,12.465,107.0465,55.5032,46.273,32.9937
2007-07-06,21.4011,30.8606,46.1185,64.96,30.8222,49.4613,65.4785,48.5838,41.8684,57.6453,12.68,107.6093,55.3843,46.0852,32.9533
2007-07-09,21.3524,31.1596,46.2303,65.38,30.9163,49.6406,65.4167,48.6829,41.8941,57.6887,12.68,107.6936,55.5599,46.2508,32.9309
2007-07-10,21.5067,30.546,45.6658,65.61,30.8343,49.9806,64.3434,49.0178,41.5428,57.7971,12.87,106.1602,56.0016,47.0348,32.0957
2007-07-11,21.5554,30.7981,46.0962,65.44,30.6037,49.8075,64.7295,48.7961,41.8255,57.7682,12.845,106.9128,55.7581,46.549,32.0328
2007-07-12,21.6123,31.4742,46.739,66.02,30.6947,49.6654,65.4939,48.6027,42.4682,57.7321,13.003,108.6011,55.5712,46.3889,32.4459
2007-07-13,21.6448,31.8647,46.7054,66.03,30.8222,49.7766,65.5557,48.8149,42.7596,57.7609,12.963,108.9246,55.6562,46.5159,32.7558
2007-07-16,21.263,31.5523,46.5992,65.82,30.8343,49.9744,65.2314,48.9423,42.7167,57.8188,12.894,108.9106,55.826,46.963,32.4819
2007-07-17,21.1331,31.5278,46.4427,65.75,30.8708,49.8693,65.2777,48.8386,43.0423,57.7826,12.815,108.8543,55.7807,46.8636,32.3651
2007-07-18,21.3767,31.1418,46.2806,66.62,30.6401,50.0486,65.0692,48.98,42.9909,57.8693,13.115,108.6573,55.9959,47.0403,32.2933
2007-07-19,21.4498,31.4519,46.5433,67.01,30.6735,50.0424,65.2546,48.8763,43.1195,57.8622,13.169,109.0794,56.0638,47.0292,32.4145
2007-07-20,21.4417,31.2355,46.0627,67.58,30.5946,50.2896,64.2817,49.0131,42.8881,57.9561,13.233,107.975,56.279,47.4543,31.8488
2007-07-23,21.3443,32.1392,46.3421,67.47,30.5278,50.2711,64.0423,48.9565,42.9053,57.9128,13.215,108.3056,56.1601,47.377,31.2965
2007-07-24,21.1818,31.0391,45.6434,67.47,30.3518,50.4071,62.5443,48.8951,42.2711,57.9705,13.205,106.4275,56.3356,47.5537,30.6633
2007-07-25,21.3686,31.2176,45.5205,66.9,30.0634,50.475,62.3127,48.9328,42.3311,58.0139,13.028,106.6455,56.5055,47.6476,30.3311
2007-07-26,21.1412,29.6266,44.0057,65.65,29.6385,50.8768,60.6448,48.8291,41.9712,58.1512,12.705,104.1203,56.7717,48.045,29.7743
2007-07-27,21.3443,29.2428,43.3965,65.41,29.1438,50.9758,59.17,48.6498,41.1229,58.2162,12.621,102.0733,56.8566,48.183,28.7865
2007-07-30,21.1006,30.2001,44.1678,65.77,29.426,50.8459,60.197,48.7253,41.6027,58.144,12.79,103.6701,56.7943,48.045,29.3432
2007-07-31,21.2712,29.582,44.1119,65.79,29.5262,51.0561,59.5329,48.7017,40.7287,58.2379,12.802,102.5024,57.0774,48.3928,29.2265
2007-08-01,21.2387,29.466,44.1846,65.93,29.4651,50.9146,59.8572,48.8591,41.0458,58.1813,12.89,103.0018,56.8414,48.2881,29.6127
2007-08-02,21.2712,29.7918,44.3187,65.89,29.6331,50.9518,60.3282,48.7927,41.4228,58.2104,12.899,103.8248,56.8698,48.41,30.1021
2007-08-03,21.0356,28.5064,43.5195,66.69,29.6331,51.2807,58.1817,49.0345,40.6344,58.3555,13.027,101.1518,57.0462,48.7314,28.9391
2007-08-06,20.7432,29.0152,43.9946,66.52,29.5689,51.076,58.7067,48.8638,41.1057,58.2829,12.883,102.8471,56.6708,48.3768,29.9494
2007-08-07,20.8569,29.2317,44.1455,66.48,29.7798,51.0698,59.6101,48.9965,41.3971,58.2322,13.034,103.9444,56.6765,48.338,30.1156
2007-08-08,20.8245,30.2135,44.8609,66.77,30.1311,50.716,61.4015,49.0487,41.8512,58.1886,13.054,105.3934,56.466,47.7505,31.3055
2007-08-09,20.662,28.9639,43.5809,65.46,30.1005,51.0015,59.9885,49.006,40.8829,58.3555,12.594,102.2703,56.648,47.817,30.9597
2007-08-10,20.7351,28.4618,42.832,66.57,30.0394,50.927,60.2742,48.788,40.5145,58.3337,12.765,101.792,56.5229,47.7061,30.0258
2007-08-13,20.5889,28.743,42.9158,66.26,30.2594,51.0077,59.9499,48.9586,40.7887,58.3845,12.714,102.1577,56.7732,47.8447,29.8821
2007-08-14,20.6539,27.9999,42.5022,66.29,30.0242,51.1938,58.9229,49.2667,40.0946,58.4643,12.623,100.5961,56.8414,47.9722,29.0244
2007-08-15,20.8082,26.8998,41.5072,66.13,30.1922,51.2869,58.0658,49.134,39.332,58.5441,12.385,99.2104,56.8414,47.8004,28.535
2007-08-16,20.4508,26.4424,41.3284,64.68,30.1524,51.4855,59.3553,48.6553,38.9463,58.6601,11.78,99.9561,56.9666,48.2936,29.68
2007-08-17,20.4346,27.2792,41.7085,65.01,30.458,51.5227,60.5444,48.7406,39.6833,58.711,11.664,101.792,57.1542,48.0997,30.3535
2007-08-20,20.4915,27.335,41.8426,65.12,30.1677,51.6345,60.5908,49.0913,39.8718,58.7835,11.729,101.7427,57.1485,48.1273,30.9103
2007-08-21,20.459,27.2345,41.8147,65.07,30.0119,51.8578,60.7606,49.1908,40.2917,58.8633,11.51,101.9467,57.3476,48.3601,31.054
2007-08-22,20.5077,28.406,42.804,65.4,30.2441,51.6903,61.4865,49.2904,40.8401,58.7835,11.571,103.1566,57.2168,48.2825,31.4312
2007-08-23,20.5727,28.5511,42.994,65.31,30.4274,51.7089,60.6989,49.3141,40.7287,58.7472,11.623,103.0651,57.2452,48.4488,30.8924
2007-08-24,20.8163,29.2317,43.743,66.11,30.5038,51.7275,61.4865,49.4231,41.3028,58.6384,11.9,104.3383,57.3192,48.6871,31.0585
2007-08-27,20.8407,29.3656,43.2791,65.98,30.7023,51.8703,60.6371,49.2904,41.0286,58.7182,11.692,103.3676,57.3874,48.942,30.385
2007-08-28,20.6214,28.1717,42.4072,65.59,30.5954,52.137,59.1083,49.7122,40.0517,58.8705,11.643,101.0955,57.558,49.0252,29.4555
2007-08-29,20.8163,29.2874,43.3797,66.07,30.7176,51.9385,60.6603,49.4847,41.2,58.798,11.815,103.0792,57.3192,48.8921,30.5331
2007-08-30,20.8569,29.1379,43.0779,65.8,30.7818,52.1991,60.251,49.6316,41.4142,58.8488,11.7,102.8049,57.5694,49.2191,30.6903
2007-08-31,20.8651,29.8899,43.8325,66.52,31.0598,52.2115,60.7992,49.8638,41.877,58.8488,11.998,103.8178,57.5467,49.2579,31.1977
2007-09-04,21.1006,30.3942,44.2349,67.44,31.2759,52.1143,61.5791,49.7534,42.571,58.8459,12.187,104.8659,57.5924,49.2813,31.6108
2007-09-05,21.1412,29.9346,43.5921,67.56,31.2882,52.4383,61.0078,49.9486,42.1426,58.9988,12.15,103.9585,57.8609,49.6764,30.8519
2007-09-06,21.06,30.1689,43.7542,68.86,31.2697,52.3262,61.0232,49.8343,42.1083,58.926,12.364,104.1976,57.7352,49.5484,31.1258
2007-09-07,21.1981,29.4883,43.2232,69.39,30.9131,52.8869,60.0194,50.1058,41.3285,59.1298,12.442,102.7486,58.3978,50.2496,30.376
2007-09-10,21.3443,29.5106,43.0443,69.62,31.0453,53.0053,59.1855,50.2534,41.3028,59.1517,12.483,102.5516,58.6149,50.6391,30.0617
2007-09-11,21.393,30.1064,43.7877,70.52,31.3005,52.8931,60.2202,49.9629,41.9284,59.0643,12.64,103.7475,58.6149,50.6001,30.6858
2007-09-12,21.6204,30.2135,43.8325,70.46,31.4419,52.7623,59.8418,49.7582,41.9369,59.1153,12.572,104.0148,58.592,50.4109,30.5062
2007-09-13,21.458,30.5482,44.0169,70.08,31.3312,52.4507,59.9885,49.6868,42.1426,59.0279,12.469,104.7463,58.2836,49.9602,31.1932
2007-09-14,21.4742,30.6084,43.7598,69.99,31.6263,52.5193,60.2973,49.8248,42.1769,59.0206,12.48,104.7393,58.3807,50.0325,31.3953
2007-09-17,21.726,30.4143,43.1449,70.97,31.7708,52.5504,59.6333,49.8058,41.8255,59.0134,12.707,104.1766,58.592,50.2718,31.1663
2007-09-18,21.8072,31.8871,44.5479,71.7,31.9982,52.4944,62.1737,49.9248,42.8795,59.0935,12.868,107.2435,58.632,49.8934,32.2753
2007-09-19,21.994,32.0321,44.9504,71.43,32.6099,52.3074,63.0076,49.6487,42.9909,59.0935,12.868,107.8765,58.4664,49.4316,32.8815
2007-09-20,22.3351,31.9317,44.9112,72.72,31.8107,51.7156,62.3822,49.5582,42.871,58.9697,13.32,107.1168,57.8094,48.4967,32.0284
2007-09-21,22.4894,32.3556,45.1068,72.34,31.8906,51.9773,62.5134,49.7915,43.1762,59.0497,13.419,107.4059,58.0379,48.9085,32.2574
2007-09-24,22.4488,32.7573,45.2075,72.28,32.1058,52.0458,62.0347,50.0391,43.3734,59.1153,13.427,107.208,57.9465,49.0476,32.8689
2007-09-25,22.2864,32.6346,45.2634,72.33,32.1826,52.052,61.7832,50.0105,43.7849,59.1663,13.367,106.996,57.838,48.8751,32.0523
2007-09-26,22.3189,33.0697,45.4869,72.0,32.0658,52.0707,62.325,50.1343,43.9992,59.1298,13.33,107.5614,57.8951,48.9196,32.5196
2007-09-27,22.9037,33.5606,46.0906,72.7,31.9675,52.2389,62.6965,50.2629,44.2222,59.2391,13.425,108.1975,58.2379,49.259,32.7691
2007-09-28,22.8306,33.3486,46.1633,73.51,31.9675,52.2576,61.9534,50.2295,44.0764,59.1736,13.655,107.8371,58.2836,49.3703,32.4198
2007-10-01,22.595,34.3974,46.7558,73.9,32.0896,52.3201,63.4938,49.9057,44.5822,59.186,13.646,109.0527,58.4126,49.6525,33.2092
2007-10-02,22.1402,34.6317,46.6384,72.35,32.1515,52.4327,63.904,49.8579,44.5908,59.2225,13.231,108.9043,58.4699,49.8089,33.8126
2007-10-03,22.1646,33.583,46.426,71.9,31.9814,52.3952,63.726,50.0827,44.2822,59.2152,13.217,108.6852,58.361,49.6636,33.6492
2007-10-04,22.4732,33.9176,46.5881,72.87,32.1175,52.489,63.8266,50.4797,44.3851,59.2445,13.285,108.8548,58.447,49.8536,33.994
2007-10-05,22.5382,35.049,47.0632,73.4,32.136,52.0263,65.1192,50.274,45.2853,59.1787,13.295,110.1481,58.1029,49.3172,34.7925
2007-10-08,22.0671,34.6763,46.6272,72.53,32.2443,52.2138,64.6315,50.451,45.5682,59.2372,13.188,109.5615,58.2061,49.2782,34.1347
2007-10-09,22.2214,35.2163,47.147,73.09,32.269,52.0513,65.1579,50.231,45.7654,59.1056,13.395,110.5934,58.0054,49.2167,34.5158
2007-10-10,22.4813,35.2632,47.0576,73.36,32.2412,52.1013,65.1037,50.408,45.8768,59.1202,13.486,110.4097,58.0455,49.2446,34.2753
2007-10-11,22.7331,34.953,47.2756,73.91,32.2876,52.1075,64.3684,50.5132,45.1481,59.1348,13.64,109.8795,57.948,49.1944,34.1392
2007-10-12,22.8387,35.5912,47.4824,74.59,32.3216,51.9325,64.8793,50.2358,45.894,59.0691,13.74,110.4874,57.8735,48.9541,33.8171
2007-10-15,23.2285,35.1561,47.0967,75.14,32.4763,51.9825,64.1285,50.3936,45.5425,59.0691,13.69,109.5545,57.8735,48.9653,33.182
2007-10-16,23.2529,34.5045,46.3701,75.12,32.3525,52.1263,63.3931,50.4797,45.3281,59.1422,13.499,108.6852,58.0398,48.9821,32.7782
2007-10-17,23.1311,35.3011,46.8619,74.5,31.9536,52.4452,63.6408,50.7189,45.9111,59.281,13.522,109.0173,58.3897,49.5184,32.7283
2007-10-18,23.5453,35.4797,46.9737,76.0,31.9381,52.6453,63.486,50.7237,46.1083,59.3614,13.7,108.6216,58.5617,49.7921,32.7373
2007-10-19,23.4803,33.9623,45.9397,75.7,31.7958,53.0955,61.2181,51.0538,44.9595,59.5149,13.454,105.7804,59.0607,50.5351,31.3446
2007-10-22,23.4153,34.2077,45.8838,74.6,31.502,52.9955,62.5107,51.0538,45.4996,59.4637,13.348,106.3953,58.9173,50.5407,32.1657
2007-10-23,23.2529,35.1561,46.5322,75.23,31.7649,52.983,62.9906,50.7524,46.4513,59.471,13.462,107.2575,58.9403,50.4737,32.506
2007-10-24,23.3341,34.9263,46.4315,75.52,31.7649,53.2518,62.5882,51.0633,46.0997,59.588,13.476,107.0596,59.164,50.848,31.9616
2007-10-25,23.8783,35.3703,46.6439,76.03,31.8113,53.2081,62.4333,50.9437,45.4824,59.5514,13.762,107.314,59.3303,50.6748,32.0296
2007-10-26,24.2438,36.3722,47.488,77.69,31.8855,53.0767,63.4783,50.8624,46.2369,59.5587,14.133,108.5721,59.2787,50.5575,32.515
2007-10-29,24.6417,37.209,47.8345,78.12,31.9814,53.1206,63.4086,50.982,46.4256,59.5587,14.389,108.9325,59.5368,50.753,31.9842
2007-10-30,24.0894,36.5061,47.4544,77.35,31.9195,53.1768,62.9055,50.9772,46.5198,59.5514,14.113,108.1763,59.2443,50.7251,32.4243
2007-10-31,24.7717,37.3072,48.1251,78.62,32.1206,52.8204,63.7182,50.7141,47.18,59.4564,14.36,109.3,58.9632,50.267,33.1003
2007-11-01,24.4549,35.801,47.1135,77.93,31.912,53.2516,61.2568,51.1014,46.2969,59.6493,14.003,106.7416,59.5041,50.9201,31.5532
2007-11-02,24.9828,36.004,47.3762,79.83,31.8341,53.3958,61.5587,50.7843,46.657,59.7227,14.53,106.8617,59.8378,51.0828,31.1041
2007-11-05,24.8204,34.7522,46.6216,79.75,31.8186,53.3331,60.746,50.9092,46.357,59.7154,14.618,106.0489,59.8666,51.0604,30.655
2007-11-06,25.4702,36.071,47.3259,81.43,31.9836,53.239,61.8915,50.5969,46.8799,59.6787,15.375,107.4766,59.8723,50.8135,31.0406
2007-11-07,25.3402,34.9218,46.5042,82.24,31.9431,53.4335,59.9719,50.5632,45.7397,59.8474,15.171,104.5365,59.9068,50.9033,30.0743
2007-11-08,25.2752,35.1003,46.5881,82.23,31.5384,53.5527,60.1499,50.6449,44.3507,59.9428,15.329,104.0064,60.0909,50.8135,30.165
2007-11-09,25.2671,34.2747,45.6826,82.18,31.6785,53.8728,59.4842,50.8707,42.8675,59.9648,15.29,102.5787,60.6146,51.2455,29.92
2007-11-12,24.7148,32.378,44.9336,78.3,31.803,53.9669,58.9115,50.8515,41.7787,60.1042,14.315,101.561,60.8101,51.4307,30.2648
2007-11-13,24.2438,34.6652,46.1409,79.12,31.6785,53.6908,60.7615,50.5969,43.502,59.9208,14.46,104.6567,60.229,51.2399,31.2675
2007-11-14,24.7879,34.6986,46.0682,80.28,31.7563,53.7284,60.4131,50.3807,42.9447,59.9501,14.867,104.3669,60.2348,51.2961,30.6323
2007-11-15,24.5443,33.8998,45.3081,77.95,31.747,54.0297,59.5539,50.5728,42.7132,60.1482,14.345,102.8615,60.3613,51.7786,30.5779
2007-11-16,24.6255,34.3193,45.4534,77.75,31.7563,54.0297,59.0508,50.5777,43.1076,60.1482,14.34,103.0381,60.4822,51.8515,30.0062
2007-11-19,24.8123,32.7372,44.2517,77.24,31.7563,54.4187,57.7737,50.9669,42.6103,60.3463,14.071,101.6034,60.977,52.1882,29.3529
2007-11-20,25.4296,33.6365,45.241,79.47,31.445,54.2744,58.1065,50.6449,42.7818,60.3242,14.66,102.2254,60.9137,52.132,28.7858
2007-11-21,25.462,31.9428,44.2181,79.36,30.8534,54.7011,56.8913,51.0004,42.276,60.515,14.345,100.1333,61.4258,52.4351,28.5862
2007-11-23,25.6976,32.8867,45.3304,81.25,30.7943,54.5379,58.0987,50.7458,42.7304,60.449,14.663,101.8649,61.3855,52.5922,29.1488
2007-11-26,25.3808,31.5814,44.6206,81.3,31.1336,55.2847,56.5816,51.5867,41.993,60.6177,14.629,99.6174,62.0817,53.6302,27.7514
2007-11-27,25.1778,32.7908,45.2242,80.1,31.1803,54.7701,57.2396,51.1447,42.8332,60.4343,14.345,100.7624,61.5236,53.1196,28.4002
2007-11-28,24.8691,34.5871,46.5098,79.57,31.4761,54.5756,59.4997,50.789,44.1364,60.3829,14.297,103.9852,61.0633,52.7606,29.6478
2007-11-29,24.926,34.1631,46.1297,78.28,31.6318,54.8831,58.9889,50.9812,44.325,60.493,14.101,104.0205,61.4373,53.215,29.1714
2007-11-30,24.6174,34.4532,46.3812,77.32,31.7594,54.9584,59.3295,51.2311,43.9907,60.5224,13.9,105.0665,61.3913,52.9569,29.9654
2007-12-03,24.796,34.1542,46.208,78.28,32.0796,55.1756,58.6328,51.249,43.622,60.6592,14.007,104.3739,61.5963,53.3772,29.6433
2007-12-04,24.9097,34.0649,45.9173,79.4,31.9574,55.226,58.0136,51.2731,43.442,60.6519,14.207,103.441,61.4866,53.3715,28.8448
2007-12-05,24.7229,35.5778,46.4483,78.63,31.5815,55.0182,59.1669,51.0801,44.2222,60.674,14.13,105.1726,60.8339,52.7349,29.8157
2007-12-06,25.1696,36.1379,46.8899,79.37,31.8634,54.7286,60.5679,50.7037,44.8566,60.5489,14.376,106.678,60.649,52.273,30.7638
2007-12-07,25.0884,35.7095,46.7054,78.6,31.8478,54.376,60.7537,50.2694,44.8652,60.4826,14.276,106.6567,60.337,51.6871,30.655
2007-12-10,25.0722,35.7206,47.1861,80.0,31.8008,54.25,61.2336,50.3031,45.0452,60.4384,14.562,107.4837,60.2562,51.3773,31.3128
2007-12-11,25.2915,34.2077,45.9565,78.84,31.7694,54.993,59.0972,50.7905,43.9992,60.6592,14.35,104.5365,60.9147,52.3857,29.6614
2007-12-12,25.9818,35.2342,46.8787,80.49,31.9418,54.5334,59.5307,50.6313,44.3936,60.5047,14.548,105.5683,60.6778,51.8448,29.5616
2007-12-13,25.7057,34.2658,45.9229,78.5,31.9261,54.1304,59.2056,50.3418,44.1536,60.4164,14.014,105.3493,60.3082,51.2815,29.2259
2007-12-14,25.527,33.4491,44.6821,78.52,31.9731,53.973,58.0523,49.7723,43.6992,60.2691,13.739,104.0135,60.2677,51.0449,28.4909
2007-12-17,25.4022,32.0232,43.7319,78.13,31.8008,54.2941,57.1622,50.2549,42.6361,60.4458,13.713,102.5293,60.7067,51.5012,27.6108
2007-12-18,25.294,32.9024,44.2796,79.25,31.8321,54.4011,58.1839,50.4093,42.7732,60.409,13.901,103.1018,60.7703,51.8336,28.0372
2007-12-19,25.5353,33.1166,43.9163,79.24,31.9888,54.8356,58.5942,50.805,42.7646,60.5636,13.985,103.1018,61.1515,52.5209,28.3231
2007-12-20,25.4271,33.2973,44.2293,78.67,31.9198,54.7474,59.4765,50.5589,43.6392,60.6077,14.09,103.752,61.0822,52.4082,28.205
2007-12-21,25.7268,34.3015,44.8609,80.1,32.0201,54.3508,60.8389,50.5058,44.5,60.512,14.215,105.2476,60.7125,51.642,28.7584
2007-12-24,25.9182,34.8816,45.0444,80.14,31.9073,54.1934,61.28,50.2501,44.8347,60.4605,14.463,106.0291,60.5277,51.3998,29.69
2007-12-26,26.2262,35.0624,45.1705,81.52,31.7663,53.9352,61.5664,50.2645,45.0578,60.4016,14.597,106.2565,60.2619,50.9491,29.1965
2007-12-27,26.3177,34.2533,44.8953,81.56,31.9758,54.2973,60.104,50.5627,44.5171,60.5338,14.526,104.9208,60.6631,51.5045,28.6154
2007-12-28,26.2345,34.3821,45.2794,83.0,31.6639,54.7334,59.4594,50.7226,44.4742,60.6077,14.652,104.6579,61.0289,52.3077,28.1128
2007-12-31,26.2678,33.9685,44.9985,82.46,31.7332,54.9861,58.9468,50.8196,43.9593,60.7038,14.697,103.8834,61.4296,52.6244,28.3434
2008-01-02,26.9919,33.4081,44.838,84.86,31.3489,55.3779,58.3721,51.4207,43.2641,60.8145,15.18,102.974,61.9173,53.3824,28.2557
2008-01-03,27.2,33.7087,44.9125,85.57,31.289,55.4917,57.7275,51.251,43.4443,60.9105,15.285,102.9242,62.1263,53.3089,27.3749
2008-01-04,27.0418,32.6962,43.8922,85.13,31.2544,55.637,55.9878,51.6727,41.539,60.9991,15.167,100.4019,62.1089,53.3202,26.2635
2008-01-07,26.5508,32.9357,43.938,84.77,31.0684,55.7382,56.1121,51.6097,41.3416,60.9622,15.053,100.3166,62.0973,53.552,26.5079
2008-01-08,26.7921,32.6803,43.6915,86.78,30.8889,55.8582,54.3802,51.5127,40.2688,61.0509,15.59,98.6967,62.1437,53.4899,25.5902
2008-01-09,26.5258,33.7516,44.0068,86.55,30.5517,55.7697,54.9316,51.4061,41.1271,61.0213,15.52,99.734,62.0973,53.5917,26.0421
2008-01-10,26.4009,34.1494,43.961,88.25,30.7786,55.6181,55.6849,51.2558,41.1871,61.0213,16.061,100.3877,61.8185,52.8677,26.4433
2008-01-11,26.6423,33.1888,43.0839,88.58,30.8448,55.972,54.5355,51.6291,40.3804,61.1912,16.077,99.5777,62.2773,53.2806,26.448
2008-01-14,26.9752,33.677,43.7718,89.54,30.7376,55.9972,54.986,51.4158,41.0842,61.2133,16.28,100.3806,62.5385,53.4785,26.3373
2008-01-15,26.6423,32.1537,42.3502,87.99,30.8164,56.3638,53.9763,51.6921,39.9513,61.265,15.834,98.1709,62.8579,54.0781,25.8023
2008-01-16,26.3926,30.8158,41.4961,86.7,30.7818,56.2563,54.0307,51.6145,39.5221,61.3167,15.654,97.3254,62.4863,53.6878,26.0975
2008-01-17,26.0514,29.9185,40.8712,86.5,30.5644,56.7114,52.7182,51.8569,38.9729,61.4201,15.717,94.8031,62.9391,54.3835,25.7424
2008-01-18,26.1512,30.6011,41.1063,87.42,30.8038,56.6292,52.2056,51.7696,38.9214,61.4718,16.03,93.8297,62.9973,54.0102,25.4011
2008-01-22,26.0597,29.8327,39.9598,88.17,30.5896,57.2612,51.8328,51.8811,37.9172,61.7303,15.902,92.8777,63.4733,54.5872,26.0099
2008-01-23,25.5686,30.0225,39.7248,87.89,30.6494,56.9957,53.6035,51.949,37.7713,61.7008,15.9,95.1086,63.3224,54.4627,28.4771
2008-01-24,26.2012,30.6056,41.1177,90.08,31.0338,56.4775,53.5647,51.5079,38.5438,61.5087,16.3,95.9115,62.8927,53.3711,27.8084
2008-01-25,26.7838,30.14,40.5216,90.3,31.0811,57.0021,53.1764,52.0653,37.7542,61.6712,16.298,94.526,63.4037,54.2704,27.647
2008-01-28,26.9087,30.8858,40.9744,91.75,30.9393,56.7935,54.3025,52.0508,38.046,61.6417,16.55,96.0891,63.3282,54.0668,28.5832
2008-01-29,27.1334,30.7344,41.2209,91.15,30.9708,56.566,54.4423,51.9635,38.1146,61.6048,16.534,96.5652,63.3049,53.6992,28.3249
2008-01-30,26.9003,30.3299,41.0317,92.06,31.0905,56.5407,53.7589,51.9538,38.0803,61.6491,16.675,95.8547,63.3166,53.3485,27.5686
2008-01-31,27.0335,30.9378,41.4674,91.4,31.1535,56.8315,55.0947,52.1235,38.7326,61.7082,16.818,97.6025,63.6243,53.7274,28.122
2008-02-01,26.5591,31.5548,42.161,89.35,31.1707,57.0159,56.3917,52.3446,39.1274,61.7756,16.619,99.1728,63.6599,54.0504,29.298
2008-02-04,27.0252,31.652,41.7311,89.1,31.177,56.6989,55.7548,52.2034,38.5781,61.783,16.515,97.9222,63.2922,53.4941,28.9936
2008-02-05,26.8005,29.9479,39.8165,87.68,30.9264,57.0983,54.3258,52.3835,37.4795,61.9237,16.167,95.3005,63.5957,53.9028,27.9698
2008-02-06,26.6756,29.4575,39.7821,88.95,30.863,56.9969,53.6035,52.1011,36.7414,61.9459,16.375,94.5331,63.5198,53.7382,27.5133
2008-02-07,27.0002,29.957,39.5815,89.85,30.7329,56.3566,54.4501,51.5021,36.9989,61.8644,16.67,95.1584,62.7611,52.5803,28.1635
2008-02-08,27.8075,29.9005,39.1745,91.0,30.5014,56.832,54.1084,51.6969,37.4194,61.9755,17.026,94.5473,63.3914,53.182,27.2642
2008-02-11,27.9907,30.2711,39.3808,91.33,30.2603,56.9589,54.1317,51.8528,37.8228,61.9977,17.4,95.0305,63.5549,53.4033,26.7108
2008-02-12,27.4247,30.7593,40.2292,89.33,30.3745,56.8384,54.5588,51.7797,37.6083,62.0199,17.033,95.9115,63.4381,53.0855,27.4718
2008-02-13,27.6494,31.4509,40.5044,89.44,30.2952,56.5975,55.7937,51.2586,38.4322,62.0421,17.132,96.892,62.8604,52.5235,27.6885
2008-02-14,28.2071,31.0463,40.3209,89.71,30.4443,56.2869,54.5044,51.1466,37.737,61.9977,17.087,96.0394,62.4402,51.7517,27.172
2008-02-15,28.0739,31.2678,40.47,89.15,30.3682,56.4073,54.2637,51.3122,37.6083,61.9311,16.952,96.0181,62.7553,52.1489,27.3934
2008-02-19,28.9894,31.6769,40.8655,91.58,30.2127,56.0016,54.9316,50.8057,37.5396,61.8866,17.378,96.2881,62.3935,51.6211,27.3242
2008-02-20,29.1392,31.9413,40.6534,93.24,30.292,55.9509,54.9627,50.9177,37.7113,61.8126,17.7,96.5723,62.6036,51.9787,27.4948
2008-02-21,28.9811,31.4938,40.5789,93.25,30.3967,56.5278,53.9142,51.2684,37.3508,61.9829,17.696,95.7694,62.9946,52.5292,26.7477
2008-02-22,29.3806,31.9164,41.0948,93.39,30.4506,56.3693,53.9142,51.0688,37.4881,61.9162,17.916,96.3591,62.8195,52.2284,27.504
2008-02-25,29.6636,32.5108,41.7483,92.74,30.5426,55.9953,54.9627,50.7424,37.6769,61.82,17.99,97.5741,62.5044,51.6949,28.3434
2008-02-26,30.2962,32.9402,42.3674,93.71,30.7393,56.1347,55.4752,51.1077,37.8228,61.9089,18.6,98.306,62.9187,51.7119,28.3388
2008-02-27,30.2545,33.2182,42.5049,94.78,30.7329,56.2679,55.452,51.059,38.0116,61.9829,19.133,98.2065,63.0238,51.7574,28.205
2008-02-28,30.5459,32.8611,42.098,95.99,30.6885,56.9272,54.6132,51.4291,37.8657,62.131,19.666,97.2473,63.8583,52.6768,27.6239
2008-02-29,30.0465,31.5548,41.0432,96.18,30.5711,57.5358,53.4793,51.7553,36.8616,62.3458,19.668,95.0802,64.5295,53.4828,27.2273
2008-03-03,30.4876,31.7266,41.1636,97.24,30.5794,57.3895,52.9667,51.7544,36.6213,62.348,20.163,94.8528,64.5037,53.3449,27.4164
2008-03-04,30.3794,30.9898,40.5388,95.18,30.5444,57.1733,52.656,51.4512,36.8273,62.3331,19.62,94.4905,64.3571,52.8265,27.1582
2008-03-05,31.0452,31.6407,41.026,97.72,30.6305,56.9253,53.1609,51.0893,37.0075,62.2961,20.621,95.0873,64.3161,52.1941,27.5317
2008-03-06,31.2783,30.5559,40.4413,96.5,30.5507,57.3831,51.3901,51.0208,36.1922,62.4815,20.075,93.1192,64.662,52.4733,26.2773
2008-03-07,30.962,30.1332,39.9655,96.09,30.4869,57.5802,51.227,50.9132,36.1063,62.4519,20.04,92.16,64.9024,52.5417,26.7062
2008-03-10,31.5446,29.6044,39.7649,95.87,30.4166,57.9936,50.0931,50.9034,35.4112,62.5186,19.475,90.945,65.3891,53.3164,26.3281
2008-03-11,32.0357,31.5955,41.0203,95.99,30.4933,57.3641,52.2677,50.3215,36.7586,62.207,19.52,94.2134,64.7558,52.8607,28.039
2008-03-12,32.3853,31.0102,41.0203,97.01,30.4869,58.0253,51.662,50.9279,36.6556,62.4073,19.97,93.3323,65.3773,53.8804,27.4487
2008-03-13,32.4186,30.7276,41.0891,98.34,30.273,57.7201,52.6949,50.3753,36.9389,62.3777,20.406,93.5384,64.9552,53.4588,27.7715
2008-03-14,32.3769,29.6383,40.0974,98.71,30.091,58.3179,51.3668,50.3459,36.2608,62.5632,20.421,92.089,65.1017,54.1197,27.2089
2008-03-17,31.0785,28.9061,39.4898,99.17,29.9506,58.6104,50.5281,50.7568,35.6,62.7041,19.98,91.1582,64.404,54.5356,27.3749
2008-03-18,31.7694,30.409,40.6993,96.5,30.3911,58.2098,52.8502,50.6638,37.1877,62.4815,19.379,94.9452,64.3336,54.3248,28.5786
2008-03-19,30.396,28.5829,39.2261,93.04,30.423,58.7121,51.5299,50.8838,36.2694,62.5483,18.251,92.5934,64.6034,55.2249,28.3618
2008-03-20,29.1725,29.0643,39.8165,89.91,30.5667,58.8393,52.4075,51.1529,37.0107,62.4741,16.701,94.3085,64.7441,55.3616,29.3072
2008-03-24,29.7052,30.1784,40.5445,90.1,30.7997,57.8028,54.4456,51.0551,38.2904,62.2145,16.787,96.1935,63.6007,54.2906,29.9667
2008-03-25,30.0049,30.6418,41.1349,92.73,30.8795,58.0063,54.6245,51.2849,38.5051,62.259,17.775,96.2864,63.4952,54.5185,30.0434
2008-03-26,30.9037,30.3932,41.1349,93.8,30.8061,58.0508,54.1734,51.3485,38.3935,62.3925,18.225,95.1082,63.6828,54.2906,29.4671
2008-03-27,31.245,30.2462,41.1005,93.46,30.7071,57.9745,53.6755,51.0355,37.5432,62.4593,18.32,94.8084,63.8118,53.9089,29.2255
2008-03-28,30.5042,30.192,41.0661,91.88,30.7231,58.2034,53.0454,51.3093,37.3542,62.4889,17.75,93.9015,64.2867,54.433,28.8816
2008-03-31,29.7718,30.3706,41.2152,90.41,30.8604,58.3052,53.1232,51.4463,37.5518,62.5038,17.041,94.23,64.4392,54.6267,28.9931
2008-04-01,29.6053,31.5367,42.5164,86.86,30.996,57.7954,55.068,51.3642,39.1579,62.2778,16.6,97.5431,63.8802,53.7377,30.6428
2008-04-02,30.4876,31.5593,42.6081,89.27,31.0121,57.6039,55.2002,51.4526,39.072,62.2257,17.246,97.6073,63.8802,53.8521,30.4941
2008-04-03,30.6541,31.9436,42.7342,89.42,30.9574,57.6039,55.3714,51.4772,39.1579,62.1811,17.23,97.8501,64.2312,53.9722,31.1912
2008-04-04,30.8705,31.8147,42.8775,90.25,31.0763,58.0442,55.3558,52.1014,39.3898,62.2926,17.615,97.743,64.5991,54.4642,30.6986
2008-04-07,31.2034,32.2374,43.1412,91.17,31.3238,57.6614,55.2624,52.1603,39.304,62.1737,17.95,97.793,64.4508,54.1782,30.4151
2008-04-08,31.3282,32.0611,42.6884,90.35,31.4298,57.6677,55.208,51.9736,39.0033,62.2108,17.507,97.693,64.3381,53.9894,30.3733
2008-04-09,31.8526,31.5616,42.3387,92.29,31.1567,58.0123,54.3056,51.8212,38.5653,62.3299,18.015,96.9861,64.7652,54.5501,29.6112
2008-04-10,31.7111,32.0136,42.2069,91.77,31.2692,57.7826,54.8813,51.8703,39.115,62.3075,17.812,97.1218,64.4864,54.367,29.8993
2008-04-11,31.5862,31.4915,41.6394,91.3,31.0185,58.0314,53.4732,51.9195,38.0327,62.4116,17.578,95.2368,64.9669,54.7331,29.5322
2008-04-14,31.8026,31.417,41.7311,91.11,31.1278,57.8847,53.3099,51.6001,37.861,62.3744,17.515,94.9154,64.7652,54.4127,29.3602
2008-04-15,32.1855,31.7853,42.0234,91.66,31.1245,57.6231,53.6522,51.492,37.9125,62.2926,17.682,95.1368,64.5279,53.7377,29.6576
2008-04-16,32.4935,32.7255,43.3476,93.27,31.2595,57.2339,55.3869,51.1971,38.969,62.1588,18.154,97.7144,64.1304,53.2113,30.8612
2008-04-17,32.3437,32.4882,42.8661,92.56,31.2916,57.0999,55.1691,51.3298,38.8831,62.0473,18.01,97.8572,63.8635,53.1198,30.9728
2008-04-18,32.3603,32.9786,43.1699,90.62,31.5037,57.0424,55.7525,51.5559,40.1199,62.0101,17.671,98.8783,63.8041,53.074,30.7962
2008-04-21,32.4019,33.1459,43.5081,90.25,31.4523,57.0489,55.7603,51.3888,40.4033,61.9506,17.267,98.9283,63.8279,53.2856,30.5685
2008-04-22,32.6017,32.8385,43.0552,90.27,31.4941,57.0935,54.7412,51.2758,39.8021,61.9729,17.477,98.4927,63.9881,53.4687,30.4941
2008-04-23,32.2937,33.3109,43.2788,89.22,31.6227,57.0361,54.8813,51.433,40.2402,61.9729,17.001,98.3356,63.7923,53.2914,30.8752
2008-04-24,31.7527,32.8837,42.9979,87.22,31.6323,56.5895,55.4102,51.3642,40.6009,61.8019,16.552,98.7641,63.2169,52.8394,31.4886
2008-04-25,32.3353,33.1255,43.3533,87.27,31.7834,56.5128,55.9314,51.3888,40.4978,61.8094,16.685,99.678,63.128,52.5305,31.6652
2008-04-28,32.4102,33.0623,43.6055,87.69,31.9697,56.615,56.3048,51.6345,40.5751,61.8763,16.84,99.6994,63.2347,52.6907,31.6234
2008-04-29,31.6279,32.4769,43.2215,85.81,31.8765,56.717,55.807,51.7967,40.8844,61.8614,16.382,99.3067,63.2407,52.8909,31.2795
2008-04-30,31.5696,33.1459,43.4565,86.65,31.9087,56.8956,55.5425,52.0866,40.5494,61.9804,16.72,98.7212,63.5372,53.2685,30.8426
2008-05-01,30.8372,33.4985,43.7202,83.99,32.5868,56.8893,56.4993,52.3941,41.8292,61.8701,15.994,100.7633,63.4919,53.2719,31.5072
2008-05-02,31.6195,33.8194,43.8406,84.58,32.2571,56.4284,56.4371,52.0881,41.8893,61.7882,16.257,101.0418,63.3312,52.6002,31.4793
2008-05-05,32.2771,33.7945,43.9151,86.27,32.2054,56.5117,56.2193,52.1621,41.769,61.8552,16.574,100.5563,63.48,52.6002,31.391
2008-05-06,32.7015,34.172,44.2418,86.63,31.9759,56.3325,56.6782,51.8266,42.0267,61.8925,16.73,101.4274,63.4324,52.2212,31.6094
2008-05-07,32.7598,33.1549,43.468,85.82,31.9985,56.5565,55.6669,51.9647,41.2623,61.967,16.503,99.6209,63.5873,52.4452,30.7497
2008-05-08,33.2925,33.4962,43.8463,87.24,31.9307,56.9213,55.7836,52.1967,41.5715,62.0191,16.7,99.3638,64.0578,52.916,30.5638
2008-05-09,33.8085,33.2227,43.4966,87.42,31.9985,56.9853,55.6203,52.1967,41.4083,62.0414,16.665,99.1782,64.2306,53.1112,30.3965
2008-05-12,33.2342,33.6499,43.9323,86.99,31.9565,56.8893,56.8416,52.1473,42.1641,61.9223,16.997,100.2921,64.1294,53.0309,31.1261
2008-05-13,33.4173,33.8104,43.7832,85.39,31.9468,56.4157,57.1683,51.8512,42.2758,61.818,16.554,100.3064,63.6469,52.4509,31.2516
2008-05-14,32.8763,33.8917,43.7832,85.2,31.9016,56.3965,57.0983,51.8808,42.1813,61.7733,16.366,100.5134,63.7064,52.4739,31.4468
2008-05-15,33.2509,34.6127,44.5284,87.0,31.9856,56.71,57.215,52.2263,42.92,61.8254,16.555,101.7701,64.1651,52.9504,31.8278
2008-05-16,33.7336,35.0534,45.01,89.1,32.0308,56.6141,57.5261,52.1572,42.9543,61.8403,16.75,101.8629,64.1651,52.7322,31.6605
2008-05-19,33.7835,35.0602,44.8265,89.39,32.1569,56.7421,57.5417,52.1671,42.6451,61.9074,16.819,102.1414,64.3676,52.8012,31.7117
2008-05-20,34.2496,34.4522,44.4138,90.9,32.0955,56.9149,57.3316,52.1868,42.3187,61.9968,17.5,101.3131,64.7548,53.0767,31.2841
2008-05-21,35.2484,34.1019,43.9094,91.96,32.0373,56.7805,56.5149,51.9597,41.3825,61.9297,17.86,99.5994,64.8263,53.0882,30.5313
2008-05-22,34.7407,34.2013,44.4195,90.98,31.9888,56.4092,56.9194,51.3872,41.5285,61.7583,17.78,99.6137,64.3736,52.4624,30.2711
2008-05-23,34.8073,33.6047,43.9151,91.23,31.7981,56.6589,56.1726,51.6242,41.3997,61.8776,18.021,98.2785,64.6237,52.692,30.127
2008-05-27,34.2496,33.5504,43.8291,89.36,31.6204,56.3836,57.0361,51.3132,42.1298,61.8105,17.256,99.0068,64.177,52.3361,30.5406
2008-05-28,34.466,34.0024,43.8234,89.14,31.7755,55.9612,57.3006,50.9825,42.3016,61.6988,17.265,99.4638,63.5992,51.871,30.5917
2008-05-29,33.5255,34.077,43.7259,86.51,31.7432,55.6987,57.884,50.7357,42.6795,61.6764,16.478,99.9636,63.355,51.4978,30.9216
2008-05-30,33.7503,34.1946,43.9724,87.45,31.7464,55.8844,58.0862,50.938,42.9543,61.7659,16.673,100.2135,63.6051,51.8365,30.7776
2008-06-02,34.1997,33.7878,43.5138,87.96,31.4842,56.2165,57.5573,51.1131,42.4304,61.8876,16.642,99.1782,63.8189,52.0365,30.2618
2008-06-03,33.3924,33.1775,43.4221,86.88,31.507,56.5119,57.4406,51.3114,42.1985,61.9772,16.587,98.5998,63.8189,52.4111,30.4616
2008-06-04,32.893,32.8883,43.1699,86.65,31.4745,56.3064,57.7984,51.1528,42.7396,61.9548,16.641,98.5498,63.4887,51.9443,30.6196
2008-06-05,34.1414,33.9347,43.8864,86.45,31.6111,56.011,59.2764,50.88,43.4182,61.8726,16.972,100.5205,63.2906,51.6331,31.3213
2008-06-06,35.0154,32.7052,42.6253,89.06,31.5232,56.4991,57.5028,51.1329,42.1126,61.9548,17.4,97.3146,64.065,52.3016,30.0108
2008-06-09,35.3733,32.6216,42.568,87.99,31.6241,56.0944,57.3161,51.0883,41.8893,61.641,16.944,97.5502,63.7288,52.3016,29.416
2008-06-10,35.2318,31.869,41.8457,85.55,31.6371,55.7604,56.896,50.7957,41.6917,61.4991,16.44,97.0647,63.3866,51.9616,29.4299
2008-06-11,36.5302,31.3921,41.3126,87.02,31.6306,55.8182,55.9081,50.7759,40.6868,61.6037,16.7,95.6366,63.5067,51.8406,28.9838
2008-06-12,36.5219,31.5752,41.1693,85.6,31.5786,55.3301,56.0248,50.3445,40.7298,61.305,16.35,96.0008,62.9124,51.322,29.2812
2008-06-13,36.2888,31.9164,41.5476,85.83,31.7185,55.2016,57.0361,50.0817,41.5457,61.3721,16.331,97.2146,62.9064,51.2124,29.7692
2008-06-16,36.2555,32.0249,41.7598,87.01,31.2793,55.208,57.3939,50.2602,41.9151,61.4095,16.95,97.2717,63.0625,51.224,30.1642
2008-06-17,36.6217,32.1605,41.8859,87.25,31.3346,55.3943,57.3472,50.4239,41.6917,61.529,16.902,96.8005,63.2426,51.3277,29.3091
2008-06-18,37.1211,32.0046,41.5419,88.28,31.4029,55.6962,56.8883,50.6767,41.2451,61.5888,17.189,95.858,63.5847,51.7598,28.8769
2008-06-19,36.2555,32.0543,41.4617,88.42,31.2044,55.375,57.3628,50.4139,41.8893,61.4692,17.153,95.9794,63.1886,51.4544,29.5461
2008-06-20,36.5052,31.0079,40.556,88.95,31.0808,55.632,56.4526,50.4437,40.7582,61.5813,17.196,94.4215,63.3926,51.7541,28.8816
2008-06-23,36.7632,31.0983,40.5502,87.09,30.967,55.6063,55.9237,50.4239,40.4401,61.514,16.63,94.3282,63.3926,51.8636,28.1659
2008-06-24,36.7715,30.9604,40.3668,87.47,30.8368,55.9018,54.9979,50.3941,40.2339,61.6262,16.492,94.1416,63.7769,52.2094,28.1838
2008-06-25,36.6301,31.5804,40.7978,87.42,30.9409,55.8953,55.6203,50.4338,40.8871,61.671,16.626,94.5865,63.8249,52.2324,28.6453
2008-06-26,37.8452,30.4968,39.764,90.61,30.6969,56.21,54.1889,50.4734,39.2368,61.8502,17.025,92.0175,64.3771,52.5839,27.6894
2008-06-27,37.9451,30.7917,39.8692,91.47,30.6124,56.4863,54.2434,50.4239,39.2368,61.8801,17.33,91.5151,64.6833,53.2006,27.4728
2008-06-30,37.2709,31.0249,40.1086,91.4,30.5799,56.5248,53.7144,50.28,38.8243,61.9174,17.263,91.8381,64.7434,53.2121,27.5104
2008-07-01,37.9285,30.4717,39.6764,92.66,30.5474,56.3714,53.7533,50.2571,39.3743,61.9017,17.9,92.1251,64.7597,53.086,27.4869
2008-07-02,38.6526,29.603,39.0456,93.17,30.5245,56.5068,52.2283,50.2223,38.4289,61.9092,18.215,90.5464,65.1646,53.3636,27.1478
2008-07-03,38.6359,29.5184,39.2968,92.06,30.5114,56.5261,51.9473,50.1575,38.3601,62.0141,18.001,90.6397,65.3339,53.2479,26.87
2008-07-07,38.1116,29.4133,38.958,91.23,30.5376,56.7904,51.2914,50.3916,38.5922,62.0515,17.6,89.714,65.3036,53.4908,26.2672
2008-07-08,36.7299,29.7745,39.1624,90.86,30.4557,56.9321,53.1497,50.6655,39.5119,62.059,17.664,91.3071,65.2552,53.8378,28.2262
2008-07-09,36.705,29.1733,38.6543,91.5,30.3508,57.2028,51.7286,50.7004,38.4633,62.1638,17.95,89.5489,65.636,54.0749,26.3002
2008-07-10,37.7037,29.7013,38.9872,93.53,30.3902,57.2221,52.2362,50.4115,38.9188,62.089,18.12,89.915,65.63,54.0691,26.8088
2008-07-11,38.2281,29.5024,38.3739,95.16,30.3508,56.6872,52.5251,50.0231,38.3,61.9617,18.639,88.8672,65.0377,53.3,26.6769
2008-07-14,38.2447,29.4659,38.2922,95.91,30.2788,56.9901,51.6584,50.048,38.0163,62.1039,18.935,88.0636,65.5212,53.7684,25.7492
2008-07-15,37.0296,28.9744,37.6789,96.17,29.8103,57.1964,51.4398,50.038,38.0249,62.1938,18.7,86.8221,65.4788,53.7511,25.4997
2008-07-16,36.4636,29.8111,38.3739,94.44,29.9086,56.6743,53.3293,49.6446,38.9704,62.1339,18.545,88.9534,65.1465,52.7795,27.3597
2008-07-17,35.6063,29.9505,38.958,94.22,29.9971,56.4036,53.4074,49.4753,39.2282,62.044,18.32,89.8432,64.7234,52.5077,27.6894
2008-07-18,34.9987,29.6922,39.2092,94.17,30.4786,56.2103,53.7822,49.3856,38.3257,61.9317,17.968,90.4029,64.4273,52.311,27.7365
2008-07-21,35.4232,30.0602,39.437,95.12,30.6293,56.3392,54.4381,49.4404,38.4891,61.9617,18.228,90.4531,64.4394,52.5135,27.9437
2008-07-22,34.6492,30.0785,39.5713,93.06,30.7341,56.1459,55.8045,49.7592,38.4891,61.9092,17.759,91.4793,64.1311,52.2532,28.6924
2008-07-23,33.8668,30.1219,39.7173,90.57,30.6522,56.0556,56.1637,49.5848,38.9962,61.8793,17.19,91.9744,63.696,52.1491,29.5024
2008-07-24,33.8918,29.0087,38.9931,91.33,30.7243,56.539,54.7426,50.0231,38.4117,62.0515,17.26,90.0656,64.1492,52.658,27.5481
2008-07-25,33.4673,29.2076,39.0748,91.69,30.7898,56.2103,55.1876,49.7592,38.9102,61.9691,17.25,90.0441,63.708,52.1317,28.0002
2008-07-28,33.6337,28.7138,38.4207,91.73,30.685,56.5325,54.2507,50.048,38.1796,62.0965,17.36,88.7237,64.252,52.658,27.5434
2008-07-29,33.2509,30.3048,38.8003,90.59,30.6916,56.3714,55.5781,49.9235,38.9704,62.044,17.19,90.6182,63.8168,52.444,28.8243
2008-07-30,33.9084,29.9894,39.1624,89.52,30.6981,56.4809,55.9138,50.1625,39.1681,62.059,17.36,92.2328,64.0827,52.4961,28.7254
2008-07-31,33.6254,29.3173,38.7769,90.08,30.7604,56.9321,55.6874,50.4762,39.0735,62.1863,17.53,91.0129,64.3487,53.0166,28.3675
2008-08-01,33.2509,29.1184,38.1987,89.57,30.6228,56.9605,55.7577,50.2941,38.575,62.1984,17.28,90.5321,64.6011,53.1339,28.391
2008-08-04,32.1522,28.2269,37.8366,88.14,30.4116,56.9217,55.2423,50.2991,38.1882,62.1908,16.74,89.6925,64.4182,53.012,27.9766
2008-08-05,31.9275,28.5904,38.7945,86.08,30.626,56.6307,56.1871,50.079,39.4775,62.1608,16.22,92.1108,64.0706,52.6172,29.2339
2008-08-06,31.5862,29.1596,38.8062,86.64,30.4215,56.6501,56.4682,50.1541,40.0791,62.1683,16.37,92.5198,63.9061,52.4025,29.0927
2008-08-07,31.761,28.1583,38.0293,86.09,30.3852,57.1804,55.6249,50.5693,39.7697,62.3035,16.07,91.142,64.5645,53.2557,28.3251
2008-08-08,30.8705,28.2269,38.187,84.43,30.438,57.1545,57.0928,50.6193,40.6722,62.2509,15.19,92.8356,64.4792,53.4009,29.1492
2008-08-11,30.8372,27.932,38.152,81.13,30.3523,56.8764,58.4592,50.3892,41.0418,62.1683,14.4,93.7972,63.8999,52.8901,30.091
2008-08-12,30.5708,27.6988,37.8775,80.52,30.471,57.271,58.022,50.6944,41.0848,62.281,14.4,92.8212,64.1987,53.3835,29.4176
2008-08-13,31.5946,27.692,37.2817,81.56,30.5172,57.1481,58.2328,50.4292,40.9988,62.2735,14.79,92.2615,64.1926,53.1977,28.9891
2008-08-14,31.3199,28.0555,37.1357,79.35,30.5172,57.3227,58.795,50.5743,41.4715,62.2961,14.06,92.9575,64.5218,53.5401,29.4553
2008-08-15,30.8954,27.6165,36.8904,77.63,30.5865,57.5361,58.6388,50.6893,41.3942,62.3411,12.7,93.4097,64.6804,54.0046,29.4129
2008-08-18,31.0702,27.1502,36.7035,78.8,30.5172,57.6784,57.8814,50.7094,40.9129,62.3937,12.93,92.1323,64.7414,54.2193,29.0079
2008-08-19,31.553,26.9239,36.2888,80.43,30.5766,57.5943,56.921,50.6293,40.4058,62.4388,13.09,91.1277,64.6743,54.0103,28.2921
2008-08-20,31.8026,27.6097,36.5049,80.06,30.57,57.7624,56.9991,50.6344,40.4745,62.5215,13.18,91.5511,64.9426,54.1612,28.3345
2008-08-21,33.1676,27.5685,36.6509,82.3,30.5271,57.6396,56.3433,50.3342,40.2854,62.4688,13.69,91.7089,65.0523,54.0626,27.8306
2008-08-22,32.044,27.548,36.8203,81.08,30.3523,57.4715,57.5301,50.3542,40.8183,62.3561,13.26,93.0365,64.8023,54.0277,28.7772
2008-08-25,31.8609,26.9788,36.242,80.93,30.5172,57.853,56.2652,50.6793,39.9588,62.4613,13.33,91.1492,65.0462,54.5675,27.906
2008-08-26,31.8776,27.0268,36.4231,81.23,30.3523,57.8724,56.351,50.7394,39.9072,62.4388,13.45,91.4147,65.0706,54.614,28.2356
2008-08-27,32.1772,27.6028,36.7677,81.36,30.3852,57.9564,57.0226,50.6594,40.1651,62.4764,13.35,92.3045,65.2413,54.7069,28.5182
2008-08-28,31.5446,27.7949,37.2408,82.18,30.4281,57.8724,58.1781,50.6494,40.4917,62.4463,13.55,93.424,65.0401,54.7126,29.2434
2008-08-29,31.4281,27.4657,37.1298,81.71,30.4842,57.8012,57.6784,50.5493,39.6408,62.4764,13.37,92.4193,64.8511,54.4689,29.0409
2008-09-02,30.6124,26.6359,36.5574,79.2,30.4908,58.1159,57.6628,50.7488,39.1509,62.5554,12.94,91.8453,64.8173,54.9757,29.2292
2008-09-03,30.4377,26.197,36.4056,78.89,30.5905,58.2587,57.897,50.8493,38.7813,62.5781,12.75,91.7663,64.7067,55.2087,29.6907
2008-09-04,30.0049,24.99,34.8461,78.39,30.7233,58.5507,56.0778,50.8644,37.5264,62.6158,12.63,89.0036,64.6084,55.6515,28.8572
2008-09-05,29.7052,25.3466,34.7176,78.98,30.6968,58.4208,55.9372,50.8141,37.3459,62.5932,12.03,89.2835,64.6268,55.6223,28.8619
2008-09-08,29.6386,25.6621,35.4944,78.86,30.6603,58.4274,56.5931,50.8996,37.2771,62.563,11.95,91.1277,64.8787,55.8554,30.1098
2008-09-09,28.5566,24.2219,34.3438,76.49,30.7267,58.6934,55.2892,51.0755,36.4864,62.661,11.18,88.4223,64.9893,56.4088,28.9844
2008-09-10,28.5982,24.6128,34.6767,74.22,30.5573,58.5442,55.8045,51.0554,36.7872,62.676,10.6,88.7811,64.9586,56.0592,29.0362
2008-09-11,28.3569,24.2493,34.6008,73.08,30.5573,58.4404,56.1558,50.6584,37.4748,62.6535,10.32,90.0656,65.0078,56.0301,29.4788
2008-09-12,28.5483,25.0586,35.2783,75.55,30.5573,58.1484,56.4135,50.2713,37.3287,62.661,10.75,90.4818,64.5469,55.3078,29.3846
2008-09-15,27.4247,23.0904,33.7772,77.56,29.4346,59.2644,53.8837,49.8994,36.1684,63.1055,10.95,86.1763,64.9279,57.102,27.6894
2008-09-16,26.867,23.2892,33.5261,76.79,28.7571,59.0957,55.4375,46.7333,36.452,62.9925,10.4,87.6186,64.2827,57.0904,29.055
2008-09-17,27.6744,21.6365,32.2469,85.46,27.0299,59.6277,52.9389,44.5924,34.5611,63.2939,11.9,83.679,64.5162,57.3758,27.3833
2008-09-18,27.7243,23.4607,33.713,82.8,29.1623,58.927,56.0621,45.2005,35.73,63.0905,11.89,86.1619,63.6621,56.537,29.7096
2008-09-19,28.6399,26.3821,36.1019,85.98,29.5343,57.8759,58.5607,46.6127,36.898,62.7363,12.46,89.5837,63.9878,54.7427,30.5949
2008-09-22,29.6303,24.6608,34.8695,89.18,29.5077,57.7526,56.1793,46.8892,35.1606,62.7815,13.35,87.5556,64.209,54.7368,28.0237
2008-09-23,29.339,23.8927,34.3788,88.32,29.2187,57.7526,55.4297,46.4066,34.894,62.8267,13.18,85.5636,63.5516,54.5271,28.2121
2008-09-24,29.0976,24.167,34.4781,86.71,29.4811,57.9018,54.7255,46.286,35.1348,62.9624,13.09,85.8378,63.2382,54.766,28.0174
2008-09-25,29.6053,25.4083,35.2725,86.45,28.7305,57.7266,55.0072,46.4871,35.6939,62.8493,13.03,87.1803,63.2136,54.6553,28.3657
2008-09-26,29.2558,24.5442,34.8987,86.64,28.6308,57.6877,55.2654,45.2307,35.3327,62.8493,13.15,87.2236,63.0785,55.0514,29.2435
2008-09-29,27.4413,21.6776,31.0029,89.57,26.3125,58.4922,50.8992,41.1096,32.5287,63.211,12.95,80.3886,63.3304,56.6534,27.0585
2008-09-30,28.2071,23.4333,32.8836,85.07,27.2358,57.7201,53.2075,45.1251,33.4662,62.9624,11.85,83.7159,62.2428,55.2728,29.0049
2008-10-01,27.5495,23.7144,32.6383,85.97,28.4216,58.1271,52.4407,45.5416,33.1136,63.1589,12.33,83.7664,63.0665,55.9682,28.3037
2008-10-02,26.0264,21.6365,31.2131,82.33,27.6813,58.4526,49.749,44.8803,31.6085,63.295,10.8,80.7279,62.9364,56.4181,26.4766
2008-10-03,25.4188,21.0673,31.0905,82.59,27.5808,58.674,49.0605,44.8601,31.1182,63.4689,10.99,79.638,63.0851,56.9148,25.3316
2008-10-06,24.3368,19.4831,29.3324,84.28,26.5793,59.1493,46.7287,44.3401,29.9829,63.5975,10.75,75.5817,63.0356,57.949,24.5731
2008-10-07,24.6364,17.9676,27.9598,87.27,26.1304,59.1037,43.6614,45.1681,28.0821,63.6126,11.38,72.1967,62.4967,57.7738,22.4645
2008-10-08,24.9943,17.9676,27.3349,89.42,25.0385,58.3484,42.6129,44.845,27.8584,63.3404,11.51,70.3779,60.6512,56.944,22.1544
2008-10-09,23.8291,16.644,25.6994,89.9,24.4556,57.7625,39.1153,43.6485,27.1102,63.3782,11.95,65.4628,60.2857,56.4648,20.3989
2008-10-10,22.7721,16.836,24.7415,83.22,22.8244,57.0854,41.0402,41.2454,26.9381,63.4765,9.8,63.875,59.0718,56.0675,22.35
2008-10-13,24.0372,20.6695,28.6724,81.99,25.6247,56.6947,44.5848,43.5172,30.2151,63.1968,10.59,73.1494,58.2172,55.3487,23.7717
2008-10-14,23.5961,19.6409,28.0825,82.2,25.7921,56.4278,43.3328,42.8357,28.9077,63.2118,10.86,72.0668,59.5487,54.9923,22.1544
2008-10-15,22.5224,16.4657,25.0862,83.31,24.6667,56.89,39.444,42.8357,26.3189,63.4235,10.27,64.972,59.7531,55.5182,19.3112
2008-10-16,22.0979,17.2749,26.5639,79.29,23.7321,56.903,42.0261,43.285,27.7466,63.3858,9.6,67.6786,59.3691,55.2319,20.4323
2008-10-17,22.3476,16.7331,25.9973,77.21,23.4474,57.2611,40.8446,42.9164,27.781,63.4311,9.23,67.2744,59.1276,54.8521,20.2128
2008-10-20,22.797,17.9058,27.6561,78.5,23.9163,57.3198,42.7929,44.224,28.5551,63.3858,9.77,71.3162,59.9389,55.2903,20.3607
2008-10-21,21.9814,16.4794,26.0966,76.03,23.779,57.9253,41.6114,44.6632,27.0757,63.5143,9.98,69.187,60.0317,55.5825,19.6642
2008-10-22,20.941,14.7444,24.1925,71.71,23.5814,58.368,39.5066,44.1483,26.3275,63.605,9.45,65.4195,60.4777,56.7103,18.276
2008-10-23,21.0242,15.1558,24.724,70.65,23.98,58.4461,38.3329,44.4259,26.2243,63.5671,9.38,66.1773,59.8646,57.1309,17.7989
2008-10-24,20.1836,13.5923,23.1236,72.21,23.3804,58.1987,36.9088,44.6026,25.3814,63.6201,9.13,62.8212,58.4339,56.5233,16.7876
2008-10-27,20.0338,13.2356,21.9088,72.18,22.1913,58.1661,35.1013,44.3149,24.6761,63.4614,8.85,60.591,57.8146,56.5642,15.8335
2008-10-28,20.5831,16.0062,24.9285,73.79,22.4425,57.6974,37.9104,44.0221,27.4026,63.537,9.05,67.6714,57.4678,55.7403,18.3094
2008-10-29,21.7983,15.4987,24.9869,74.0,23.4641,57.782,38.106,44.7642,27.3338,63.5748,9.67,67.1806,57.8455,55.4598,17.6606
2008-10-30,20.8994,17.5904,25.863,72.71,24.1073,57.3393,40.2421,44.431,28.2455,63.6277,9.68,69.5046,57.5235,54.9573,18.6051
2008-10-31,21.1324,17.4395,26.0324,71.34,24.1173,57.2221,42.0574,44.2492,28.2885,63.6579,9.58,69.8871,57.2076,54.2443,19.8026
2008-11-03,20.8994,17.2818,26.1375,71.1,24.3135,57.3136,42.1122,44.612,28.2283,63.7771,9.62,70.0892,57.6907,54.391,19.1538
2008-11-04,21.8482,18.8591,27.9306,75.48,24.5874,57.9997,42.5973,44.9164,29.0282,63.7543,10.12,72.471,58.5825,55.4118,20.2271
2008-11-05,21.2822,16.4588,26.412,72.8,24.3845,58.3068,40.3673,45.7891,27.5144,63.8681,10.21,69.4252,58.9975,56.0689,18.2378
2008-11-06,20.35,15.629,24.7065,72.22,24.3845,58.1304,38.8024,46.1036,26.2845,63.8909,9.9,65.5783,58.7498,55.6641,17.3839
2008-11-07,20.375,16.8977,26.1024,72.5,24.6381,57.9213,39.6083,45.7789,26.8263,63.7771,9.94,67.7435,58.4958,55.3004,18.4859
2008-11-10,20.5082,17.0555,25.7111,73.58,24.6415,57.9801,38.6928,45.7992,26.4651,63.9744,10.06,66.8558,58.7002,55.5702,16.8305
2008-11-11,20.117,15.9925,24.8642,72.05,24.5976,58.1957,37.8556,45.9463,25.8888,64.0199,9.64,64.7916,58.8365,55.7345,16.5967
2008-11-12,19.526,14.8061,23.5267,70.0,24.2492,58.5551,35.649,45.9362,24.6933,64.1186,9.17,61.9407,58.9294,56.0924,15.4089
2008-11-13,19.8923,16.8566,25.5301,72.15,24.1207,58.1304,38.5833,45.6216,26.1985,63.9592,9.3,65.802,58.564,54.7489,17.1024
2008-11-14,19.7674,15.2381,24.064,73.3,23.8264,58.7054,35.7116,45.6115,24.9255,63.944,9.36,62.518,59.1585,55.8343,15.1751
2008-11-17,19.318,14.9844,23.626,72.65,23.4578,58.9537,35.4065,45.9413,24.4009,64.0579,9.18,61.6881,59.2143,56.0807,14.6265
2008-11-18,19.0267,14.7649,23.6668,72.51,22.9641,59.4111,35.2343,45.9971,24.3751,64.1262,9.48,62.8501,58.6135,56.8023,14.4882
2008-11-19,18.8103,13.4894,22.084,72.26,22.1794,60.0515,32.3627,46.0681,23.1021,64.2172,9.1,58.8227,58.6011,58.2572,12.5418
2008-11-20,17.8531,12.5224,20.8691,73.45,21.4421,61.2604,30.1483,45.5659,21.984,64.3387,8.86,54.4561,57.8951,61.2669,11.5495
2008-11-21,18.161,14.326,22.3527,78.85,21.6552,60.6984,31.7993,46.0935,22.9387,64.2325,9.52,57.3936,57.3067,60.381,12.3987
2008-11-24,19.4095,15.197,23.6902,80.91,21.7533,60.1299,34.0372,45.8905,24.3406,64.0731,10.43,61.3705,56.192,59.4365,14.5072
2008-11-25,18.7603,14.909,24.1224,80.87,21.9799,61.1624,34.6005,46.1087,24.2288,64.1262,10.19,61.8252,57.22,61.1847,14.7362
2008-11-26,19.3596,16.0474,24.3853,80.38,22.4906,61.5347,36.6741,45.8652,25.2437,64.3236,10.19,64.2142,57.5297,61.2669,15.5329
2008-11-28,18.5189,15.7388,24.3736,80.31,22.406,61.659,37.0418,45.7333,25.0459,64.3615,10.23,65.0225,57.7093,62.0238,15.3039
2008-12-01,17.9447,14.2232,22.3819,75.65,21.9439,62.4936,32.8791,46.4481,23.1623,64.4673,9.18,59.263,58.8675,64.3989,12.3176
2008-12-02,17.953,15.1215,23.5968,76.95,22.1797,62.8214,34.6084,46.8,23.9364,64.4598,9.49,61.5437,59.3877,64.6462,13.9539
2008-12-03,17.7449,15.245,23.9122,76.18,22.1831,62.9197,35.6569,47.1264,24.6159,64.5131,9.51,63.0233,60.1742,64.8287,14.7362
2008-12-04,16.8127,14.5935,23.1762,75.5,22.0533,63.3131,34.4753,47.1723,23.9192,64.5283,9.38,61.5653,60.6512,66.106,14.3307
2008-12-05,16.3965,15.4576,23.4683,74.52,22.0635,62.6444,36.0716,46.851,24.8911,64.4521,9.4,63.4636,60.23,65.0347,15.8478
2008-12-08,17.154,16.4451,24.5838,76.2,22.3199,62.4084,37.6678,47.3354,25.8716,64.3607,9.89,65.6793,59.4558,64.8934,17.3266
2008-12-09,16.7794,16.2188,24.3561,76.33,22.1524,62.9394,36.5019,47.6567,25.8114,64.5587,9.7,64.5967,59.8088,66.1766,15.8239
2008-12-10,17.2871,17.1858,24.9985,79.75,22.1353,62.8804,37.3626,47.7688,25.7254,64.475,10.12,65.037,59.4186,66.0177,17.1835
2008-12-11,17.8364,16.7469,24.8876,80.65,21.9644,63.2606,35.4691,47.932,25.0201,64.6272,10.2,63.4708,60.0751,66.1473,14.7315
2008-12-12,18.2276,16.98,25.1329,80.81,22.2686,63.4377,36.6897,48.1921,25.5276,64.6577,10.14,64.2286,59.8336,66.1473,16.2724
2008-12-15,17.7119,16.7537,25.1971,82.6,22.1524,63.5753,35.5082,48.1768,25.0803,64.7035,10.55,63.3336,59.5797,66.9007,15.7046
2008-12-16,17.9655,18.091,26.6456,84.46,22.5626,64.585,37.8165,49.166,26.2845,64.7338,11.03,66.3145,61.4934,68.5549,17.6272
2008-12-17,17.7204,17.7755,26.5113,85.43,23.1402,65.0243,38.1607,49.8952,25.9662,64.5968,11.29,65.6721,62.6701,70.415,17.9516
2008-12-18,17.4498,17.3846,25.6994,83.87,24.4835,65.4635,37.9182,51.1037,25.5104,64.6272,10.84,64.4451,63.0169,71.8925,16.4584
2008-12-19,17.3315,17.4464,25.3256,82.63,24.3194,65.2472,38.106,50.3439,25.7197,64.5664,10.67,64.1679,61.9394,71.969,17.6129
2008-12-22,16.8411,16.7949,25.1504,83.46,25.2936,65.0767,37.3705,50.9507,25.1598,64.4445,10.73,63.3457,62.3853,71.4157,16.9498
2008-12-23,16.9088,16.6558,24.9617,82.63,25.6627,65.0439,36.8272,51.119,25.0306,64.4598,10.16,62.6909,62.2304,71.3215,16.8544
2008-12-24,16.6467,16.774,25.293,83.46,25.2594,64.9784,36.9613,51.2465,25.0995,64.475,10.28,63.0547,62.2428,71.1685,17.0528
2008-12-26,16.9088,16.7184,25.4113,85.6,25.7413,65.3258,37.4895,51.3433,25.0909,64.5511,10.64,63.4185,62.3853,71.404,17.2978
2008-12-29,17.0947,16.6905,25.4172,86.35,25.9148,65.4699,36.9139,51.5031,24.8842,64.6933,10.77,63.2366,62.1809,71.3183,16.3031
2008-12-30,17.1962,17.1356,26.1802,85.9,25.994,65.5621,37.9389,51.9537,25.401,64.7545,10.82,64.7354,61.2767,71.9975,16.9548
2008-12-31,17.9148,17.3651,26.5351,86.52,26.1626,64.8382,38.8219,52.051,25.6163,64.7239,11.2,65.6595,61.4625,70.4914,17.8614
2009-01-02,18.5404,18.1927,26.8782,86.23,26.08,63.9104,39.5946,51.5185,26.7275,64.3798,11.41,67.6386,60.3105,68.7195,17.2929
2009-01-05,18.7349,18.4291,26.4464,84.48,27.3398,63.7985,39.7365,51.8718,26.7188,64.5098,11.11,67.5586,60.0875,66.9477,16.9744
2009-01-06,19.2253,18.8464,26.7303,85.13,27.5704,63.759,40.4067,51.9589,26.9859,64.5404,11.34,68.0097,60.5335,66.2744,17.8222
2009-01-07,18.2445,17.7615,26.2689,82.75,27.0713,63.7722,39.2162,51.5236,26.2193,64.4945,10.86,65.9724,60.6078,66.5342,17.2243
2009-01-08,18.3122,17.685,26.6593,84.46,26.6789,63.9433,39.4054,51.8923,26.4949,64.5098,10.99,66.2416,61.0908,66.4811,17.0969
2009-01-09,18.1008,17.3025,25.7366,83.92,27.0713,64.2394,37.9468,52.5374,25.9006,64.5557,11.1,64.8228,61.6297,66.5815,16.2198
2009-01-12,17.2807,16.5723,25.1155,80.76,26.4828,64.6408,36.8193,52.2661,25.4268,64.571,10.5,63.2657,61.9394,67.2726,15.2691
2009-01-13,17.5682,16.621,24.6541,80.88,26.3864,64.6869,37.3082,52.1534,25.4354,64.5787,10.6,63.3821,61.9269,67.3434,15.7298
2009-01-14,17.323,15.8143,23.6426,79.79,26.049,65.0488,35.6682,51.923,24.6602,64.655,10.45,61.3884,62.0013,68.4538,14.9065
2009-01-15,17.3061,15.9951,23.8556,80.39,25.9458,64.9961,36.2438,52.0254,25.0651,64.5863,10.49,61.4103,62.0013,68.5659,15.3965
2009-01-16,17.3822,16.169,23.9976,82.71,26.1558,64.3973,36.6459,52.0254,25.3407,64.6169,11.11,61.8905,61.7473,67.5088,15.9797
2009-01-20,16.8411,14.9659,22.2408,84.52,25.7083,64.2986,34.1624,51.2573,24.0831,64.6474,11.09,58.6235,61.7102,67.497,14.1911
2009-01-21,16.9088,15.7795,23.3291,84.15,25.7117,63.7261,35.8654,51.0013,25.1081,64.548,11.18,61.1556,60.7688,65.3648,15.6758
2009-01-22,16.6889,15.2579,22.785,84.58,25.6429,63.3049,34.8246,50.8118,24.7722,64.5787,11.33,60.2097,60.8741,64.1068,14.8183
2009-01-23,17.4667,15.4527,22.6252,88.53,25.2333,63.3181,34.9981,50.4739,24.8928,64.5634,11.85,60.4717,61.097,63.6048,15.2691
2009-01-26,17.5006,15.6335,23.0689,88.95,25.2987,63.1602,35.3923,50.0232,25.0737,64.4792,11.9,60.8864,60.8927,63.0495,15.1809
2009-01-27,17.0271,15.9117,23.5184,88.38,25.5328,63.5747,35.7786,50.9654,25.2546,64.548,11.85,61.5049,61.4191,64.532,15.3965
2009-01-28,17.4329,16.7184,24.2105,87.42,26.438,63.1668,37.253,51.37,26.1417,64.5251,11.86,63.5858,61.4562,62.9196,16.7294
2009-01-29,17.2216,15.8699,23.1103,89.5,25.7806,62.3442,35.7944,50.7555,25.4785,64.4027,12.26,61.5194,61.1528,61.4725,15.3622
2009-01-30,17.1201,15.7517,22.8914,91.31,25.8976,62.3179,35.069,51.1139,25.0306,64.441,12.52,60.2679,61.4376,61.2776,14.7301
2009-02-02,16.7904,15.5918,22.6667,88.84,25.3458,62.8233,35.3529,50.8674,25.3321,64.5007,12.21,60.086,61.6606,62.4177,15.0878
2009-02-03,16.5959,16.0577,23.3173,88.47,25.391,62.2822,35.6052,50.6976,25.7283,64.4319,12.32,60.9301,61.4376,60.9312,14.9359
2009-02-04,16.6889,16.1759,23.199,89.18,25.3702,61.9655,35.345,50.7182,25.7628,64.3246,12.42,60.6317,61.3138,60.718,14.5733
2009-02-05,17.0609,16.5167,23.5303,90.12,25.1616,62.1107,35.755,50.2757,26.3312,64.3399,12.75,61.5339,61.2456,60.7713,14.2646
2009-02-06,17.1877,17.3443,24.0744,89.59,25.6692,61.7345,37.0243,50.5741,27.0203,64.3017,12.91,63.2875,61.5987,60.5818,15.2544
2009-02-09,17.0947,17.2539,24.0685,88.32,25.8674,61.6091,36.8588,50.6668,27.1323,64.2787,12.72,63.3748,62.2428,60.7772,15.4798
2009-02-10,16.8749,16.2107,22.8737,90.21,25.697,62.434,35.1558,50.9138,26.1331,64.4241,12.98,60.4717,62.5277,62.0979,14.1029
2009-02-11,16.7735,16.6975,23.1221,92.29,25.6379,62.9157,35.2898,51.0887,26.0125,64.4089,13.34,60.8282,62.3605,62.9034,14.3724
2009-02-12,16.7988,16.5932,23.0511,93.17,25.5579,62.8959,35.5894,51.1299,26.3312,64.4854,13.33,60.8719,62.1375,62.3111,14.1274
2009-02-13,16.4945,16.6766,22.8027,92.55,25.6587,62.401,35.2188,50.7388,26.2107,64.3629,13.54,60.217,61.8774,60.6528,13.26
2009-02-17,15.573,15.6126,21.5901,95.45,25.0051,63.4503,33.8234,51.0167,25.1684,64.5313,13.99,57.6413,62.2552,62.5421,12.3192
2009-02-18,15.48,15.5013,21.5724,96.91,24.8556,62.9883,33.3424,50.7646,25.1856,64.4241,14.17,57.503,61.865,62.0091,12.4956
2009-02-19,15.8604,15.3553,21.5428,95.77,24.9808,62.6386,32.8772,50.3477,24.798,64.4012,13.89,56.8846,61.6916,60.9548,11.9566
2009-02-20,15.6829,14.9659,21.2293,97.8,24.6157,62.8167,32.4357,50.1367,24.867,64.4548,14.25,56.3316,61.9084,61.5472,12.7112
2009-02-23,15.5307,14.5973,20.4189,97.73,23.9968,62.8761,31.19,49.9669,23.997,64.4472,14.34,54.3161,61.8464,62.1157,11.7557
2009-02-24,15.8266,15.397,21.2707,94.73,24.3376,62.6386,32.3411,49.7868,24.7894,64.4012,13.61,56.3752,61.3138,62.0505,12.7504
2009-02-25,16.0126,15.1328,20.6851,93.15,24.2194,62.0711,31.6709,49.1076,24.6258,64.2787,13.49,55.9314,60.9484,61.3339,12.5054
2009-02-26,16.3508,15.0006,20.5136,93.06,23.7396,61.9127,31.0796,48.7937,23.9367,64.3093,12.97,55.0219,60.4591,60.6884,11.8635
2009-02-27,16.1563,14.7642,20.5136,92.63,23.3814,61.8599,30.8668,48.454,23.7128,64.3476,12.88,53.7922,60.0875,60.3389,11.7067
2009-03-02,15.3447,13.8671,19.3365,90.93,22.8961,62.4805,29.1243,48.4602,22.9462,64.4925,12.77,51.3692,60.4653,61.3379,10.9765
2009-03-03,15.4461,14.0618,19.2596,90.04,22.9875,62.4011,28.5724,48.1964,22.9289,64.4389,12.65,50.9836,60.3291,60.9281,11.0206
2009-03-04,15.9872,15.0493,20.1172,88.99,22.984,62.0835,29.1638,48.1809,23.5405,64.3698,12.78,52.1915,60.2114,60.6489,11.197
2009-03-05,15.852,14.4304,19.3069,91.99,21.8945,62.8113,27.6106,48.0516,22.8342,64.4465,13.15,50.0596,60.7688,62.3356,10.5061
2009-03-06,16.2324,14.6738,19.2714,92.29,21.7891,62.5136,27.7525,48.1551,22.6533,64.4005,13.18,50.1469,60.3662,61.9199,10.364
2009-03-09,16.1394,14.3886,18.7509,90.57,21.6626,62.5401,27.1139,46.8309,22.1709,64.3391,12.77,49.5575,60.1371,61.5576,10.5943
2009-03-10,16.0971,15.557,20.0108,88.14,22.7345,62.0835,28.8799,47.5085,23.5405,64.3008,12.45,52.5116,59.7531,60.3758,12.0693
2009-03-11,15.5899,15.557,20.1232,89.22,23.0964,62.5268,28.9193,47.524,23.9023,64.3315,12.59,52.8536,60.0504,61.029,11.8733
2009-03-12,16.3169,16.1551,20.5786,91.1,23.4795,62.7055,30.7169,47.4826,24.6947,64.3544,12.79,54.9345,60.9608,61.32,12.8435
2009-03-13,16.1732,16.2455,20.7147,91.3,23.5322,62.6592,31.0402,47.9223,24.755,64.4082,13.05,55.3638,60.9422,61.0112,12.5691
2009-03-16,16.5283,16.2594,20.9394,90.8,23.6658,62.3019,30.4804,47.9895,24.3415,64.3238,12.79,55.1965,60.8803,60.0491,11.5793
2009-03-17,16.8834,16.614,21.4895,90.04,23.5322,62.1828,31.8917,47.8602,25.2632,64.3085,12.6,56.8846,60.8183,59.7225,12.4564
2009-03-18,17.0947,16.9618,22.1047,93.09,24.0734,64.3133,32.9955,48.8792,25.5819,64.5538,12.77,58.1579,63.0665,61.9852,13.1375
2009-03-19,17.4498,16.8505,22.0929,94.35,23.8626,64.095,32.6486,48.9826,25.5646,64.4772,13.42,57.4375,63.3576,62.0624,12.3339
2009-03-20,17.6866,16.621,21.7853,93.59,23.8169,64.095,31.5211,48.4861,25.1755,64.5538,13.61,56.2145,63.0417,61.718,11.2705
2009-03-23,18.0585,18.1579,23.3528,92.08,24.3089,63.8766,34.2018,48.6361,26.6595,64.5002,13.46,60.2523,63.0294,61.1835,13.0934
2009-03-24,17.7626,17.5946,22.6193,90.95,24.3546,63.784,32.8737,48.1551,26.1677,64.4158,13.25,59.0651,63.3885,61.7655,12.084
2009-03-25,17.4921,17.8589,22.9683,91.98,24.4846,63.4003,33.7992,47.9223,26.2885,64.4005,13.35,59.688,63.2957,60.934,12.2829
2009-03-26,17.7965,18.3457,23.2759,91.93,24.8642,63.5656,35.1043,48.1706,27.0995,64.4848,13.35,60.9045,64.0017,61.6408,12.5577
2009-03-27,17.4667,17.8033,22.5306,90.69,24.6111,63.5259,33.9257,48.3206,26.5905,64.5155,13.15,59.8052,63.8407,62.098,11.998
2009-03-30,16.8327,16.8853,21.6729,89.98,23.4584,63.7972,32.9528,48.2843,25.9348,64.5769,12.85,57.7387,63.9584,62.3356,11.3434
2009-03-31,16.9088,17.2539,22.2348,90.28,23.8274,63.9097,33.2613,48.6826,26.1591,64.669,12.79,58.2737,63.6363,62.781,12.1329
2009-04-01,16.8665,17.8241,22.8145,91.03,23.8651,64.0663,33.8387,48.6093,26.5473,64.6543,12.84,59.4022,63.8627,63.354,12.068
2009-04-02,17.5175,18.7908,23.8438,88.8,24.7329,63.6483,35.5314,48.6249,27.4015,64.5468,12.77,61.139,63.4708,62.5797,12.9425
2009-04-03,17.788,19.0203,23.9798,87.59,25.0815,62.9184,36.093,48.3232,27.9105,64.4008,12.6,61.7472,63.0539,61.2991,14.0568
2009-04-06,17.5682,18.7838,23.4829,85.27,24.9997,62.7724,35.4761,48.2972,27.8415,64.4469,11.94,61.2636,63.0042,61.0371,13.8969
2009-04-07,17.2554,18.3526,22.992,86.74,24.7116,62.9316,34.2184,48.2764,27.1081,64.47,12.07,59.8345,62.9171,61.1919,12.8575
2009-04-08,17.3822,18.6239,23.2227,86.61,25.0033,63.2435,34.8512,48.7601,27.5654,64.47,12.14,60.4795,63.2281,61.734,13.0474
2009-04-09,17.6358,19.4375,23.8438,86.31,25.7146,62.8719,36.892,49.0878,28.4195,64.3931,12.17,62.8831,63.0353,60.9597,14.7964
2009-04-13,17.7119,19.5558,24.0804,87.88,25.6968,63.2435,36.9078,49.5611,28.3764,64.5161,12.57,62.8978,63.3214,61.5196,14.8414
2009-04-14,17.3906,19.2428,23.8497,87.37,25.5652,63.5687,35.8399,49.6911,28.0313,64.5698,12.54,61.8132,63.3526,61.8412,13.5821
2009-04-15,17.2807,19.521,24.1632,87.5,25.7822,63.6284,36.3857,50.076,27.9536,64.6006,12.55,62.4727,63.3899,61.734,14.7614
2009-04-16,17.2047,19.6879,24.317,85.81,26.1912,63.3762,37.4377,50.2892,28.6784,64.5084,12.06,63.3887,63.1535,61.2456,15.2561
2009-04-17,17.0778,19.5488,24.2341,85.22,26.7638,62.8653,37.7699,50.2268,28.7388,64.4392,11.68,63.8138,62.5313,60.5725,15.531
2009-04-20,16.4353,18.5961,23.2404,86.95,25.7857,63.3033,35.832,49.9512,27.8156,64.5007,11.89,61.139,62.5873,61.4898,13.9319
2009-04-21,16.4945,18.9924,23.7728,86.89,26.0774,63.0577,37.0739,50.1072,28.2039,64.5084,11.86,62.3335,62.3757,60.8822,15.1662
2009-04-22,16.5198,18.8325,23.5835,87.38,26.2018,62.9051,37.066,49.9824,28.2901,64.5084,12.13,61.9524,62.5313,60.513,14.6365
2009-04-23,16.7397,19.1246,24.175,88.8,26.1734,62.8918,36.979,49.9408,28.5662,64.4622,12.54,62.5607,62.861,60.507,15.2961
2009-04-24,16.9933,19.4862,24.5477,89.72,26.5789,62.6462,37.6671,50.05,29.0666,64.4622,12.67,63.506,62.9979,59.8995,16.0207
2009-04-27,16.5706,18.8325,24.2578,89.01,26.369,62.9051,37.2637,49.9876,29.1011,64.5391,12.66,62.9051,63.0602,60.1556,15.0612
2009-04-28,16.4522,18.7699,24.0271,87.75,26.4259,62.5998,37.3191,49.8264,28.8854,64.4777,12.3,62.7072,63.0602,59.1729,15.2611
2009-04-29,16.8327,19.7574,24.6423,88.33,26.9167,62.2615,38.735,50.0656,29.2823,64.5084,12.55,64.0409,62.7988,58.6487,15.9257
2009-04-30,16.8918,19.9383,24.7961,87.27,27.1266,62.1553,38.379,50.0344,29.5756,64.5621,12.21,64.0629,62.4939,58.4165,15.8558
2009-05-01,17.3991,20.2303,25.0859,86.95,27.0839,61.9556,38.6163,50.1588,29.6533,64.5137,12.31,64.4073,61.8885,58.0144,15.3361
2009-05-04,17.7373,21.6282,26.127,88.64,27.0194,62.0155,40.0243,50.279,30.24,64.4983,12.83,66.5985,62.0012,58.2056,16.6003
2009-05-05,17.4836,21.4334,25.8667,88.25,27.2524,62.0022,39.8265,50.441,30.2141,64.4828,13.14,66.3713,62.02,58.1339,15.9807
2009-05-06,17.9486,21.802,26.4937,89.54,27.4782,62.0288,39.9373,50.6658,30.2227,64.5214,13.52,67.5218,62.2704,57.9964,16.5904
2009-05-07,17.9825,21.2596,26.0501,89.44,27.0266,61.5097,38.996,50.1797,29.5152,64.429,13.6,66.5838,62.333,56.5806,15.6409
2009-05-08,18.4305,21.9689,27.1799,89.98,27.5105,61.5829,40.3486,50.4985,29.5325,64.4752,13.79,68.1374,62.3581,56.718,16.6853
2009-05-11,18.2784,21.4543,26.4878,89.69,27.3671,62.1619,39.7553,50.6501,29.636,64.583,13.74,66.8623,62.6711,57.5245,16.0507
2009-05-12,18.4644,21.6073,26.7717,90.7,27.4746,62.122,39.1937,50.7912,29.2737,64.5752,14.02,66.6644,62.8652,57.7336,16.0057
2009-05-13,18.253,20.8145,25.8608,91.09,27.1162,62.4082,37.3982,50.6971,28.4886,64.606,13.81,64.9863,62.8527,58.3609,14.9563
2009-05-14,18.3714,21.1135,26.1152,91.03,26.8294,62.4148,37.9202,50.8121,28.8078,64.6292,13.85,65.5432,63.2033,58.5879,15.3111
2009-05-15,17.9064,20.9188,25.8786,91.55,26.4531,62.2618,37.7778,50.8017,28.7905,64.6214,13.77,65.0083,63.3348,58.57,14.7964
2009-05-18,18.3798,22.0802,26.8664,90.36,27.0158,61.8958,39.0435,50.7285,29.5411,64.5599,13.58,66.855,63.316,57.662,15.9857
2009-05-19,18.3798,22.3306,27.1089,90.96,27.195,61.8092,39.0593,50.9323,29.6792,64.5983,13.98,66.7744,63.4412,57.3573,15.6809
2009-05-20,18.6757,22.4001,27.2863,92.25,27.5965,62.0022,38.6954,51.225,29.5756,64.683,14.1,66.3273,63.7793,57.9606,15.556
2009-05-21,18.5235,21.9828,27.0793,93.85,27.2416,61.3234,38.1971,50.7024,29.0321,64.5983,14.34,65.3747,63.1532,56.503,15.6009
2009-05-22,18.7941,22.0802,27.2331,94.15,27.618,60.9639,37.8016,50.6344,28.9372,64.6137,14.5,65.2354,63.2659,55.8757,15.2162
2009-05-26,18.8363,22.3445,27.7773,93.76,27.5463,60.5579,39.605,50.6135,30.0157,64.5291,14.42,66.9063,62.9967,55.0333,16.1206
2009-05-27,18.9209,22.0872,27.239,93.45,27.5965,59.8724,38.8378,50.2633,29.8086,64.5137,14.58,65.7118,62.8527,54.0596,15.536
2009-05-28,19.2675,22.7687,27.517,94.24,27.6933,60.1853,38.8852,50.4515,30.1537,64.506,14.93,66.6278,62.9215,54.8421,15.7508
2009-05-29,19.6395,23.1164,28.0671,96.2,27.9012,60.8641,39.6841,51.1936,30.5247,64.5983,15.47,67.8076,63.7417,56.258,16.2705
2009-06-01,20.1806,24.09,28.7592,95.73,28.5614,59.8708,41.2345,51.1768,31.3961,64.5451,15.35,69.4491,63.2334,54.5949,17.1051
2009-06-02,20.2651,23.7423,29.0076,96.36,28.4782,60.0711,41.7486,51.555,31.4392,64.522,15.75,69.5077,63.6858,54.8885,16.7503
2009-06-03,19.5888,22.9008,28.144,94.41,28.3154,60.4383,41.4718,51.8176,31.3443,64.6376,15.14,68.6284,63.6607,55.404,16.7203
2009-06-04,20.3074,23.325,28.3215,96.23,28.4022,59.7373,42.065,51.5918,31.698,64.576,15.63,69.2732,63.0197,54.2592,17.255
2009-06-05,20.1975,23.3737,27.9725,93.71,28.4927,59.1432,42.0809,51.3186,31.7326,64.152,15.01,69.2879,62.7747,53.8456,17.21
2009-06-08,20.1468,23.0121,27.9133,93.56,28.5433,58.8428,41.5825,51.2136,31.6376,63.9823,14.76,69.0021,62.5296,53.7077,16.8952
2009-06-09,20.3412,23.0538,28.2564,93.83,28.5976,59.0965,41.7724,51.6023,31.8792,64.1288,15.03,69.3539,62.9506,53.7018,16.8952
2009-06-10,20.2651,23.3459,28.3097,93.86,28.6338,58.7427,41.6063,51.45,31.7671,64.1211,15.01,69.178,62.982,52.8567,16.6003
2009-06-11,20.4511,23.8466,28.7947,93.7,28.6989,59.1432,41.6221,51.6285,31.7671,64.1288,15.13,69.4858,63.1014,53.4441,16.2605
2009-06-12,20.1637,23.4641,28.6468,92.17,28.8472,59.4569,41.7486,52.012,31.6204,64.1982,14.63,69.6763,62.982,53.9236,16.8502
2009-06-15,19.7748,22.6226,27.6176,91.1,28.4203,59.7239,40.6254,52.0278,30.9733,64.2445,13.83,68.0788,62.9129,54.409,16.0507
2009-06-16,19.6987,22.2819,27.2982,91.93,28.149,60.0577,39.9452,51.9962,30.6714,64.3139,13.99,67.1554,63.1202,55.356,15.7558
2009-06-17,19.7579,22.0315,27.3751,92.35,27.9862,59.8975,40.1587,52.0593,30.9647,64.3832,14.12,67.0895,62.7055,55.0443,15.456
2009-06-18,19.7832,21.9689,27.3277,91.61,28.2539,59.1699,40.3407,51.3974,30.9043,64.2753,13.97,67.5804,62.5484,54.2113,15.561
2009-06-19,19.6142,22.0802,27.7596,91.9,28.2828,59.4436,40.5859,51.7861,31.236,64.3139,13.99,67.8295,62.9443,54.9544,15.7159
2009-06-22,18.9547,21.2804,26.8664,90.54,27.8994,59.7641,39.1463,51.9752,30.3031,64.3987,13.54,65.7956,63.0511,55.4879,14.8963
2009-06-23,19.2844,21.4186,27.2198,90.92,27.9464,59.9576,38.8299,52.3954,30.234,64.3987,13.62,65.8471,63.359,56.1412,15.0063
2009-06-24,19.276,21.8883,27.2439,91.45,28.0875,59.7306,39.2491,52.3114,30.7436,64.3909,13.68,66.4146,63.0323,55.5778,15.3339
2009-06-25,19.4451,22.5403,27.8178,92.31,28.3552,60.4782,40.3802,52.7211,31.3483,64.5143,13.81,67.859,63.3967,56.5966,15.5371
2009-06-26,19.2844,22.6595,27.7634,92.29,28.348,60.5584,40.5226,52.7474,31.4174,64.5451,13.9,67.6822,63.3967,56.6925,15.6691
2009-06-29,19.4704,22.8278,27.999,92.04,28.7025,60.6852,40.5226,52.6896,31.4865,64.5451,13.66,68.316,63.4407,56.7765,15.6589
2009-06-30,19.1238,22.5964,27.6728,91.18,28.8363,60.525,40.404,52.6738,31.426,64.5374,13.38,67.7632,63.868,56.6805,15.7504
2009-07-01,19.0477,23.0101,28.1319,92.39,28.9075,60.4862,41.0288,52.6026,31.4433,64.6007,13.55,68.0432,63.7349,56.5681,16.0246
2009-07-02,18.625,22.3791,27.3224,91.25,28.4037,60.687,39.6167,52.6079,30.7523,64.6702,13.16,66.1861,63.5772,56.7003,15.1764
2009-07-06,18.067,22.33,27.3587,90.76,27.9802,60.7272,39.2675,52.7345,30.5882,64.6934,13.1,66.1788,63.4258,56.5922,15.5574
2009-07-07,17.7796,21.8042,26.6942,90.71,27.5896,60.9681,38.4182,52.5235,29.828,64.6856,12.89,64.8965,63.5268,56.971,14.9529
2009-07-08,17.5597,21.5518,26.5855,89.27,27.7575,61.671,38.1562,53.0036,29.9835,64.786,12.69,64.8522,63.7539,58.0232,14.8107
2009-07-09,17.6696,21.9374,26.9117,89.51,28.1555,61.3095,37.9975,53.0247,30.0353,64.7551,12.67,64.9775,63.2366,57.3317,14.5314
2009-07-10,17.5344,21.678,26.5976,89.58,27.9401,61.6911,38.18,53.2357,30.1649,64.8169,12.5,64.8228,63.4889,57.8609,14.5111
2009-07-13,17.6274,21.8322,27.0627,90.19,28.0021,61.4702,39.1008,53.2041,30.7436,64.7783,12.66,66.3998,63.2303,57.5362,15.0596
2009-07-14,17.6274,22.0706,27.2077,90.81,28.1116,61.0619,39.331,53.088,30.8559,64.732,12.72,66.7757,63.1799,56.5801,15.2425
2009-07-15,18.0924,23.2554,28.138,92.24,28.7323,60.272,40.8471,52.5973,31.8925,64.5775,13.06,68.7287,63.0095,55.1251,15.8062
2009-07-16,18.1346,23.2975,28.3856,91.98,28.8199,60.6335,41.3551,52.9614,32.2726,64.6779,13.09,68.6181,63.4006,55.7204,15.9891
2009-07-17,18.4052,23.5359,28.2829,91.93,28.8455,60.2251,41.1963,52.7978,32.4454,64.6548,13.17,69.3698,63.3754,54.8605,15.5624
2009-07-20,18.7095,24.3772,28.8326,93.28,29.2471,60.446,41.7043,53.0141,32.7563,64.6471,13.45,70.1067,63.7412,55.1491,16.111
2009-07-21,18.6419,24.3071,29.0139,93.13,29.3894,61.1221,41.6329,53.7633,32.9809,64.7242,13.33,70.431,63.8863,56.2495,16.0653
2009-07-22,18.7434,24.251,29.0864,93.44,29.4259,60.7606,41.9583,53.6209,33.2574,64.6934,13.45,70.4163,63.716,55.7444,16.0856
2009-07-23,19.1323,24.9381,29.5757,93.26,29.7253,60.1715,43.2839,53.5312,33.9916,64.5775,13.52,71.9712,63.4069,54.7222,16.7256
2009-07-24,19.1492,24.8189,29.7569,93.41,29.9006,60.2988,43.5062,53.6789,33.7325,64.6162,13.66,72.266,63.4385,54.9868,16.8424
2009-07-27,19.2253,25.0362,29.7871,93.71,29.9553,60.0176,43.7284,53.5576,33.9916,64.5698,13.84,72.4797,63.3186,54.3555,17.0862
2009-07-28,19.0139,24.9241,29.6602,92.11,29.9882,60.1381,43.7522,53.7633,33.7584,64.5312,13.52,72.1408,63.2618,54.8365,17.0709
2009-07-29,18.5235,24.3632,29.4186,91.2,30.0904,60.1783,43.53,54.101,33.983,64.4926,13.12,71.9639,63.2303,55.1371,16.8576
2009-07-30,19.0984,24.9661,29.9925,91.62,30.3387,60.4192,44.292,54.3965,34.1817,64.5004,13.25,72.7156,63.5898,55.9187,17.462
2009-07-31,19.4789,25.0853,30.4516,93.35,30.8315,61.0284,44.1094,55.114,34.078,64.6085,13.7,72.8187,63.9242,57.0071,17.4468
2009-08-03,20.0284,26.0248,31.1584,93.87,30.89,60.3799,44.8794,54.6009,34.5877,64.5172,14.03,74.02,63.5941,56.1432,17.7617
2009-08-04,20.0369,25.7864,31.11,94.68,30.8238,60.2054,45.3318,54.3253,34.5877,64.4631,14.35,74.2116,63.366,55.6967,18.7318
2009-08-05,20.2482,25.5691,30.9832,94.78,30.7244,59.863,44.8794,54.3358,34.3199,64.4399,14.52,73.9979,63.4168,54.8641,19.448
2009-08-06,19.7832,25.3587,30.7899,94.6,30.4814,59.863,44.2523,54.1874,34.0175,64.4399,14.32,73.6147,63.3154,55.0511,19.3007
2009-08-07,19.6902,25.6111,30.7596,93.75,30.6949,59.4669,45.316,54.1768,34.4495,64.3317,14.39,74.5801,63.3977,54.5927,20.3774
2009-08-10,19.6818,25.3237,30.5724,92.93,30.8348,59.8495,45.3953,54.3464,34.2076,64.4322,14.15,74.4253,63.5181,55.2744,19.9406
2009-08-11,19.3859,24.8469,30.3972,92.79,30.7612,60.2658,44.6651,54.6274,33.9139,64.5018,14.09,73.4967,63.7968,55.9139,19.3616
2009-08-12,19.4873,25.0713,30.7415,92.95,30.6839,60.0979,45.3398,54.1503,34.4408,64.525,14.34,74.2853,63.5498,55.3166,19.5038
2009-08-13,19.7494,25.506,31.2127,93.72,30.2936,60.5678,45.7128,54.6751,34.6309,64.6332,14.79,74.8527,63.7588,56.1009,19.6054
2009-08-14,19.1914,25.0432,30.9469,93.0,30.1427,60.7558,44.7762,54.6645,34.2335,64.6795,14.43,74.2779,63.6891,56.3181,19.4429
2009-08-17,18.904,24.0617,29.9502,91.61,29.4063,61.172,43.5141,54.7546,33.2401,64.7492,13.75,72.4502,63.9172,57.1507,18.4068
2009-08-18,19.276,24.5875,30.4697,92.06,29.9144,60.9572,44.0936,54.6168,33.7152,64.7337,13.72,73.0251,64.0566,56.8189,18.5896
2009-08-19,19.4112,24.6506,30.7294,92.53,30.0359,61.1855,44.6333,54.7917,33.9484,64.7646,13.57,73.6662,64.3796,57.2895,18.4423
2009-08-20,19.2506,25.0783,30.9469,92.27,29.9438,61.3466,45.1175,55.0515,34.3458,64.7492,13.7,74.4253,64.7661,57.76,19.1788
2009-08-21,19.3943,25.4569,31.6235,93.65,30.3525,60.7223,46.1574,54.8023,34.8036,64.6486,13.92,75.8845,64.5063,56.5715,19.6816
2009-08-24,19.4282,25.5691,31.6174,92.34,30.1942,61.0982,46.1415,55.0833,34.7691,64.7259,13.9,75.8771,64.7344,57.5971,19.6156
2009-08-25,19.1492,25.513,31.9316,92.76,30.1905,61.2593,46.3399,55.1787,34.8727,64.7259,14.04,76.0245,64.5443,57.9229,19.834
2009-08-26,19.0984,25.4359,31.7987,92.79,30.3084,61.3399,46.4431,55.5445,34.8123,64.7646,14.09,76.0319,64.728,58.1883,19.8949
2009-08-27,19.2591,25.3868,32.0403,93.19,30.1537,61.172,46.3717,55.29,34.8986,64.7569,14.08,76.2014,64.4937,57.959,20.0879
2009-08-28,19.2168,25.2536,32.0584,93.87,30.3047,61.313,46.078,55.5657,34.9332,64.8264,14.5,76.1866,64.519,58.2245,20.2657
2009-08-31,18.6926,24.7558,31.8228,93.4,30.3084,61.4943,45.4033,55.836,34.579,64.8728,14.62,75.5086,64.462,58.2788,19.9457
2009-09-01,18.4052,24.2861,31.0315,93.9,30.0236,61.6539,44.3873,55.5559,33.9311,64.9255,14.76,73.8431,64.5515,58.1378,18.8791
2009-09-02,18.4474,24.5455,30.9952,96.19,29.8638,61.9905,44.165,55.721,33.9052,64.9951,15.22,73.5631,64.6538,58.9851,18.4982
2009-09-03,18.3545,25.0362,31.2369,97.46,30.0569,61.7683,44.6571,55.8169,34.1298,64.9332,15.87,74.1748,64.7369,58.622,18.869
2009-09-04,18.2784,25.52,31.7141,97.53,30.2872,61.3981,45.2842,55.8541,34.8641,64.9023,15.97,75.2138,64.7241,57.6234,19.0874
2009-09-08,18.6165,26.0458,32.3423,97.43,30.7179,61.2566,45.7843,55.7104,35.1923,64.91,16.15,75.8624,64.8583,57.2179,19.7527
2009-09-09,18.6926,26.186,32.741,97.08,30.4283,61.3105,46.5701,55.6943,35.4947,64.9177,16.06,76.4446,65.0629,57.1513,20.1387
2009-09-10,18.7941,26.5296,33.031,97.7,30.8999,61.7683,47.1495,56.0619,35.8316,64.9564,16.41,77.2258,65.2163,58.2044,20.4384
2009-09-11,18.5489,26.5436,32.9887,98.78,31.1933,61.9501,47.1654,56.5679,35.8661,64.9332,16.5,77.211,65.3633,58.5252,20.4028
2009-09-14,18.4474,26.4454,33.0552,97.96,31.2304,61.5865,47.6655,56.2802,36.0043,64.8945,16.31,77.5869,65.2163,57.9441,21.0073
2009-09-15,18.8786,26.7609,33.0612,98.9,31.4532,61.4586,48.0544,56.2483,36.1166,64.9255,16.78,77.9111,65.2547,57.6476,21.3425
2009-09-16,19.1238,27.434,33.7136,99.91,31.858,61.4115,49.0467,56.424,36.6436,64.8403,17.14,79.0903,65.3825,57.7505,22.211
2009-09-17,19.1323,27.2868,33.4961,99.34,31.9137,61.7144,48.9435,56.701,36.6349,64.9332,16.95,78.9724,65.4656,58.4767,22.1145
2009-09-18,18.9632,27.3639,33.5868,98.67,31.8246,61.3845,49.1419,56.3441,36.6963,64.8713,16.7,79.0227,65.1652,57.9562,22.145
2009-09-21,18.5489,27.1255,33.2303,98.36,31.8431,61.3441,49.007,56.4773,36.8087,64.8945,16.54,78.8228,65.0948,58.0894,21.7996
2009-09-22,18.8533,27.5392,33.6894,99.67,31.806,61.5058,49.3451,56.6104,36.8779,64.879,16.88,79.2819,65.2483,58.2104,22.4904
2009-09-23,18.4305,27.1255,33.3995,98.83,31.9026,61.6404,48.8757,56.6371,36.705,64.9796,16.54,78.6228,65.3889,58.3859,21.6777
2009-09-24,18.1938,26.5927,32.9102,97.55,31.962,61.8087,47.8971,56.7276,36.3764,64.9951,15.99,77.7565,65.325,58.5554,20.8863
2009-09-25,18.0501,26.7049,32.7712,97.0,31.858,62.0578,47.6027,56.946,36.0565,64.9719,15.74,77.3419,65.4208,59.2998,20.953
2009-09-28,18.2107,27.0484,33.2183,97.05,32.1105,62.1655,48.7404,57.0898,36.6704,64.9641,15.91,78.7265,65.5551,59.8203,21.8198
2009-09-29,18.1431,27.1115,33.0189,97.43,32.0734,62.1386,48.5256,56.8661,36.5061,64.9564,15.89,78.4896,65.5295,59.7658,21.4659
2009-09-30,18.6504,27.2798,33.031,98.85,32.0659,62.1858,47.9289,56.8181,36.532,65.0261,16.38,78.186,65.766,59.7114,21.2607
2009-10-01,18.532,26.5366,32.1672,97.89,31.2216,62.6536,46.4967,56.2361,35.4512,65.0912,16.04,76.2459,65.9496,60.5291,20.3067
2009-10-02,18.346,26.5436,31.8108,98.37,31.2329,62.6265,46.1467,55.8723,35.3475,65.1145,15.82,75.8905,65.8217,60.1102,20.163
2009-10-05,18.9378,27.1606,32.2698,99.82,31.6522,62.6198,46.9741,56.1719,35.6328,65.1145,16.38,77.0234,65.86,60.1163,20.717
2009-10-06,18.7095,27.6093,32.8135,102.28,31.5436,62.4172,47.8493,56.0542,36.264,65.0757,17.08,78.1267,65.8537,59.5213,20.6606
2009-10-07,18.7434,27.5812,32.9343,102.36,31.7758,62.8155,47.8652,56.4126,36.3678,65.161,17.25,78.3415,66.1414,60.2195,20.6452
2009-10-08,19.1153,27.9178,33.4116,103.64,31.9779,62.586,48.3028,56.097,36.5234,65.099,17.52,78.9412,66.0775,59.5881,21.0402
2009-10-09,19.1914,27.9388,33.327,102.84,32.1015,61.9852,48.8677,55.6048,36.7309,65.0059,17.44,79.4226,65.7386,58.2221,21.2197
2009-10-12,19.5803,28.1701,33.5263,103.56,32.094,62.1675,48.8757,55.7974,36.8087,65.0835,17.48,79.7335,65.8984,58.3132,21.1889
2009-10-13,19.8001,28.2192,33.4539,104.26,32.0865,62.3092,48.6688,55.9044,36.8174,65.1221,17.48,79.5706,66.2694,58.6167,20.8914
2009-10-14,19.9523,29.1306,34.2573,104.18,32.2138,61.884,49.5997,55.637,37.3189,65.0369,17.56,80.9405,65.9816,57.7486,21.6557
2009-10-15,20.1552,28.9694,34.4143,102.86,32.2063,61.6814,49.5679,55.6263,37.2324,64.9982,17.06,81.2367,66.0327,57.4815,21.471
2009-10-16,20.206,28.5698,33.8948,103.18,32.2026,61.9649,49.0746,55.669,36.9903,65.0369,17.18,80.6295,66.2438,57.9489,20.9068
2009-10-19,20.4934,29.1166,34.4385,104.23,32.2101,62.0595,49.4804,55.9526,37.3621,65.0369,17.44,81.2959,66.6659,58.4043,21.3582
2009-10-20,20.3666,28.731,34.2573,103.42,32.27,62.2012,48.7961,56.311,37.3708,65.068,17.2,80.8665,66.7235,58.72,20.9632
2009-10-21,20.7978,28.5768,34.1425,103.75,32.3262,62.0595,48.1357,56.0756,37.3016,65.0369,17.36,80.1408,66.4612,58.3678,20.6965
2009-10-22,20.9669,28.8151,34.4747,103.92,32.5733,61.8772,48.8041,56.4073,37.4486,65.0447,17.32,80.9553,66.1351,58.0825,21.2402
2009-10-23,20.8908,28.5768,33.9311,103.49,32.5171,61.5734,47.7857,56.097,37.2929,64.9362,17.4,80.0297,65.9944,57.6454,20.9888
2009-10-26,20.5103,28.2192,33.4176,101.86,32.5358,61.2224,47.356,55.8616,37.1719,64.8664,16.79,79.1634,65.6938,56.8986,20.9376
2009-10-27,20.3666,27.7285,33.1518,101.85,32.2812,61.749,46.7752,56.3431,36.6099,64.9982,16.34,78.8006,66.2182,57.6757,20.6349
2009-10-28,19.8424,26.4595,32.3544,100.73,31.7496,61.9379,45.2158,55.9633,35.7884,65.0912,15.86,77.3122,66.2694,57.9489,19.7681
2009-10-29,20.4596,27.6303,33.3089,102.69,32.1951,61.6409,46.075,56.0328,36.3937,65.0369,16.41,78.9708,66.2758,57.3176,20.6708
2009-10-30,19.9439,26.3403,32.1974,102.53,31.8918,62.1,44.818,56.5357,35.4166,65.1145,16.07,76.6828,66.5188,58.1493,20.3118
2009-11-02,20.2905,26.7329,32.5115,103.95,32.1421,61.9366,44.7304,56.4519,35.5636,65.1221,16.16,77.2456,66.6485,57.8923,20.3067
2009-11-03,20.5779,26.775,32.3846,106.46,32.2139,61.7936,45.4067,56.1939,35.676,65.1145,17.0,77.4899,66.5136,57.3136,20.6042
2009-11-04,20.561,27.2727,32.7108,107.1,32.263,61.6234,44.7543,56.4142,35.7366,65.1067,17.14,77.6898,66.642,56.7898,20.163
2009-11-05,20.4511,27.8336,33.1337,106.98,32.2894,61.637,46.1785,56.4519,36.6185,65.1688,17.12,79.1189,66.7703,56.7898,20.6196
2009-11-06,20.0876,27.7986,33.2303,107.43,32.3196,61.8209,46.2103,56.6023,36.8347,65.2154,17.09,79.3263,66.9371,56.8447,20.281
2009-11-09,20.4173,28.8222,34.1606,108.19,32.4479,61.8481,47.1173,56.6345,37.6215,65.2154,17.29,81.133,67.2837,56.9117,21.2812
2009-11-10,20.3159,28.6889,33.9794,108.39,32.4366,61.8957,46.8229,56.597,37.7166,65.1999,17.03,81.1478,67.1682,56.8081,21.1222
2009-11-11,20.4511,28.9343,34.0821,109.6,32.4555,62.0728,47.1492,56.8066,37.9587,65.2698,17.29,81.5625,67.412,57.0457,21.5172
2009-11-12,20.1468,28.2893,33.5868,108.21,32.4933,62.0931,46.2819,56.8066,37.7426,65.262,16.92,80.7332,67.0976,56.9421,21.2966
2009-11-13,20.1299,28.7731,34.0579,109.74,32.4291,62.1408,46.7275,56.9731,38.0539,65.2775,17.15,81.17,67.1232,57.204,21.5838
2009-11-16,20.7132,29.4952,34.6016,111.63,32.5801,62.4744,47.9607,57.2418,38.443,65.3164,18.01,82.3474,67.6302,57.874,22.107
2009-11-17,20.8147,29.39,34.372,111.97,32.5725,62.6105,47.9607,57.3279,38.564,65.3319,18.13,82.4437,67.8098,58.1846,21.7223
2009-11-18,20.8316,29.1587,34.2633,112.25,32.4895,62.454,47.8652,57.1398,38.3478,65.3319,18.23,82.3918,67.7905,57.8435,22.1173
2009-11-19,20.5357,28.6188,33.617,112.3,32.5574,62.5288,46.6718,57.2096,37.7512,65.3552,18.26,81.3181,67.797,57.9471,21.6095
2009-11-20,20.5103,28.4997,33.4297,112.94,32.5499,62.5221,46.6161,56.9409,37.561,65.3708,18.22,81.0294,67.797,57.9349,21.4556
2009-11-23,20.6033,29.0956,34.0277,114.29,32.5159,62.4335,47.4276,56.9409,38.1663,65.363,18.27,82.0586,67.8547,57.8618,21.7275
2009-11-24,20.3666,28.9343,33.8888,114.73,32.5348,62.7535,47.2128,57.1613,38.0366,65.4174,18.25,82.1845,67.9253,58.2272,21.4043
2009-11-25,20.8569,29.2709,34.3418,116.62,32.5499,62.9645,47.2049,57.3708,38.2008,65.4484,18.52,82.4733,68.1948,58.4952,21.4915
2009-11-27,20.6202,28.1351,33.3512,115.06,32.3233,63.2506,45.8125,57.3547,37.6215,65.495,17.95,81.133,68.3424,58.7145,20.8657
2009-11-30,20.8485,28.4085,33.4599,115.64,32.4291,63.3526,46.2183,57.6396,37.6648,65.5028,18.15,81.407,68.3809,58.8546,21.6454
2009-12-01,21.0007,29.2218,34.3781,117.38,32.5895,63.0033,46.9343,57.3514,38.0539,65.5192,18.78,82.414,68.2638,58.199,21.9634
2009-12-02,20.8569,29.341,34.4325,119.18,32.6237,62.8737,47.4913,57.3621,38.1057,65.4645,18.89,82.377,68.1932,58.2479,22.3225
2009-12-03,20.84,29.0676,34.3539,118.7,32.6656,62.5802,46.9105,57.3459,37.9501,65.4254,18.62,81.7328,67.9681,57.643,22.0711
2009-12-04,20.6709,29.334,34.2331,113.75,32.7987,62.1163,48.0721,57.1085,38.149,65.2611,18.15,82.1993,67.4152,57.0319,22.7225
2009-12-07,20.485,29.0816,34.0458,113.11,32.8405,62.2868,48.1437,57.0815,37.9674,65.4019,17.82,82.0734,67.5245,57.1053,22.2455
2009-12-08,20.282,28.5417,33.4539,110.95,32.8785,62.5052,47.7697,57.3244,37.7339,65.4645,17.3,81.1627,67.4924,57.1908,22.1173
2009-12-09,20.0284,28.717,33.4116,110.84,32.8785,62.3823,47.6186,56.9951,38.1144,65.4176,17.15,81.4662,67.1967,56.9281,22.0711
2009-12-10,19.9185,28.8853,33.5143,110.82,33.0421,62.1708,47.4276,57.0437,38.3046,65.3941,17.09,81.9253,66.9781,56.2743,21.9839
2009-12-11,20.02,28.9904,33.5022,109.32,33.0611,61.8638,47.8732,56.7738,38.1576,65.3237,16.87,82.2734,67.0038,56.2682,22.3378
2009-12-14,20.1299,29.1867,33.8284,110.24,33.3273,61.8638,48.5972,57.0869,38.5208,65.2533,17.08,82.8361,67.2352,56.3353,22.7431
2009-12-15,20.0369,28.8853,33.4539,110.21,33.293,61.666,48.462,56.6767,38.3046,65.2377,17.09,82.451,67.2287,56.0849,22.5174
2009-12-16,20.3835,29.0535,33.8465,111.59,33.3691,61.666,48.7723,56.8926,38.3565,65.2846,17.36,82.5769,67.3445,56.0176,22.6815
2009-12-17,20.0707,28.2192,33.0491,107.34,33.3501,62.2118,48.2312,57.1355,37.8896,65.4097,16.79,81.5847,67.6339,56.9403,22.543
2009-12-18,20.1552,28.2963,33.1276,108.95,33.3311,61.9048,48.6768,57.0437,38.5071,65.3628,16.95,82.0463,67.5309,56.6959,22.6918
2009-12-21,19.9608,28.2613,33.2243,106.95,33.4299,61.2702,49.3213,56.7685,38.9402,65.2611,16.69,82.8801,67.2159,55.6877,22.9995
2009-12-22,20.1045,28.5461,33.4352,106.17,33.5022,60.9973,49.7827,56.5309,39.174,65.1829,16.64,83.1778,66.9973,55.3761,23.2406
2009-12-23,20.4596,28.8288,33.74,106.55,33.5821,60.97,50.4242,56.7091,39.4598,65.1829,16.81,83.3416,66.9009,55.3883,23.5176
2009-12-24,20.5779,29.1186,33.8741,108.36,33.7076,60.7517,50.6159,56.4446,39.8236,65.1047,17.17,83.7362,66.7209,54.814,23.8573
2009-12-28,20.9415,29.2175,34.0204,108.55,33.6087,60.5879,50.536,56.2934,40.0315,65.0109,17.22,83.9148,66.7016,54.6612,23.9716
2009-12-29,20.8992,29.1129,34.0753,107.47,33.4288,60.7479,50.5121,56.4642,39.8669,65.0538,16.81,83.7957,66.9072,55.0218,23.6132
2009-12-30,20.8739,29.2402,33.9351,106.93,33.5704,60.8572,50.4801,56.5292,39.9881,65.0304,16.53,83.766,67.0103,55.3836,23.6495
2009-12-31,20.8147,29.3391,33.6973,107.31,33.624,60.5633,49.881,56.448,39.6244,64.9521,16.54,82.962,66.9523,55.1199,23.2443
2010-01-04,21.3388,30.1946,34.5812,109.8,33.8881,60.7137,51.1112,56.746,40.2047,65.0383,17.23,84.369,67.1262,55.0708,23.1456
2010-01-05,21.3642,30.4137,34.6117,109.7,34.0489,60.9803,50.9355,57.0171,40.2047,65.1165,17.51,84.5923,67.3454,55.4265,23.1196
2010-01-06,21.7447,30.4774,34.758,111.51,34.1369,60.7342,50.8875,56.8491,39.9622,65.1244,17.86,84.6519,67.1713,54.6845,23.078
2010-01-07,21.4741,30.3006,34.6239,110.82,34.2747,60.7342,51.263,56.9195,39.9881,65.1087,17.89,85.0092,67.2745,54.7765,23.3274
2010-01-08,21.4572,30.541,34.8982,111.37,34.3283,60.8094,51.5426,57.0441,40.3173,65.1713,18.15,85.2921,67.4163,54.752,23.156
2010-01-11,21.3896,30.4774,35.1847,112.85,34.2977,60.8504,51.3349,57.1038,40.1527,65.2027,18.21,85.4112,67.2681,54.4515,23.2911
2010-01-12,20.933,29.9895,34.7702,110.49,34.1216,61.288,50.7757,57.2122,39.6504,65.2575,17.91,84.6147,67.5773,55.3836,22.9014
2010-01-13,20.9499,30.0814,35.0628,111.54,34.1982,60.9939,51.4308,56.9737,40.144,65.2027,18.27,85.3293,67.2745,54.7397,23.3638
2010-01-14,20.84,30.0037,35.331,112.03,34.2364,61.2811,51.6225,57.1796,40.1787,65.2653,18.31,85.5601,67.4484,55.5062,23.343
2010-01-15,20.6033,29.6573,34.7763,110.86,34.0986,61.5545,50.8716,57.1579,39.711,65.3201,18.05,84.5998,67.6675,55.8496,23.1664
2010-01-19,20.7386,30.2582,35.1176,111.52,34.1139,61.4451,51.8062,57.2068,40.3519,65.3358,18.45,85.6569,67.616,55.6902,23.6391
2010-01-20,20.3497,29.53,34.2216,108.94,34.0642,61.657,51.0553,57.1688,39.7716,65.3358,17.57,84.7859,67.7191,56.2543,23.3742
2010-01-21,20.0961,28.6392,33.4901,107.37,33.5321,61.8826,50.2165,57.3205,39.3992,65.3906,17.07,83.1555,67.848,56.5118,22.704
2010-01-22,19.8847,28.003,32.8378,107.17,33.2144,61.9373,49.3138,57.2338,38.2473,65.4454,16.78,81.3018,67.7835,56.4137,22.1325
2010-01-25,19.9777,28.208,33.2401,107.48,33.2642,61.8006,49.3697,57.2284,38.3772,65.3906,16.83,81.7187,67.6096,56.1561,22.2883
2010-01-26,19.7579,27.6212,33.0512,107.56,33.3063,61.9236,48.8824,57.0767,38.4118,65.3984,16.43,81.3763,67.8157,56.1745,22.0805
2010-01-27,19.4704,27.5505,33.0146,106.53,33.3178,61.7801,49.4016,56.8707,38.715,65.3749,16.26,81.7634,67.6353,56.1439,22.2779
2010-01-28,19.4028,27.3596,32.4599,106.48,33.1761,61.7596,48.5548,56.7894,37.7189,65.4062,15.92,80.8254,67.7255,56.1132,22.0857
2010-01-29,19.183,27.0627,31.9905,105.96,33.0077,61.9988,48.0196,57.1525,37.0607,65.4688,15.9,79.9469,67.9768,56.6038,21.961
2010-02-01,19.648,27.7909,32.5757,108.35,33.167,61.7862,48.5868,56.8978,37.4678,65.4406,16.36,81.1901,67.9497,56.09,22.3611
2010-02-02,20.0707,28.0171,33.1182,109.13,33.2673,61.889,49.122,57.0774,37.8056,65.4485,16.35,82.1729,68.0724,56.25,22.6676
2010-02-03,19.8255,27.8545,32.7708,108.7,33.437,61.5941,48.7945,57.0175,38.0134,65.4015,16.07,81.7634,67.7948,55.5977,22.2987
2010-02-04,19.1661,26.5961,31.4358,104.37,32.9626,62.1017,47.1648,57.0121,36.9135,65.4955,15.04,79.2397,67.9755,56.4777,21.4727
2010-02-05,18.9209,26.2992,31.3809,104.68,32.7697,62.3005,47.3486,56.8379,37.2253,65.5974,14.9,79.4035,67.8529,56.6007,21.8675
2010-02-08,18.9293,26.0376,30.7592,104.04,32.627,62.2457,46.8772,56.8923,36.9568,65.5504,14.75,78.8302,67.7496,56.6746,21.3895
2010-02-09,19.2675,26.886,31.7284,105.41,32.6925,61.9096,47.5243,56.7617,37.3379,65.4878,15.12,79.8204,67.5171,56.1085,21.322
2010-02-10,19.3436,26.8153,31.5272,105.12,32.2528,61.7382,47.6362,56.3208,37.2599,65.4172,14.95,79.664,67.317,55.573,21.3635
2010-02-11,19.5719,27.5222,31.8198,107.13,32.3839,61.6628,48.3951,56.4515,37.8229,65.4406,15.37,80.4978,67.1556,55.2716,21.5662
2010-02-12,19.462,27.1758,31.5455,107.04,32.3646,61.8068,48.7466,56.5168,37.9008,65.4955,15.24,80.4308,67.1556,55.4992,21.8207
2010-02-16,20.0538,27.8757,32.2465,109.62,32.6848,61.9439,49.5694,56.74,38.3858,65.5033,15.82,81.6964,67.3493,55.6039,22.439
2010-02-17,19.9523,27.9747,32.2892,109.25,32.9355,61.6147,49.9049,56.5494,38.6024,65.4485,15.74,82.0835,67.2201,54.97,22.6416
2010-02-18,20.1299,28.0807,32.4721,109.98,33.248,61.3953,50.3123,56.5114,38.8449,65.4093,15.88,82.5674,67.162,54.7485,22.9793
2010-02-19,20.2482,27.8404,32.2709,109.47,33.4718,61.4296,50.3763,56.7127,38.8276,65.3858,15.97,82.7386,67.0458,55.0438,22.9949
2010-02-22,20.1383,27.8757,32.3319,109.07,33.5142,61.3815,50.528,56.7454,38.7496,65.4093,15.9,82.7535,66.8779,54.8162,23.0521
2010-02-23,19.8086,27.2324,31.8747,107.89,33.2712,61.8479,49.9369,56.8815,38.2473,65.4641,15.57,81.7485,67.0845,55.6715,22.8754
2010-02-24,19.9692,27.4939,32.0758,107.36,33.3985,61.8822,50.3603,57.1264,38.637,65.4955,15.62,82.5004,66.9554,55.8069,23.1092
2010-02-25,19.6311,27.2677,31.8808,108.31,33.4023,62.1085,50.3763,57.0665,38.6284,65.5504,15.77,82.3887,66.9554,56.1207,23.1975
2010-02-26,19.9777,27.5434,32.0758,109.43,33.6261,62.2045,50.1686,57.4421,38.7669,65.5738,16.07,82.4408,67.091,56.41,23.1871
2010-03-01,19.7748,28.01,32.3258,109.43,33.6517,62.2692,51.3349,57.5159,39.3299,65.5621,16.11,83.2969,67.1001,56.3853,23.3846
2010-03-02,19.9861,28.3282,32.5696,111.02,33.8693,62.3036,51.7263,57.6361,39.4512,65.5621,16.56,83.5277,67.1517,56.3112,23.395
2010-03-03,20.1806,28.3635,32.9597,111.63,33.9043,62.2417,52.0219,57.7564,39.4945,65.5543,16.82,83.6022,67.1259,56.1692,23.3326
2010-03-04,20.0031,28.215,32.8744,110.83,33.9315,62.3517,52.1577,57.7837,39.6244,65.5307,16.79,83.8553,67.1969,56.4655,23.4781
2010-03-05,20.2398,28.9503,33.5144,110.81,34.1336,62.056,53.2202,57.7127,40.222,65.4758,17.01,85.0539,67.0484,55.7248,24.1171
2010-03-08,20.2144,28.9715,33.5144,109.88,34.1414,61.8909,53.3161,57.8056,40.3,65.4445,16.89,85.0688,66.9903,55.4346,24.3613
2010-03-09,19.9946,29.1341,33.4352,109.72,34.2891,62.0491,53.5078,57.7509,40.5251,65.4915,16.92,85.2102,67.1065,55.447,24.4185
2010-03-10,20.0538,29.3391,33.5754,108.47,34.3007,61.946,53.9632,57.8056,40.8543,65.4758,16.66,85.5899,67.0354,55.305,24.6367
2010-03-11,20.0031,29.3462,33.7034,108.6,34.2697,61.8909,54.1229,57.7837,41.0101,65.3974,16.81,85.9472,67.113,55.5087,24.7821
2010-03-12,19.8847,29.2472,33.929,107.95,34.2774,61.9872,54.099,57.9041,41.0188,65.4052,16.76,85.9546,67.2873,55.8544,24.9796
2010-03-15,19.648,29.0351,33.6912,108.36,34.2385,61.9872,53.9152,57.8931,40.9149,65.4288,16.74,85.977,67.2744,55.7803,24.9224
2010-03-16,19.9101,29.4098,34.1179,110.4,34.3551,62.2279,54.3786,58.1609,41.1747,65.4445,17.05,86.6619,67.5262,56.2248,25.5251
2010-03-17,20.0876,29.728,34.3008,109.59,34.3551,62.3036,54.6981,58.3741,41.2873,65.4601,17.08,87.1756,67.6683,56.4655,25.9043
2010-03-18,20.0453,29.5017,34.0996,110.34,34.4057,62.1385,54.5303,58.2593,41.4259,65.4209,17.08,87.1309,67.3971,56.2803,25.7641
2010-03-19,19.8001,29.12,33.7522,108.28,34.2346,62.056,53.8513,58.2156,41.1753,65.3739,16.65,86.6899,67.2679,56.3358,25.4835
2010-03-22,19.8001,29.226,33.8497,107.75,34.3979,62.2623,54.6102,58.3085,41.5481,65.3974,16.6,87.1533,67.4229,56.3976,25.8056
2010-03-23,19.7156,29.431,34.0874,108.32,34.394,62.1316,55.3053,58.2702,41.8342,65.3739,16.72,87.7663,67.3712,56.1321,25.7329
2010-03-24,19.4958,28.9927,33.5266,106.3,34.3746,61.5127,54.6742,57.8384,41.6348,65.2718,16.29,87.3402,66.8288,55.1074,25.8732
2010-03-25,19.3859,28.915,33.5084,106.78,34.4562,61.2858,54.3298,57.6307,41.5741,65.2954,16.32,87.1982,66.7385,54.7555,25.9365
2010-03-26,19.4197,29.0563,33.8375,108.59,34.4445,61.4302,54.3058,57.8056,41.6175,65.3346,16.61,87.1459,66.8224,54.9099,25.8004
2010-03-29,19.8593,29.5795,34.124,108.75,34.4873,61.3409,54.6021,57.7564,41.8169,65.366,17.04,87.699,66.7385,54.7,25.8789
2010-03-30,19.9016,29.6926,34.124,107.97,34.4523,61.4027,54.7703,57.7892,41.9556,65.3503,16.95,87.7588,66.7965,54.8728,25.8423
2010-03-31,19.8847,29.7774,34.124,108.95,34.3435,61.5471,54.2977,57.8166,41.7562,65.3974,17.14,87.4598,67.0871,55.2494,25.5492
2010-04-01,20.2736,30.5551,34.7275,110.26,34.2605,61.4195,54.8023,57.9423,41.7562,65.3738,17.54,88.0578,67.0755,55.1143,25.68
2010-04-05,20.5949,30.8308,34.7641,110.89,34.2448,60.8678,55.8274,57.4097,42.1464,65.1932,17.75,88.7754,66.6021,54.1973,26.2453
2010-04-06,20.5779,30.9227,34.6666,111.03,34.468,61.0471,56.1557,57.547,42.2678,65.2403,17.61,88.9847,66.8679,54.2841,26.8473
2010-04-07,20.5019,30.6541,34.4227,112.49,34.5189,61.4264,55.9796,57.838,42.1637,65.3424,17.77,88.4764,67.3413,54.978,26.2558
2010-04-08,20.468,30.7601,34.3861,112.65,34.5776,61.3574,55.9235,57.7281,42.2591,65.3267,17.72,88.7829,67.2765,55.0028,26.2872
2010-04-09,20.5103,30.951,34.8372,113.64,34.6285,61.4264,56.2598,57.7666,42.5105,65.3424,18.01,89.366,67.3478,55.133,26.6589
2010-04-12,20.4934,30.7036,34.9469,113.01,34.6364,61.5919,56.4921,57.9313,42.5452,65.3738,17.8,89.508,67.5359,55.4241,26.4914
2010-04-13,20.5695,30.64,34.9165,112.69,34.7303,61.7092,56.6202,58.1399,42.762,65.3581,17.84,89.5753,67.5942,55.6038,27.1404
2010-04-14,20.8062,31.0924,35.3798,113.03,34.8243,61.5437,57.8295,58.0905,43.2735,65.3581,18.07,90.5919,67.5099,55.2135,27.1823
2010-04-15,20.8823,30.9227,35.3554,113.65,34.9183,61.6471,58.0057,58.1894,43.4643,65.4052,18.07,90.6667,67.7044,55.2754,26.439
2010-04-16,20.5019,30.0178,34.5751,111.24,34.6364,62.0195,57.2289,58.3266,42.9441,65.5073,17.41,89.224,67.8601,55.6782,25.8318
2010-04-19,20.2398,29.8976,34.4837,111.15,34.5698,61.8679,56.9486,58.1784,42.9181,65.4445,17.38,89.5603,67.698,55.5419,25.947
2010-04-20,20.4004,30.2511,34.697,111.46,34.9418,61.8954,57.7254,58.3047,43.1348,65.4524,17.48,90.3602,67.8601,55.7402,26.3867
2010-04-21,20.5019,30.1522,34.4715,112.31,34.9457,62.0953,58.1259,58.5078,43.3776,65.4602,17.77,90.1957,68.0676,56.1987,26.8473
2010-04-22,20.5526,30.2794,34.1606,111.84,34.8439,61.9505,58.7425,58.376,43.6203,65.4131,17.64,90.4648,67.873,56.0314,27.2608
2010-04-23,20.6879,30.442,34.4166,113.19,35.071,61.7781,59.3672,58.3651,43.8024,65.3895,17.91,91.0554,67.8795,55.8331,27.622
2010-04-26,20.5864,30.442,34.4532,112.75,35.071,61.8195,59.1429,58.3925,43.707,65.3895,17.93,90.7115,67.9379,55.8951,27.8418
2010-04-27,20.2736,29.3533,33.0695,114.63,34.6285,62.3988,57.7895,58.431,42.7793,65.5151,17.88,88.5661,68.3334,56.682,26.952
2010-04-28,20.3412,29.6007,33.0756,114.31,34.652,62.0816,57.8856,58.5298,42.8053,65.4995,17.75,89.2389,68.1973,56.1987,27.0357
2010-04-29,20.5019,30.0885,33.5876,114.28,34.8909,62.185,59.1109,58.678,43.551,65.5151,18.14,90.3453,68.5539,56.4341,28.2554
2010-04-30,20.6625,29.728,33.167,115.36,35.0044,62.5643,57.3811,58.9196,42.6926,65.5937,18.26,88.8128,68.7744,57.0847,27.376
2010-05-03,20.7639,29.8906,33.4047,115.73,35.0005,62.4004,58.6704,58.9372,43.2909,65.5292,18.42,89.964,68.6529,57.0101,28.2868
2010-05-04,20.206,28.519,32.082,114.87,34.6416,62.8223,56.8285,59.0089,41.9903,65.5685,17.59,87.8485,68.7568,58.036,27.6429
2010-05-05,19.7494,28.003,31.4663,115.09,34.1683,63.0645,55.9956,58.7553,41.7736,65.655,17.11,87.3252,68.7893,58.378,27.2713
2010-05-06,19.3605,26.8577,30.0643,118.49,33.3205,63.7562,53.8974,57.7849,40.3776,65.7964,17.32,84.4249,69.1011,60.1811,26.1511
2010-05-07,19.2591,26.9991,29.9972,118.27,33.3165,63.5832,52.3437,57.9724,39.3719,65.7729,18.0,83.169,68.9517,59.4288,25.7114
2010-05-10,19.6311,28.9432,31.9417,117.57,33.9396,63.0991,55.2828,58.3363,41.4181,65.6864,18.11,86.8319,68.7568,58.1977,27.4074
2010-05-11,19.5972,28.4201,31.4236,120.66,33.9002,63.1751,55.6512,58.3969,41.3747,65.7257,18.95,86.5852,68.8868,58.0484,27.5696
2010-05-12,19.7579,28.7736,31.7772,121.4,34.3143,63.016,57.357,58.3748,42.1551,65.71,19.12,87.7962,68.9712,57.607,28.0146
2010-05-13,19.5888,28.5049,31.3626,120.56,34.1013,63.189,56.8045,58.5458,41.4874,65.7493,18.99,86.7048,69.0296,57.9863,27.5592
2010-05-14,19.09,27.9181,30.4727,120.37,33.9041,63.5971,55.7073,58.5292,40.6898,65.8357,18.93,85.135,69.231,58.9935,26.685
2010-05-17,18.5489,27.7485,30.5153,119.36,33.8607,63.4587,55.8114,58.6285,40.8198,65.8121,18.53,85.1799,68.9906,58.7759,26.7217
2010-05-18,18.5235,27.1687,29.857,119.49,33.7897,63.9222,54.7382,58.816,40.2563,65.8829,18.57,84.0212,69.3478,59.6775,26.0464
2010-05-19,18.3545,26.9072,29.9728,116.63,33.5926,63.9775,54.0896,58.8491,39.9355,65.8514,17.87,83.5428,68.9062,59.8765,25.8057
2010-05-20,17.974,25.571,28.9304,115.84,32.5908,64.6001,51.3506,58.7167,38.4528,65.9301,17.35,80.3883,68.8997,61.1386,24.4813
2010-05-21,18.16,26.3981,29.6376,115.22,33.2455,64.6347,52.1114,58.6175,38.8777,65.8829,17.29,81.5619,68.9452,61.2008,25.3031
2010-05-24,18.1431,26.1224,28.9548,116.84,33.2968,64.6347,51.4147,58.7718,38.7216,65.875,17.56,80.5154,68.8738,60.9894,24.7378
2010-05-25,17.9994,25.8397,28.8451,117.36,33.2573,64.856,51.4067,58.4906,38.7563,65.8671,17.54,80.5976,68.6464,61.2879,24.9367
2010-05-26,18.1938,25.8255,28.4184,118.47,32.859,64.7246,51.5348,58.5292,38.3228,65.8121,17.74,80.1117,68.7763,61.1138,24.8844
2010-05-27,18.7264,27.3879,30.0338,118.69,33.3126,64.109,53.7452,58.226,39.7707,65.765,18.12,82.7953,68.5231,59.7272,26.2506
2010-05-28,18.5658,26.9354,29.4547,118.88,33.3678,64.3995,53.0564,58.1488,39.5366,65.8907,18.03,81.7562,68.9062,60.0008,25.9156
2010-06-01,18.2192,26.4406,29.1621,119.91,33.21,64.4827,51.4467,58.1006,39.1725,65.8915,18.02,80.3808,68.7763,60.4225,25.3764
2010-06-02,18.439,27.3667,29.9423,119.78,33.3809,64.1151,52.9123,58.3054,40.1002,65.8443,17.98,82.4739,68.7045,59.8486,25.8737
2010-06-03,18.5404,27.2677,29.8509,117.96,33.3928,64.0249,53.593,58.1172,40.4817,65.8286,17.64,82.7579,68.7371,59.4119,25.8004
2010-06-04,17.9655,26.2992,28.5769,119.19,33.206,64.9128,50.9022,58.4716,39.0944,65.978,17.05,79.8501,69.1745,61.009,24.34
2010-06-07,17.9994,25.8891,28.2172,121.49,32.9755,65.1764,49.5888,58.7152,38.3835,65.9545,17.81,78.8559,69.2332,61.4769,24.2092
2010-06-08,18.1431,26.483,28.6683,121.0,33.0272,64.9752,49.5647,58.7152,38.3141,65.9466,17.89,79.7006,69.057,61.1712,24.6436
2010-06-09,18.2276,26.3416,28.5647,120.56,33.0987,64.9822,49.5968,58.7374,37.9933,65.9545,17.76,79.2745,69.1288,61.1026,24.7902
2010-06-10,18.532,27.2607,29.7717,118.97,33.4365,64.3787,51.3106,58.4937,39.0771,65.8679,17.86,81.5918,68.6196,60.0108,25.8632
2010-06-11,18.5574,27.402,29.8143,120.01,33.4842,64.7879,52.0073,58.7097,39.4499,65.9387,17.85,81.988,69.0178,60.7719,26.1721
2010-06-14,18.6081,27.4091,30.0033,119.6,33.5279,64.7324,52.3357,58.5989,39.4412,65.9545,17.86,81.8609,69.0178,60.46,26.4966
2010-06-15,18.9209,28.2363,30.9542,120.99,33.8538,64.5313,53.6491,58.527,40.499,65.923,18.19,83.7222,68.9264,60.2104,27.0881
2010-06-16,18.9632,28.2363,30.8079,120.33,33.8816,64.7117,53.4008,58.5879,40.6637,65.9387,18.08,83.6923,69.1418,60.5536,26.8421
2010-06-17,18.9716,28.0949,30.9055,121.9,34.1359,65.0168,53.4649,58.9754,40.7938,65.978,18.33,83.8269,69.4748,61.0464,26.8996
2010-06-18,18.9378,28.2221,30.8506,122.83,34.283,64.8851,53.4969,58.97,40.8277,65.986,18.75,83.9177,69.3573,60.9466,26.8159
2010-06-21,18.8617,28.7099,30.8445,120.39,34.4062,64.8365,52.9443,59.1194,40.4802,65.9938,18.33,83.6774,69.3964,60.7719,26.6065
2010-06-22,18.8194,28.1585,30.4544,121.45,34.1598,65.2249,51.8552,59.4074,40.1675,66.0252,18.42,82.2954,69.5597,61.4956,25.8161
2010-06-23,18.5066,28.2311,30.6584,120.95,34.1359,65.4677,51.711,59.6565,40.0025,66.0725,18.18,82.0401,69.5727,61.9136,25.8842
2010-06-24,18.5489,27.7329,30.125,121.3,33.9015,65.4122,50.8861,59.4185,39.3944,66.0882,18.26,80.6806,69.3769,61.5455,25.3362
2010-06-25,18.8871,28.0603,30.2987,122.76,34.0565,65.5163,51.7591,59.5181,39.4022,66.1118,18.67,81.0186,69.6184,61.795,25.9756
2010-06-28,18.6842,27.8681,30.0754,121.09,34.1319,65.981,51.4627,59.8448,39.263,66.1511,18.38,80.7632,69.7816,62.3753,25.6691
2010-06-29,18.1685,26.7366,29.0458,121.27,33.7902,66.2654,49.5167,59.8171,37.7485,66.1826,18.13,78.2696,69.8403,63.0553,24.829
2010-06-30,18.2361,26.5587,28.8474,121.68,33.7386,66.3625,48.9481,60.0552,37.174,66.1669,18.21,77.5261,69.7881,63.4796,24.5648
2010-07-01,17.9571,26.7509,29.2691,117.04,33.8999,66.3334,48.5957,60.1219,37.0696,66.1456,17.44,77.1806,69.3895,63.5797,24.4802
2010-07-02,17.9233,26.8647,29.2071,118.49,33.9078,66.2151,48.0646,59.9496,36.9651,66.1456,17.46,76.76,69.2586,63.0728,24.01
2010-07-06,17.974,27.3629,29.7901,116.51,34.1761,66.375,47.4379,60.1998,37.0783,66.1456,17.4,77.2632,69.3372,63.5922,23.4763
2010-07-07,18.3798,27.9678,30.7205,117.73,34.5884,66.1665,49.0931,60.2387,38.262,66.1377,17.65,79.6967,69.0492,62.8475,24.6176
2010-07-08,18.5489,28.103,31.0182,117.21,34.7486,66.0065,49.8001,60.0886,38.4709,66.1456,17.61,80.4853,69.1539,62.447,24.9241
2010-07-09,18.5827,28.4446,31.0492,118.36,34.6685,65.8325,50.5715,60.0163,38.8365,66.1219,17.73,81.0862,69.2063,62.0903,25.2411
2010-07-12,18.3714,28.2169,30.9314,117.34,34.6405,65.9439,50.001,60.0886,38.9496,66.1298,17.62,81.1388,69.1605,62.0653,25.3204
2010-07-13,18.6673,28.5442,31.502,118.36,34.9087,65.617,51.5839,60.1219,39.4544,66.0826,17.82,82.363,69.0819,61.5334,25.9439
2010-07-14,18.6334,28.4873,31.6136,118.3,34.8767,65.9439,51.3991,60.3888,39.6546,66.1535,17.96,82.3555,69.2783,62.1529,25.7906
2010-07-15,18.811,28.3521,31.7687,118.23,34.9287,66.2846,50.925,60.4944,39.6894,66.1692,17.95,82.378,69.3634,62.7724,25.7061
2010-07-16,18.5743,27.5052,30.7515,116.67,34.7166,66.6672,49.069,60.6,38.5927,66.2322,17.49,80.1098,69.1997,63.0791,24.8712
2010-07-19,18.5574,27.8681,30.95,115.73,34.8326,66.4933,49.2779,60.5889,38.9235,66.2086,17.27,80.583,68.9314,62.691,25.1777
2010-07-20,18.7095,28.5229,31.1608,116.65,35.1129,66.5629,50.1054,60.6556,39.3935,66.2322,17.33,81.4767,69.0099,62.7849,25.648
2010-07-21,18.6588,28.2311,30.5964,115.85,35.0969,66.987,49.2056,60.9503,38.8539,66.2637,17.31,80.4177,69.3699,63.8488,25.1143
2010-07-22,19.0308,29.0851,31.626,116.86,35.4091,66.6185,50.9571,60.8725,39.8374,66.2401,17.71,82.2128,69.3045,63.1103,26.0548
2010-07-23,18.9716,29.2843,31.9982,116.09,35.5692,66.4029,52.2106,60.9503,40.0898,66.2086,17.72,82.9263,69.1278,62.4407,26.3877
2010-07-26,18.9547,29.4836,32.2215,115.52,35.5852,66.382,53.3997,61.0059,40.4206,66.1849,17.78,83.7901,69.1539,62.3343,27.0482
2010-07-27,18.7518,29.4338,32.3145,113.51,35.5372,66.1525,53.2069,60.8002,40.4031,66.1456,17.3,83.7825,69.0557,61.7336,27.0429
2010-07-28,18.8279,29.2701,32.147,113.78,35.4611,66.4377,52.3472,61.017,40.0811,66.2086,17.16,83.2418,69.2848,61.9338,26.9901
2010-07-29,19.0984,29.3199,32.2959,114.29,35.5692,66.5767,52.2106,61.0392,39.7852,66.2637,17.24,82.8362,69.3699,61.9151,26.7629
2010-07-30,19.3521,29.4622,32.1966,115.49,35.4772,66.9662,52.2427,61.3228,39.8722,66.2952,17.58,82.8212,69.6186,62.8787,26.9214
2010-08-02,19.7241,30.2237,33.2821,115.54,35.6621,66.7591,53.1507,61.1928,40.6208,66.2802,17.96,84.6913,69.7445,61.9961,27.8249
2010-08-03,19.7917,30.0814,33.2324,115.99,35.6621,67.0729,52.7248,61.3435,40.4467,66.3275,18.02,84.2858,70.1117,62.3539,27.5555
2010-08-04,19.9608,30.1241,33.2634,116.72,35.642,66.794,53.2792,61.1537,40.8558,66.2723,17.93,84.8491,69.8756,61.8768,27.751
2010-08-05,19.8678,29.9889,33.2386,116.98,35.6259,67.1147,52.6525,61.2653,40.76,66.3511,17.96,84.759,70.1314,62.1656,27.4022
2010-08-06,19.6902,29.9462,33.3379,117.84,35.6178,67.554,52.3391,61.6169,40.6991,66.3668,18.07,84.4135,70.1969,62.8437,27.2754
2010-08-09,19.7579,30.1027,33.3751,117.4,35.5533,67.5401,52.9176,61.8179,40.9776,66.3275,17.96,84.8641,70.1641,62.6113,27.5872
2010-08-10,19.5465,29.69,33.1084,117.73,35.5413,67.8818,51.9213,61.7398,40.6208,66.359,17.97,84.406,70.5969,62.7431,27.3177
2010-08-11,19.1069,28.7435,31.6012,117.34,35.0777,68.2653,49.8805,61.7342,39.5154,66.3747,17.53,82.0926,70.5904,63.5844,26.6361
2010-08-12,18.9632,28.7933,31.564,118.77,34.9568,68.0909,49.6314,61.5165,39.202,66.359,17.69,81.5894,70.1247,63.4275,26.3032
2010-08-13,18.9463,28.9498,31.4523,118.74,35.11,68.3838,49.069,61.7565,38.9235,66.3511,17.74,81.3491,70.3084,64.2185,26.3032
2010-08-16,18.8871,29.2203,31.7066,119.73,35.1543,68.8788,49.4627,62.4375,38.9931,66.4142,18.0,81.3115,70.5379,65.8257,26.282
2010-08-17,19.1576,29.5263,32.0602,119.75,35.2873,68.5303,50.3144,62.337,39.4892,66.3984,18.12,82.3104,70.3805,65.449,26.8844
2010-08-18,19.0815,29.5049,32.0478,120.22,35.3478,68.4605,50.467,62.3928,39.6459,66.4142,18.02,82.4607,70.3412,65.6248,26.9108
2010-08-19,18.8871,29.2772,31.533,120.39,35.2752,68.7673,49.085,62.4598,39.0454,66.4299,17.92,81.0261,70.3477,66.6482,26.2239
2010-08-20,18.7687,29.1918,31.2043,119.97,35.3599,68.5442,49.1332,62.5714,39.0976,66.4063,17.59,80.7632,70.2625,66.5728,26.1394
2010-08-23,18.6419,28.9285,31.1422,119.78,35.3599,68.6348,48.4663,62.7054,38.7146,66.4142,17.61,80.4553,70.2625,66.5853,26.002
2010-08-24,18.4305,28.5585,30.7143,120.36,35.1745,69.1787,47.9119,62.8505,37.9922,66.4614,17.99,79.2611,70.4985,67.6527,25.8963
2010-08-25,18.5235,28.3734,30.7453,121.36,35.1261,68.865,48.6351,62.9678,38.3577,66.3984,18.54,79.569,70.4985,67.4329,26.3085
2010-08-26,18.7349,28.1955,30.7329,120.96,35.0777,69.1787,48.2735,63.0236,37.8965,66.3984,18.59,79.0358,70.8788,68.067,26.1499
2010-08-27,19.0562,28.8146,31.3345,121.01,35.0737,68.3838,49.535,62.4542,38.3577,66.3511,18.7,80.26,70.4592,66.1396,26.5832
2010-08-30,19.0223,28.3378,30.8817,120.91,35.1382,68.9068,48.4503,62.8617,37.9574,66.4299,18.63,79.0958,70.7739,67.4078,26.3771
2010-08-31,18.7687,28.5086,30.9748,122.08,35.1261,69.2136,48.3539,63.0738,37.8268,66.4535,18.93,79.0958,70.9706,68.1549,26.5779
2010-09-01,19.1407,29.5121,32.0788,121.69,35.5057,68.7152,50.226,62.5999,38.9583,66.4141,18.96,81.4617,70.6689,66.7457,27.4445
2010-09-02,19.276,29.5619,32.2586,122.29,35.5625,68.4286,50.7804,62.5214,39.3935,66.3983,19.28,82.2203,70.5378,66.0404,27.7932
2010-09-03,19.3774,29.9106,32.5564,121.86,35.6681,68.0371,51.6883,62.0507,40.0463,66.3668,19.42,83.2869,70.4262,65.2219,28.2001
2010-09-07,19.4789,29.4765,32.1036,122.7,35.6153,68.5754,50.7081,62.5101,39.7765,66.4377,19.36,82.348,70.8198,66.5568,27.7668
2010-09-08,19.5212,29.7967,32.3517,122.71,35.6234,68.3866,51.0053,62.3869,40.2552,66.3904,19.5,82.9263,70.6099,66.0278,27.8249
2010-09-09,19.4112,29.9675,32.6556,121.56,35.7655,67.8484,51.0375,62.0619,40.4119,66.3194,19.32,83.3094,70.4525,64.7244,27.5026
2010-09-10,19.6142,30.0743,32.7549,121.73,35.8589,67.6527,51.1982,62.1068,40.5598,66.3116,19.42,83.73,70.5246,64.4285,27.6506
2010-09-13,19.7579,30.793,33.3503,121.62,36.0456,67.9742,52.4436,62.1908,41.1256,66.3668,19.54,84.6613,71.0034,64.7433,28.105
2010-09-14,19.8171,30.7788,33.5736,124.02,36.0375,68.3167,52.2186,62.4822,41.2996,66.4141,20.05,84.6087,70.9313,65.3667,27.9993
2010-09-15,19.7832,30.8215,33.586,123.94,36.005,68.079,52.5159,62.3813,41.5608,66.4299,20.17,84.9317,70.7804,64.397,28.2424
2010-09-16,19.6818,30.6649,33.4247,124.63,36.0659,67.8414,52.1785,62.1852,41.7261,66.4456,20.35,84.9092,70.6361,63.761,28.0944
2010-09-17,19.7494,30.6151,33.2634,124.54,36.1309,67.9952,52.3954,62.3869,41.8675,66.4614,20.29,84.9409,70.4329,64.0192,28.179
2010-09-20,19.9101,31.099,33.8403,124.87,36.1877,68.2049,53.8497,62.4653,42.6003,66.4693,20.29,86.2396,70.7083,64.3907,28.8659
2010-09-21,19.6987,31.0065,33.8341,126.01,36.1268,68.841,53.5363,62.9416,42.5916,66.5166,20.59,86.066,71.6133,65.2848,28.4431
2010-09-22,19.8171,31.0279,33.7844,126.2,35.9807,68.9459,52.9016,62.9024,42.4781,66.5088,20.71,85.6431,71.7117,65.8704,28.0574
2010-09-23,19.834,30.8286,33.4185,126.3,35.8873,69.0437,52.2612,62.9472,42.4607,66.5166,20.66,84.9484,71.6593,66.0593,27.3652
2010-09-24,20.1383,31.3979,34.3489,126.69,36.0294,68.7012,53.9608,62.8071,43.3244,66.5088,21.01,86.7003,71.2985,65.1715,28.1394
2010-09-27,20.0031,31.341,34.1752,126.72,36.0903,69.2325,53.8239,63.1321,43.0889,66.5246,20.99,86.2849,71.5084,66.3049,27.7928
2010-09-28,20.0031,31.5687,34.3737,127.85,36.143,69.4632,54.3555,63.2441,43.0714,66.5403,21.29,86.587,72.0069,66.7583,27.9048
2010-09-29,20.2651,31.6755,34.3178,127.95,36.2283,69.2954,54.5086,63.1825,43.0016,66.5246,21.4,86.436,71.6855,66.4812,27.6862
2010-09-30,20.3835,31.8605,34.0636,127.91,36.411,69.2115,54.3716,63.3617,42.8097,66.5323,21.31,86.1792,71.5281,66.4372,27.7662
2010-10-01,20.4258,32.3302,34.4047,128.91,36.4588,69.2486,54.6616,63.0547,42.7573,66.5442,21.65,86.5417,71.7218,66.116,27.9048
2010-10-04,20.3581,32.2306,33.9085,128.46,36.3321,69.4939,53.9206,63.156,42.2949,66.5521,21.51,85.8923,71.8335,66.2867,28.1607
2010-10-05,20.7724,32.8141,34.8699,130.99,36.4629,69.5079,55.451,63.2853,43.3244,66.5837,22.34,87.6215,72.2931,65.8885,28.6085
2010-10-06,20.7809,32.7999,35.1614,131.81,36.4302,69.9563,55.2657,63.6959,42.9493,66.5916,22.69,87.6139,72.93,66.7165,28.4539
2010-10-07,20.5695,32.5081,35.0435,130.37,36.5038,70.0264,55.1047,63.679,43.1063,66.6468,22.02,87.5082,72.7659,66.1603,28.5339
2010-10-08,21.2543,32.8995,35.273,131.66,36.6264,70.0544,55.8054,63.6172,43.4029,66.6468,22.73,87.999,73.2453,65.8695,28.6139
2010-10-11,21.1529,32.8781,35.2296,132.29,36.704,70.1244,55.8538,63.6734,43.4204,66.6547,22.78,88.0821,73.2453,65.8822,28.6085
2010-10-12,21.2543,32.7429,35.1552,131.96,36.6713,69.9213,55.9987,63.5777,43.717,66.6073,22.84,88.3539,73.022,65.2313,28.8111
2010-10-13,21.3558,33.3478,35.5521,134.07,36.7939,69.9213,56.8526,63.544,44.0747,66.6152,23.49,89.0411,73.462,65.1301,29.1097
2010-10-14,21.3219,33.2909,35.8002,134.75,36.6182,69.5219,56.8123,63.0322,43.9874,66.5837,24.03,88.6937,73.6919,64.1568,29.035
2010-10-15,21.0852,33.2482,35.6824,133.68,36.7122,69.2206,56.619,62.6328,44.9209,66.6073,23.75,88.8749,73.219,63.3731,28.9977
2010-10-18,21.2966,33.2624,35.763,134.28,36.6631,69.5499,57.0942,63.0659,44.7552,66.6232,23.96,89.3129,73.3832,63.885,29.3709
2010-10-19,20.6709,32.2092,34.9753,130.11,36.659,69.7882,55.9826,63.0716,44.3364,66.6547,22.84,88.1425,73.4226,64.2706,29.0084
2010-10-20,21.1613,32.7216,35.6328,131.32,36.7734,69.7461,56.5546,63.1841,44.6592,66.6626,23.33,89.0033,73.4029,64.4096,29.6428
2010-10-21,20.8992,32.7216,35.4405,129.47,36.7162,69.3608,56.2807,63.0153,44.7465,66.6705,22.59,89.1996,73.4029,63.6449,29.6109
2010-10-22,21.0768,32.7572,35.5335,129.73,36.8838,69.3818,56.6432,63.0941,45.0518,66.6547,22.76,89.3657,73.4226,64.0746,29.6268
2010-10-25,21.1867,33.113,35.67,130.85,37.0268,69.3608,56.9815,63.319,45.2699,66.6705,23.1,89.63,73.6459,64.2579,29.6802
2010-10-26,21.2966,33.0845,35.4405,130.88,37.084,68.8983,56.9412,62.9816,45.392,66.6073,23.28,89.6451,73.2453,63.2656,29.4669
2010-10-27,21.2289,32.5223,35.0994,129.52,37.0432,68.4989,56.7962,62.8185,45.5316,66.5758,23.07,89.3884,72.7922,62.7094,29.259
2010-10-28,21.3388,32.7287,35.3723,131.24,37.0636,68.8983,56.4498,63.0716,45.6276,66.6626,23.43,89.4035,73.0549,62.8801,29.0777
2010-10-29,21.2881,32.8212,35.3599,132.62,37.0799,69.2066,56.6271,63.1953,45.5229,66.6784,24.17,89.4715,73.2978,63.4679,29.083
2010-11-01,21.4234,33.1842,35.2296,131.92,37.0104,69.0907,56.2404,63.1738,45.5578,66.7076,24.07,89.5017,73.413,63.1946,29.3336
2010-11-02,21.6178,33.5969,35.8126,132.49,37.1914,69.3225,57.4084,63.4674,46.0464,66.6681,24.31,90.2115,73.5907,64.0252,29.5362
2010-11-03,21.7193,33.8033,36.0607,131.57,37.3148,69.5473,57.6339,63.2585,46.2557,66.6918,24.25,90.5739,73.4591,62.7191,29.5362
2010-11-04,22.235,34.5719,36.8794,136.03,37.8002,70.1091,59.0919,63.857,46.8228,66.7076,25.63,92.3181,73.6368,63.2073,30.2186
2010-11-05,22.328,34.5078,36.7182,136.38,37.7591,69.8141,59.4222,63.6538,46.8228,66.6524,26.2,92.6655,73.3867,62.1231,30.5438
2010-11-08,22.3872,34.3655,36.4949,137.78,37.648,69.8352,59.3738,63.6876,46.8839,66.6207,27.15,92.4918,73.4854,62.4021,30.3786
2010-11-09,22.235,33.9314,36.129,135.59,37.5411,69.2452,58.5844,63.2134,46.6309,66.5339,26.18,91.8274,72.8207,61.0261,29.147
2010-11-10,22.4717,34.1805,36.2344,137.24,37.2325,69.5051,59.2369,63.0779,46.8664,66.5734,26.72,92.1974,72.9984,61.1086,29.5095
2010-11-11,22.2857,33.846,35.9243,137.66,37.0844,69.4279,59.0033,62.8012,46.5698,66.4707,27.11,91.85,73.0049,61.0769,29.275
2010-11-12,21.3558,33.0276,35.6266,133.69,36.9487,68.8519,58.0206,62.3608,45.8108,66.4707,25.52,90.7627,72.406,60.7472,29.003
2010-11-15,21.3896,33.0134,35.6017,132.42,36.8788,67.9669,58.0286,61.6776,45.6363,66.4312,24.93,90.6343,71.4977,59.4791,28.7258
2010-11-16,20.7555,32.1451,34.7644,130.97,36.4715,68.4726,56.9009,62.0051,44.886,66.4628,24.93,89.2223,71.6293,60.9565,27.7395
2010-11-17,20.5949,32.3088,34.9567,130.38,36.6566,68.276,57.054,62.0051,45.0169,66.5023,25.0,89.2676,71.6425,60.6204,27.9528
2010-11-18,21.1529,33.0774,35.8312,132.09,37.1215,68.1144,58.1656,62.0503,45.741,66.5102,26.35,90.5815,71.7609,60.8677,28.2033
2010-11-19,20.8485,33.0988,35.8312,132.2,37.1091,68.2549,58.3589,62.2649,45.7759,66.4707,26.74,90.8307,71.965,61.2418,28.3526
2010-11-22,20.9161,32.9991,35.4467,133.48,36.85,68.6201,58.6408,62.6093,46.1598,66.5339,27.17,90.7551,72.2151,61.5018,28.4272
2010-11-23,20.8654,31.953,34.3799,134.41,36.344,68.7606,58.085,62.6431,45.4269,66.5734,26.87,89.4412,72.2414,61.806,28.2033
2010-11-24,21.2543,32.6931,34.9257,134.18,36.562,68.0232,59.3899,62.1293,46.343,66.4548,26.94,90.7627,71.8597,60.7029,28.7471
2010-11-26,21.3558,31.8818,34.3427,133.11,36.4304,68.3181,58.9791,62.2083,46.0376,66.5023,26.13,89.7056,72.0703,61.5461,28.6885
2010-11-29,21.398,32.1309,34.0387,133.51,36.525,68.4656,59.0678,62.2705,46.0027,66.4944,26.55,89.9774,72.1493,62.0724,28.6725
2010-11-30,21.1951,31.8676,33.6542,135.42,36.6073,68.585,58.6006,62.1745,45.4444,66.5418,27.44,89.4715,72.0572,62.3957,28.5446
2010-12-01,21.8207,32.7785,34.6094,135.38,36.946,67.6831,59.9135,62.0362,46.404,66.4422,27.81,91.3743,71.5884,61.0087,28.7098
2010-12-02,22.0067,33.4261,35.2668,135.2,36.9667,67.5141,60.5176,61.9001,46.8751,66.4422,27.93,92.5447,71.5621,60.8496,29.1523
2010-12-03,22.2857,33.5471,35.608,138.07,37.0288,67.5211,60.9526,61.7245,46.9973,66.5291,28.6,92.7939,71.5555,60.3725,29.147
2010-12-06,22.2604,33.4902,35.4467,139.11,37.0081,67.9436,61.3312,62.1552,46.9798,66.5686,29.51,92.6957,71.839,61.2251,29.2056
2010-12-07,22.1082,33.3336,35.4653,136.5,37.1986,66.8171,61.6856,61.5771,47.006,66.4501,28.08,92.7486,71.127,59.9144,29.2696
2010-12-08,22.2773,33.1201,35.5707,134.79,37.0785,66.2468,61.6453,61.1803,47.1805,66.3473,27.7,93.0884,70.4348,59.3354,28.8378
2010-12-09,22.2181,33.0063,35.6638,135.37,36.9998,66.3876,61.8548,61.3277,47.2241,66.3394,28.03,93.4508,70.349,59.6281,28.5819
2010-12-10,22.1843,33.1557,35.7444,135.41,37.0164,65.8243,62.6281,61.0443,47.5382,66.3157,27.98,93.9945,70.0062,59.2655,28.7685
2010-12-13,22.4041,33.3692,36.129,136.05,36.83,66.0355,62.3058,61.271,47.3725,66.3552,28.87,94.0549,70.4282,59.4881,28.8165
2010-12-14,22.3449,33.419,36.1848,136.18,37.0122,65.3385,62.2736,60.8969,47.4597,66.3236,28.81,94.1379,69.7557,58.6228,28.5339
2010-12-15,22.2857,32.8781,35.7072,134.7,36.8673,65.0709,62.0803,60.5172,47.2503,66.2999,28.08,93.7076,69.9733,57.8593,28.262
2010-12-16,22.2096,32.9707,35.9057,133.81,37.004,65.4582,62.6522,60.8119,47.6167,66.3157,28.28,94.2512,70.2831,58.2602,28.31
2010-12-17,22.3787,33.0205,35.7072,134.2,37.0578,66.0214,62.8455,61.3674,47.6587,66.371,28.51,94.3522,70.7578,59.3227,28.5446
2010-12-20,22.5816,32.871,35.7878,135.11,37.1241,66.0144,63.0953,61.3277,47.6936,66.3868,28.71,94.5799,70.7512,59.259,28.8858
2010-12-21,22.7254,33.3509,36.0871,135.32,37.2028,66.1553,63.7961,61.4581,47.9821,66.371,28.64,95.1796,70.8698,59.6726,29.1897
2010-12-22,22.8437,33.4656,36.156,135.05,37.3063,65.9721,63.7774,61.4071,47.9734,66.3552,28.57,95.4756,70.8171,59.2464,29.4136
2010-12-23,22.9283,33.4298,36.1372,134.66,37.3435,65.7398,63.6965,61.4354,47.851,66.2683,28.61,95.339,70.5534,59.1255,29.2803
2010-12-27,22.886,33.3222,36.062,135.02,37.3725,65.9933,63.8907,61.5544,47.8772,66.3078,28.59,95.3769,70.705,59.6536,29.6441
2010-12-28,23.1312,33.3509,36.0933,137.22,37.3963,65.3,63.7127,61.0639,47.7898,66.2192,29.53,95.5136,70.1783,58.4852,29.7627
2010-12-29,23.1396,33.7778,36.4064,137.71,37.5213,66.0343,63.8503,61.5248,47.8947,66.3774,29.87,95.5818,70.6343,59.4748,29.822
2010-12-30,22.8606,33.9501,36.2311,137.03,37.563,65.9001,63.7289,61.5532,47.7811,66.3536,29.76,95.4301,70.5682,59.4301,29.9028
2010-12-31,23.2918,34.1869,36.4502,138.72,37.6297,66.2319,63.3082,61.7069,47.6062,66.4327,30.18,95.4529,71.0573,60.0877,29.8435
2011-01-03,23.3933,34.517,36.7507,138.0,37.6588,66.0272,64.4086,61.9459,48.3493,66.417,29.98,96.4396,70.7599,59.6344,30.3987
2011-01-04,23.0804,34.6748,36.638,134.75,37.8297,66.1825,63.4538,62.0256,48.3143,66.4011,29.08,96.3865,70.9383,59.7046,29.8166
2011-01-05,23.3256,34.5887,36.4815,134.37,37.9256,65.4695,64.1982,61.5704,48.7251,66.2825,28.61,96.8875,70.6673,58.3895,29.9244
2011-01-06,23.0128,34.2227,36.062,133.83,37.9714,65.8084,63.8988,61.6614,48.8825,66.3536,28.42,96.6977,70.8722,58.6448,29.6441
2011-01-07,22.9283,33.907,35.918,133.58,37.8256,66.2461,63.5347,61.9744,48.8388,66.4486,28.1,96.5079,71.0969,58.9577,29.6549
2011-01-10,23.1988,33.5554,35.8554,134.12,37.7964,66.4719,63.8988,62.0825,49.0224,66.4802,28.29,96.3865,71.3018,59.2769,29.6495
2011-01-11,23.4609,33.9142,36.0996,134.91,37.9422,66.2107,64.1577,62.054,49.0923,66.4407,28.89,96.728,71.3283,58.9449,29.5848
2011-01-12,23.6131,34.5959,36.8947,135.46,38.0214,66.0201,64.708,62.0142,49.4419,66.4407,29.0,97.601,71.3084,58.4852,29.7088
2011-01-13,23.5793,34.2945,36.9949,134.05,38.0131,66.4649,64.6837,62.2816,49.4594,66.4644,28.0,97.4416,71.5265,59.0087,29.8058
2011-01-14,23.6892,34.395,37.2203,132.69,38.0756,66.2813,65.1692,61.9858,49.8266,66.4644,27.74,98.1475,71.2159,58.632,30.0052
2011-01-18,23.6638,34.3447,37.4645,133.43,38.0715,66.119,65.2177,61.9516,49.9664,66.4486,28.15,98.3145,71.2291,58.3576,30.2639
2011-01-19,23.6384,34.0792,37.2078,133.72,37.9547,66.2883,63.5428,61.9061,49.3982,66.4802,28.08,97.3505,71.2555,58.7789,29.8651
2011-01-20,23.4017,33.7061,36.8885,131.2,37.8797,65.773,62.8793,61.6386,49.0486,66.4091,26.85,97.2215,70.5814,57.9681,29.8705
2011-01-21,23.6384,33.3544,37.0888,131.03,38.0339,65.9919,62.4585,61.7297,48.6727,66.4248,26.83,97.4416,70.7136,58.4278,29.892
2011-01-24,23.4355,33.6128,37.4832,130.36,38.0881,65.9989,62.9198,61.7581,49.3458,66.417,26.36,97.9957,70.6673,58.4533,30.043
2011-01-25,23.1396,33.4119,37.4081,130.1,38.1465,66.3308,63.0168,62.0654,49.4157,66.4644,26.23,98.0489,70.9449,59.0087,30.3933
2011-01-26,23.6553,33.7061,37.646,131.16,38.2256,65.9284,64.0202,61.7183,49.678,66.4486,26.89,98.4284,70.826,58.1149,30.4418
2011-01-27,23.4524,33.5913,37.7337,127.93,38.2757,66.1754,64.2063,61.8207,49.9839,66.4961,26.29,98.6713,70.7797,58.3767,30.9215
2011-01-28,23.7483,32.5292,36.8947,130.28,38.0465,66.479,62.6366,61.9004,48.7164,66.5277,27.3,96.9482,71.0507,58.6831,30.4095
2011-01-31,24.1203,32.8736,37.214,129.87,38.2507,66.2177,63.0735,61.7297,48.9524,66.5198,27.39,97.6769,71.0705,58.2362,30.8137
2011-02-01,24.2979,33.6702,38.0968,130.8,38.3258,65.9099,64.53,61.648,49.8703,66.4469,27.87,99.2406,71.007,57.948,30.8892
2011-02-02,24.5346,33.419,38.0655,130.45,38.3677,65.7542,64.2872,61.528,49.7916,66.4074,27.69,99.0508,70.815,57.9608,30.8892
2011-02-03,24.374,33.376,38.0717,132.2,38.3677,65.3791,64.5138,61.3795,49.879,66.344,28.29,99.2709,70.4443,57.4803,30.9754
2011-02-04,24.2387,33.3688,38.0592,131.66,38.5355,64.9757,64.6271,61.1909,50.1587,66.2886,28.4,99.5518,70.0472,56.8972,30.749
2011-02-07,24.1711,33.4119,38.1782,131.68,38.6068,64.9474,65.2663,61.2595,50.3948,66.257,28.66,100.1743,70.034,57.192,31.0509
2011-02-08,24.3317,33.4262,38.4286,133.14,38.6488,64.5015,65.7275,61.0367,50.7269,66.1699,29.64,100.6297,69.67,56.6666,31.1856
2011-02-09,24.4501,32.6584,38.3159,133.07,38.4306,64.8696,65.4362,61.4309,50.6395,66.2174,29.52,100.4019,69.8686,57.16,31.2072
2011-02-10,24.3063,32.3498,38.0655,132.85,38.4725,64.6573,65.6951,61.1281,50.7182,66.1857,29.46,100.4399,69.4383,56.5,31.3365
2011-02-11,24.2218,32.7445,38.0843,132.32,38.569,64.9545,66.4072,61.4652,51.0853,66.1857,29.21,101.0396,69.7957,57.3137,31.5413
2011-02-14,24.3401,32.5794,38.1594,132.95,38.5984,64.9757,66.747,61.5051,51.2077,66.1857,29.96,101.2825,69.8487,57.3521,31.5467
2011-02-15,24.0273,32.644,38.0467,133.97,38.5229,65.1244,66.3668,61.6423,51.1378,66.2174,30.0,100.9637,69.9347,57.6084,31.4281
2011-02-16,24.2049,32.9167,38.5037,134.1,38.5355,65.0323,66.9008,61.568,51.47,66.2094,29.96,101.6013,69.8354,57.4226,31.4982
2011-02-17,24.281,33.0315,38.6352,135.04,38.6235,65.273,67.3701,61.6823,51.4525,66.2886,31.03,101.9049,70.1002,57.5123,31.5306
2011-02-18,24.2556,33.2324,38.7667,135.41,38.741,65.2588,67.4429,61.7737,51.3388,66.3124,31.79,102.1174,70.4642,57.3329,31.6545
2011-02-22,24.2218,32.1704,37.6585,136.29,38.4222,65.8887,65.7113,61.9451,49.8528,66.3837,32.26,100.068,71.0202,58.1914,31.3796
2011-02-23,24.7629,32.1991,37.7086,137.51,38.4599,65.7259,64.5785,61.8708,49.4419,66.3678,32.71,99.4531,71.2783,58.4028,31.1155
2011-02-24,24.5431,32.278,37.7399,136.48,38.4893,65.8958,64.9912,61.9393,49.7042,66.3994,31.2,99.3848,71.5365,58.7744,30.8784
2011-02-25,25.0841,32.6655,38.1907,137.38,38.6068,66.1081,66.4962,62.2307,50.3948,66.4153,32.56,100.4475,71.7747,59.1203,31.482
2011-02-28,25.1264,32.8593,38.535,137.66,38.7997,66.0798,66.569,62.3963,50.4997,66.439,33.11,101.0699,71.5828,59.1973,32.2636
2011-03-01,25.5068,32.522,37.9966,140.03,38.7402,66.155,65.2339,62.3975,49.6867,66.4795,33.87,99.3848,71.9968,59.3689,31.3042
2011-03-02,25.6083,32.9669,38.197,139.92,38.7739,65.8074,65.509,62.0649,49.9489,66.4477,33.84,99.5974,71.7845,58.4562,31.0185
2011-03-03,25.5999,33.6199,38.6853,138.09,38.9133,65.3605,66.9979,61.801,50.9367,66.313,33.42,101.3128,71.5921,57.8842,31.4659
2011-03-04,25.7267,33.6558,38.3347,139.35,38.8331,65.8287,66.7066,62.0362,50.6745,66.4636,34.69,100.5538,72.0698,58.3662,31.164
2011-03-07,25.6083,33.1822,37.9653,139.72,38.8415,65.6655,65.6142,61.8813,49.9927,66.4161,35.23,99.7644,72.0101,57.9934,30.9377
2011-03-08,25.3885,33.6271,38.0843,139.36,38.8078,65.5094,66.6823,61.801,50.1937,66.3923,35.18,100.6373,72.0566,57.6399,31.3742
2011-03-09,25.4899,33.6917,38.0968,139.41,38.698,65.8925,66.4153,62.1222,49.8528,66.4398,35.27,100.493,72.1561,58.1991,31.3419
2011-03-10,25.0757,32.6942,37.1514,137.77,38.4953,66.4528,64.708,62.3746,49.0748,66.5111,34.36,98.6333,72.5675,59.1761,30.8622
2011-03-11,24.932,33.0315,37.1514,138.22,38.4869,66.2968,64.8779,62.3172,49.3808,66.519,35.03,99.3165,72.4481,58.8419,31.1748
2011-03-14,24.9996,33.2253,36.4878,138.86,38.3308,66.4458,64.53,62.3861,49.2059,66.5586,35.01,98.7169,72.5542,58.8161,30.8622
2011-03-15,24.0865,32.6727,35.724,136.27,38.1324,66.687,63.9555,62.3803,48.5066,66.527,33.61,97.5858,72.5343,59.6967,30.7005
2011-03-16,24.2302,32.0053,34.6158,136.24,37.896,67.2545,63.3162,62.7532,47.3352,66.6458,33.37,95.7792,73.0519,60.3715,30.2478
2011-03-17,24.9827,32.4,35.7678,136.97,38.3055,67.0487,63.4538,62.713,47.7723,66.6142,33.51,97.0469,73.1979,59.9088,30.4795
2011-03-18,25.1264,32.4574,36.2624,138.37,38.4869,67.0062,64.2953,62.7532,47.6646,66.5824,34.27,97.3998,73.1448,60.0695,30.7867
2011-03-21,25.2448,33.0818,37.1577,139.14,38.7233,66.6586,65.7841,62.5524,48.5838,66.5111,35.3,98.9093,72.8329,59.716,31.1209
2011-03-22,25.4308,33.1822,37.0512,139.05,38.7444,66.6941,65.4362,62.6671,48.4963,66.4953,35.54,98.5663,72.6538,59.9152,30.9215
2011-03-23,25.4815,33.6199,37.0951,140.34,38.698,66.609,65.6385,62.6269,48.7676,66.5032,36.47,98.8484,72.5343,59.8381,30.5819
2011-03-24,25.566,34.0075,37.5897,139.22,38.7318,66.2685,66.0918,62.4204,49.6342,66.4556,36.12,99.7937,72.6007,59.3882,30.7113
2011-03-25,25.6337,33.9716,37.1765,139.26,38.7444,66.0911,66.6674,62.3287,49.7568,66.4081,36.39,100.0986,72.2623,59.2403,30.9513
2011-03-28,25.287,33.7994,37.1577,138.54,38.7571,66.1124,66.5215,62.3516,49.4854,66.3765,36.19,99.8547,72.3021,59.3239,30.9132
2011-03-29,25.4308,34.1869,37.3518,138.21,38.7782,65.9209,67.1458,62.0477,49.9669,66.3527,36.17,100.5255,72.1561,58.8675,31.0381
2011-03-30,25.3969,34.6246,37.7963,138.67,38.8373,66.1479,68.0134,62.2599,50.2032,66.3923,36.53,101.2193,72.4083,59.3368,31.4887
2011-03-31,25.7943,34.926,37.6147,139.86,38.8162,65.9776,68.2486,62.0591,50.2733,66.3527,36.77,101.0821,72.4348,59.2146,31.7439
2011-04-01,25.9718,35.4857,37.9716,139.2,38.7695,66.1185,68.5486,62.3522,50.2995,66.4058,36.86,101.509,72.6229,59.5025,31.7928
2011-04-04,26.2086,35.7871,38.0217,139.84,39.0073,66.2678,68.7027,62.4962,50.1332,66.4216,37.58,101.5929,72.9499,59.567,31.771
2011-04-05,26.2339,35.7154,37.9278,142.05,38.9648,65.9335,69.0757,62.5307,50.0019,66.3503,38.34,101.5776,72.8164,59.3282,31.8036
2011-04-06,26.31,35.9091,38.2408,142.38,39.0498,65.649,69.2297,62.3292,50.1245,66.3503,38.62,101.8978,72.4228,58.4375,31.8199
2011-04-07,26.3607,35.8732,38.053,142.51,39.088,65.6561,68.8162,62.2371,50.0895,66.3979,38.73,101.6386,72.5496,58.3213,31.467
2011-04-08,26.9864,35.9091,38.366,143.66,39.088,65.4641,68.0945,62.2025,49.8531,66.3741,39.86,101.2879,72.703,58.0115,31.239
2011-04-11,26.4876,35.4857,38.2909,142.64,39.0498,65.5495,67.4864,62.2083,49.6868,66.3661,39.21,100.983,72.6496,58.0632,31.2607
2011-04-12,25.9465,34.8184,37.934,141.61,38.9266,65.9193,66.6026,62.4271,49.3454,66.4771,39.09,100.2282,73.0165,58.6892,31.2064
2011-04-13,26.1494,35.1054,38.0467,141.9,39.1135,66.1754,66.6918,62.5365,49.7656,66.5089,39.57,100.2206,73.1767,59.0572,31.1576
2011-04-14,26.217,35.2131,38.2157,143.81,38.9563,65.9549,66.9999,62.381,49.678,66.4454,41.07,100.2968,73.0832,59.0119,31.6082
2011-04-15,26.3523,35.2561,38.1594,145.05,39.0073,66.4385,67.7135,62.7092,49.5905,66.5723,41.84,100.6628,73.617,59.8123,32.0154
2011-04-18,26.1917,34.3735,37.3768,145.93,38.8714,66.6021,66.5945,62.7956,49.2403,66.5882,42.42,99.5345,73.6369,59.9478,31.7276
2011-04-19,26.2001,34.8686,37.6523,145.93,39.0073,66.6875,66.6107,62.9281,49.5467,66.604,43.0,100.1063,73.8972,60.206,31.9774
2011-04-20,26.6144,35.6939,38.6102,146.5,39.156,66.4243,67.9729,62.9569,50.6672,66.5961,44.12,101.4709,73.6436,59.8188,32.352
2011-04-21,26.8088,36.0096,38.8606,146.74,39.2494,66.4741,68.4756,63.0145,51.0699,66.5802,45.54,101.9893,73.5102,59.7671,32.5691
2011-04-25,26.7327,35.7154,38.8606,146.87,39.207,66.7088,68.3864,63.0778,51.2012,66.5882,45.83,101.8825,73.7103,59.993,32.7863
2011-04-26,26.7243,36.0239,39.1611,146.38,39.2961,66.9933,69.0676,63.3714,51.4901,66.6516,44.03,102.7593,73.9639,60.5739,33.074
2011-04-27,26.8849,35.9594,39.6495,149.2,39.3216,66.8013,69.4811,63.2909,51.8402,66.6754,47.0,103.4302,73.7837,59.9543,33.3183
2011-04-28,26.6905,35.6651,39.9187,149.82,39.3428,67.0573,69.7973,63.4924,51.7614,66.6754,47.26,103.7656,74.0039,60.4126,33.7635
2011-04-29,26.9695,35.8804,39.7309,152.37,39.4363,67.1925,70.0487,63.6133,51.7177,66.7071,46.88,104.0095,74.1573,60.5997,33.5681
2011-05-02,26.6989,35.8876,39.9875,150.41,39.4162,67.1717,69.2297,63.7619,51.6214,66.696,42.83,103.8495,74.2808,60.6969,33.6169
2011-05-03,26.4199,35.0911,39.662,149.88,39.4248,67.35,68.354,63.733,51.3763,66.7198,40.58,103.4759,74.4014,61.0405,33.3292
2011-05-04,25.9972,34.5098,39.3239,147.73,39.4119,67.5212,67.4702,63.8255,51.2975,66.7515,38.27,102.7898,74.4685,61.3128,33.1392
2011-05-05,24.2556,34.1797,38.5476,143.47,39.2495,67.8564,67.1621,64.0451,51.0174,66.7674,33.72,101.8597,74.3813,61.8961,33.1175
2011-05-06,24.1795,34.6246,38.5663,145.3,39.4504,67.892,67.5188,64.0451,51.1837,66.7753,34.48,102.3095,74.4082,61.6238,32.8243
2011-05-09,25.0672,34.6892,38.8418,147.38,39.5017,67.9918,68.3053,64.1087,51.3763,66.8071,36.98,102.7059,74.5624,61.559,32.9926
2011-05-10,25.2955,35.0982,39.2112,147.9,39.5871,67.6638,69.3513,63.8486,51.8139,66.7436,37.52,103.5826,74.3612,61.1183,33.5138
2011-05-11,24.4839,34.3232,38.4224,146.54,39.5273,67.9063,68.0702,63.9527,51.4376,66.8071,34.39,102.4925,74.1264,61.4683,33.1609
2011-05-12,24.5092,34.4237,38.5476,146.59,39.5658,67.7565,68.6702,63.8023,51.7439,66.7753,33.32,102.9804,74.0393,61.0794,33.2152
2011-05-13,24.5515,33.6702,37.9465,145.63,39.4034,68.0203,67.7135,63.9931,51.1312,66.8071,34.39,102.1875,74.0259,61.6303,32.8623
2011-05-16,24.2302,33.6199,37.8777,145.37,39.4803,68.1843,66.7242,64.1781,50.247,66.8388,32.85,101.5395,74.046,61.9739,32.9112
2011-05-17,24.2894,33.7276,37.9591,144.74,39.5487,68.384,66.5134,64.2648,50.3871,66.8468,33.09,101.5243,74.1063,62.6091,32.9003
2011-05-18,24.7798,34.273,38.1907,145.6,39.5957,67.9918,67.5351,64.1029,50.8073,66.815,34.23,102.4315,74.0661,61.7795,33.2206
2011-05-19,24.5853,34.0505,38.4098,145.65,39.5786,68.0632,67.681,64.2128,50.9561,66.823,34.26,102.6754,73.8716,61.7535,33.3618
2011-05-20,24.8136,33.7778,37.8652,147.49,39.5487,68.2271,67.1864,64.1665,50.5709,66.8468,34.18,101.8597,73.8448,61.7859,32.9546
2011-05-23,24.4162,33.0746,36.9886,147.83,39.3606,68.3198,65.9783,64.1261,49.8268,66.8547,34.27,100.678,73.8515,62.0841,32.618
2011-05-24,24.746,33.4047,37.2015,148.59,39.2965,68.3911,65.662,64.207,49.5205,66.8547,35.77,100.5942,74.2271,62.3174,32.7157
2011-05-25,25.194,33.4764,37.4394,148.58,39.2965,68.3983,66.4891,64.0798,49.7131,66.8865,36.92,100.9296,74.2472,62.0258,32.8677
2011-05-26,25.287,33.907,37.79,148.22,39.2623,68.7762,67.3648,64.3573,50.0194,66.9261,36.51,101.3946,74.4283,62.5573,33.3075
2011-05-27,25.4308,34.2658,38.0655,149.7,39.382,68.7691,67.827,64.4267,50.2733,66.9499,37.03,101.7834,74.549,62.5313,33.4975
2011-05-31,25.5745,34.8255,38.8544,149.64,39.4888,68.876,68.7919,64.4209,51.0874,66.9499,37.6,102.8432,74.3545,62.674,34.0296
2011-06-01,25.2532,34.2012,37.934,149.91,39.2592,69.4437,66.5783,64.7429,49.9756,66.9943,35.75,100.5332,74.8887,63.5209,33.0523
2011-06-02,25.473,34.5241,38.1281,149.5,39.2334,69.029,66.554,64.1569,50.0807,66.9547,35.29,100.4264,74.6179,62.3109,32.8134
2011-06-03,25.5745,34.3519,38.1469,150.22,39.0786,69.3007,65.5809,64.2961,49.3279,66.9785,35.34,99.4277,74.7331,62.6687,32.9437
2011-06-06,25.2786,33.7994,37.6523,150.48,38.984,69.2578,64.5025,64.1859,48.9252,66.9865,35.71,98.3757,74.7669,62.1938,32.4606
2011-06-07,25.5153,34.0649,37.9966,150.42,38.9539,69.3864,64.6566,64.4064,48.8377,67.0341,36.12,98.3147,74.8752,62.4801,32.8026
2011-06-08,25.7267,33.8209,37.5083,149.81,38.769,69.5366,63.9349,64.447,48.4875,67.0421,36.03,97.903,74.8684,62.968,32.7103
2011-06-09,25.8704,34.0864,37.8964,150.56,38.7948,69.2578,64.2755,64.2729,48.5751,66.9706,36.67,98.6501,74.7804,62.7143,32.3574
2011-06-10,25.5999,33.3473,37.0199,149.24,38.5411,69.4794,63.2457,64.1975,47.831,67.0262,35.25,97.2779,74.7533,63.1957,31.543
2011-06-13,25.4308,33.2899,37.0763,147.77,38.3949,69.3293,63.0673,64.2671,47.831,67.0023,33.87,97.3541,74.7466,62.8769,31.6733
2011-06-14,25.6083,33.7922,37.7337,148.67,38.6357,68.7788,64.4214,64.0757,48.4437,66.9467,34.67,98.5891,74.5434,61.9271,32.1457
2011-06-15,24.9235,33.0674,36.494,149.12,38.4723,69.5223,63.27,64.4296,47.5246,67.0421,34.88,96.8357,74.9294,63.0525,31.6299
2011-06-16,24.8221,32.8162,36.3688,148.97,37.7886,69.7153,63.416,64.3078,47.3408,67.05,34.65,97.0492,74.8752,63.3387,31.8796
2011-06-17,24.7121,32.8593,36.7257,149.94,38.2057,69.6652,63.4322,64.3309,47.1925,67.0659,34.95,97.3388,74.8346,63.0396,32.1837
2011-06-20,24.5769,32.8091,36.6819,150.03,38.4723,69.558,64.016,64.3425,47.4381,67.0659,35.09,97.8367,74.6315,63.1177,32.5745
2011-06-21,24.5938,33.4119,37.477,150.76,38.7303,69.4651,65.4026,64.3252,48.4559,67.0738,35.51,99.1775,74.8142,62.8379,32.8297
2011-06-22,24.7037,33.0792,37.1138,150.99,38.4508,69.4365,64.8998,64.4122,48.1049,67.0579,35.5,98.5799,74.645,62.8769,32.732
2011-06-23,24.1795,33.0357,36.7947,148.34,38.6572,69.8011,65.1512,64.5805,48.5524,67.0977,34.37,98.2965,75.1867,63.3583,32.0696
2011-06-24,23.8921,32.9777,36.4437,146.26,38.4723,70.0941,64.8187,64.6153,47.7101,67.1373,33.36,97.1549,75.4778,63.0916,32.0746
2011-06-27,23.8836,33.3618,36.7436,145.73,38.4637,69.8225,65.3214,64.4064,48.4734,67.0738,32.63,98.0206,75.3559,62.2264,32.2115
2011-06-28,24.3063,33.8185,37.184,146.24,38.6185,69.1791,66.335,63.9596,49.1928,66.9547,33.0,99.3001,75.058,61.7254,32.4798
2011-06-29,24.746,34.1301,37.835,147.18,39.0012,68.7645,66.6513,63.8145,49.3946,66.9547,34.01,100.1505,75.0851,61.3155,32.8192
2011-06-30,24.4839,34.4998,38.3839,146.0,39.2635,68.5286,67.1377,63.9073,50.0526,66.9467,33.84,101.1082,74.9158,61.218,32.9068
2011-07-01,24.5177,34.9056,38.8052,144.93,39.4721,68.3574,68.1837,63.9109,50.8072,66.9237,33.0,102.6022,75.0011,61.1201,33.4708
2011-07-05,24.8474,34.8911,38.5754,147.63,39.5241,68.7873,68.348,64.138,51.0616,67.0032,34.63,102.5179,75.0829,61.2571,33.7281
2011-07-06,24.839,34.6592,38.3329,148.91,39.5414,68.9091,68.6245,64.272,51.2283,67.027,35.1,102.6405,75.301,61.5705,33.98
2011-07-07,25.3631,35.1376,38.6648,149.15,39.6972,68.644,69.6574,64.2894,51.9302,66.9634,35.5,103.7055,75.2738,61.3877,34.4071
2011-07-08,25.3378,34.7389,38.1861,150.25,39.589,69.3749,69.2345,64.7031,51.7898,67.0588,35.75,102.9699,75.6146,62.2559,34.3633
2011-07-11,25.1433,33.7677,37.0308,151.59,39.1995,69.9052,67.7624,64.9187,50.851,67.1065,34.9,101.1082,76.0373,63.1894,33.7665
2011-07-12,25.3631,33.4271,36.7819,152.77,39.0913,70.0055,67.3802,64.9711,50.465,67.0985,35.2,100.6715,76.3441,63.4048,33.8814
2011-07-13,25.7098,33.9707,37.3308,154.14,39.3942,70.1202,67.982,65.1342,50.6755,67.1144,37.23,101.0086,76.4873,63.5811,33.5475
2011-07-14,25.566,33.6083,37.0053,154.54,39.3726,69.7189,66.9004,64.7322,50.0877,67.0906,37.41,100.3114,76.0305,62.6737,33.2354
2011-07-15,25.7943,33.8185,37.133,155.2,39.3596,70.0055,67.3477,64.8778,50.7545,67.1065,38.24,100.8937,76.2691,62.7781,33.6022
2011-07-18,25.6506,33.4271,36.5841,156.57,39.2904,69.9625,66.266,64.6274,50.4825,67.1065,39.47,100.0662,76.3373,62.171,33.3668
2011-07-19,25.8281,33.9127,37.133,154.66,39.4678,70.2277,67.7624,64.942,51.6319,67.1065,38.01,101.6905,76.7191,63.4636,33.9034
2011-07-20,25.9127,34.0142,37.5733,156.02,39.5024,69.8837,67.6486,64.7905,51.4125,67.0826,39.12,101.6292,76.2828,62.7129,34.1497
2011-07-21,25.7858,34.5577,38.3712,154.83,39.6928,69.4967,68.2667,64.6914,51.7547,67.0508,38.31,103.0389,76.1259,62.2298,34.4235
2011-07-22,25.9972,34.536,38.4095,156.12,39.7448,69.7619,68.3562,64.9536,52.2899,67.0588,39.07,103.1078,76.3782,62.6998,34.5933
2011-07-25,25.8704,34.4635,38.1669,157.34,39.5327,69.5398,67.551,64.6449,52.1846,67.027,39.31,102.5332,76.46,62.0144,34.2702
2011-07-26,26.0733,34.5795,38.3967,157.77,39.615,69.8335,67.0386,64.9303,52.3162,67.0668,39.89,102.1502,76.4873,62.4387,34.3469
2011-07-27,25.8958,33.9707,37.4649,157.19,39.3033,69.7189,65.038,64.7381,50.9651,67.027,39.17,100.0586,76.6305,62.4452,33.3832
2011-07-28,25.8112,33.9997,37.3755,157.32,39.3639,69.855,64.9322,64.8778,51.0528,67.0668,38.76,99.7674,76.9441,62.6802,33.416
2011-07-29,25.5999,34.1446,37.4712,158.29,39.4029,70.7006,64.8509,65.4604,50.8861,67.1383,38.85,99.0856,77.8372,63.9205,33.4215
2011-08-01,25.5999,34.1156,36.9989,157.72,39.4904,70.9578,64.428,65.654,50.6492,67.1152,38.29,98.6642,78.0503,64.5656,32.9178
2011-08-02,25.5999,33.0647,36.0224,161.52,39.0027,71.6115,62.4192,66.2036,49.3683,67.2028,39.82,96.1436,78.5642,66.5043,31.8665
2011-08-03,25.2194,32.9487,36.233,161.49,38.981,71.669,62.834,66.1802,49.8421,67.1947,40.55,96.6645,78.0777,66.6353,31.6037
2011-08-04,24.2641,31.0643,33.7056,160.64,37.8577,72.6172,59.0441,66.6597,47.5259,67.2583,37.61,92.1366,78.763,69.0063,30.0597
2011-08-05,24.3655,30.8613,34.2992,161.75,37.8184,71.7767,58.0112,65.8352,47.2276,67.2424,37.32,91.9987,77.8653,67.0151,29.3095
2011-08-08,23.4609,28.2884,31.7398,167.12,36.2075,72.9189,52.9608,65.2096,44.385,67.2663,37.97,86.0075,78.8041,69.1307,26.7635
2011-08-09,23.6892,29.9481,33.8779,168.61,37.3134,73.3427,56.4904,65.7943,46.5257,67.3379,36.32,90.0068,79.4619,69.3402,29.2
2011-08-10,23.7906,28.3608,31.8547,174.58,36.6821,74.3125,53.7252,66.3849,44.6218,67.3856,38.44,86.0304,80.9284,71.4034,28.5266
2011-08-11,24.3063,29.9264,33.3801,170.75,37.3482,73.2206,56.4091,65.0224,46.5871,67.3697,37.8,89.8918,79.2427,67.8011,30.0049
2011-08-12,24.2725,29.9119,33.763,169.97,37.1741,73.7306,56.7588,65.765,46.9995,67.3777,38.12,90.4971,79.6949,69.1437,29.9994
2011-08-15,24.5684,30.6077,34.5481,171.8,37.7793,73.4576,58.3609,65.8878,47.6926,67.3538,38.67,92.4125,79.2906,68.443,31.0945
2011-08-16,24.5684,30.3467,34.0439,173.92,37.5398,73.7953,57.2874,66.1276,47.289,67.3538,39.03,91.6233,79.4688,69.576,31.0014
2011-08-17,24.7798,30.5642,34.2417,174.42,37.9534,74.3125,57.3037,66.3089,47.0082,67.3697,39.33,91.6846,79.8799,70.7943,31.089
2011-08-18,24.1711,29.1218,32.5759,177.72,37.4919,74.7004,54.0424,66.3966,44.7008,67.3617,39.66,87.7313,79.2701,72.2483,29.7038
2011-08-19,24.6022,28.7595,32.0206,179.95,37.1654,74.7794,53.0909,66.3147,43.8937,67.3617,41.68,86.2986,79.5373,72.8312,29.1343
2011-08-22,24.6445,28.7305,32.2249,184.59,37.2089,74.6429,52.9038,66.0691,44.0516,67.3538,42.63,86.3676,79.5167,72.6478,29.1672
2011-08-23,24.8981,29.7379,33.2716,177.67,37.4875,74.3412,55.4575,65.3148,45.8677,67.3219,40.63,89.2099,79.0234,71.6457,29.8844
2011-08-24,24.6445,29.448,33.2844,171.65,37.3178,73.5438,56.2789,64.543,46.2274,67.3219,38.83,90.4665,77.8584,69.6087,30.2786
2011-08-25,24.7544,28.8754,32.4802,172.36,37.0173,73.9964,54.8964,64.8997,45.4729,67.3617,40.0,89.0874,78.4683,70.362,29.7147
2011-08-26,25.0334,29.3683,32.9908,177.47,37.3918,74.2334,56.2057,64.9289,46.6134,67.3697,40.41,90.3822,78.7013,71.0562,30.0761
2011-08-29,25.118,30.3177,33.7758,173.89,37.7706,73.745,58.8652,65.1394,47.9119,67.3538,39.72,92.9794,78.2354,70.0739,31.1055
2011-08-30,25.4561,30.3612,33.5779,179.1,37.8403,74.255,59.2068,65.4844,48.2278,67.3697,40.4,93.2246,78.6944,71.2004,31.193
2011-08-31,25.4984,30.9846,34.1907,177.72,38.3279,73.9892,59.0848,65.6832,48.3067,67.3697,40.45,93.6383,78.3381,70.1,31.5435
2011-09-01,25.3209,30.8178,33.7694,177.87,38.3029,74.5788,57.816,65.7319,47.868,67.3888,40.52,92.6576,79.0509,71.586,31.089
2011-09-02,25.1856,30.1221,33.0163,183.24,38.1233,75.2628,55.6771,66.1369,46.745,67.3569,42.18,90.2902,79.9143,73.9116,30.3553
2011-09-06,25.101,29.8104,31.9313,182.9,37.6719,75.3636,55.5226,66.5242,46.7538,67.3649,41.05,89.6313,79.4415,74.6801,30.2239
2011-09-07,25.3293,30.6946,32.8823,177.08,37.8559,74.9604,57.6209,66.6533,47.9382,67.349,40.53,92.1596,79.229,73.2546,31.3628
2011-09-08,25.1602,30.0133,32.2313,181.81,37.9743,75.3276,56.5636,66.5946,47.7189,67.3729,41.22,91.2019,79.7019,73.9116,31.1219
2011-09-09,24.7629,28.9986,31.1143,180.7,37.6325,75.6947,54.8964,66.665,46.6573,67.3968,40.52,88.8116,79.7979,74.6999,30.1473
2011-09-12,24.7037,28.9407,30.9803,176.67,37.3082,75.4643,55.3681,66.2601,47.2539,67.349,39.14,89.3862,79.5237,74.7787,30.2458
2011-09-13,24.6276,28.9841,31.3122,178.54,37.593,75.2412,56.2627,66.2483,47.8856,67.3569,39.87,90.2059,79.1811,73.7144,30.317
2011-09-14,24.5092,28.9044,31.7845,177.21,37.8428,75.2844,57.2711,66.219,48.5699,67.3569,39.6,91.4548,79.0851,74.3385,30.5141
2011-09-15,24.6107,29.3248,32.4738,174.4,38.0969,74.7228,58.0763,65.9901,49.2893,67.3649,38.79,93.033,78.9275,73.202,31.0178
2011-09-16,24.5008,29.3755,32.4866,176.03,38.0751,74.8668,58.1657,65.9901,49.7411,67.3809,39.39,93.5837,78.9549,73.7342,31.319
2011-09-19,24.0865,28.5058,31.593,173.31,38.0181,75.4788,57.1247,66.354,49.7587,67.4127,38.65,92.6518,79.1536,75.14,30.6346
2011-09-20,24.0442,28.2956,31.7207,175.78,38.0794,75.5796,56.2383,66.3834,49.539,67.3809,38.83,92.544,79.4963,75.4553,30.6181
2011-09-21,23.6892,27.2447,30.7761,173.59,37.7508,75.9035,54.1563,66.5359,48.6776,67.3092,38.56,89.8178,79.6334,77.9516,29.0029
2011-09-22,22.8522,25.3312,29.7804,169.05,37.2381,76.6091,52.6436,66.665,47.0954,67.3172,34.92,86.9145,79.4483,80.8816,28.2966
2011-09-23,22.4464,26.0053,30.1187,159.8,37.3389,75.9755,53.1824,66.2542,47.5964,67.3251,29.98,87.4382,78.9892,79.3772,28.505
2011-09-26,22.5225,26.3967,30.7378,157.58,37.4791,75.6588,54.1866,66.131,48.1502,67.3013,29.77,89.5175,78.6122,78.1028,28.9031
2011-09-27,22.9029,27.2374,31.4973,160.63,37.5229,75.1548,55.3541,65.9197,48.6512,67.2774,31.17,90.5186,78.7562,76.9071,29.1905
2011-09-28,22.2857,26.4184,30.9612,156.22,37.1023,75.1692,53.2314,65.6556,47.9305,67.2535,28.87,88.6704,78.7219,76.8809,28.4497
2011-09-29,22.5478,26.7808,31.5675,157.7,37.0321,75.1692,54.154,65.5852,47.3591,67.2694,29.96,89.3712,78.4752,77.413,28.892
2011-09-30,21.77,25.4399,30.4952,158.06,36.2959,75.6444,52.4966,65.9138,46.1373,67.3013,28.91,87.1378,78.3313,79.3575,28.1235
2011-10-03,21.6601,24.9036,29.6911,160.96,35.8585,76.3448,49.7942,66.0364,44.9507,67.3164,29.49,84.6581,79.102,81.5414,26.7967
2011-10-04,21.6178,25.2877,30.1889,157.64,35.7481,75.9553,52.8967,65.4591,45.8736,67.2766,29.09,86.514,79.157,80.5074,27.8527
2011-10-05,21.9222,25.8748,30.6548,159.46,36.1848,75.6379,53.6233,65.73,47.0515,67.2766,29.66,88.1159,79.102,79.9278,27.6149
2011-10-06,22.3787,26.7301,31.4781,160.49,36.7449,75.1113,54.8153,65.4649,47.8426,67.2607,31.2,89.71,79.0952,78.4526,28.3723
2011-10-07,22.2773,26.4112,31.2611,159.18,36.7758,74.7217,53.4764,65.4061,47.5261,67.2368,30.23,89.1093,78.8275,77.873,27.5818
2011-10-10,22.7761,27.5926,32.4546,163.27,37.5653,73.9354,55.8195,65.5297,49.1698,67.181,31.26,92.0897,78.2853,76.7731,28.9584
2011-10-11,22.9452,27.6071,32.3972,162.1,37.1507,74.1807,56.2032,65.7065,49.5038,67.2129,31.38,92.182,78.4706,76.5163,28.3834
2011-10-12,22.9874,28.3826,32.8695,163.26,38.0152,73.9282,57.0033,65.8066,49.7499,67.2129,31.77,92.9907,78.1411,75.4032,28.8478
2011-10-13,23.0382,28.1289,32.8823,162.3,37.8564,74.2239,56.9544,65.8655,50.207,67.2288,30.94,92.8059,78.1892,76.1541,28.6598
2011-10-14,23.5623,28.6942,33.2652,163.4,38.1211,73.856,58.081,65.8243,51.1387,67.2607,31.34,94.3923,78.0725,75.0476,29.3232
2011-10-17,23.2242,27.723,32.4993,162.62,37.9006,74.3394,56.3175,65.7772,50.3476,67.2686,31.04,92.5902,78.3677,76.3451,28.6875
2011-10-18,23.351,28.4623,32.9652,161.84,38.1034,74.26,57.8116,66.0069,50.9717,67.2686,31.33,94.4,78.7452,75.8708,29.6992
2011-10-19,22.8944,27.9187,32.3717,159.87,37.9799,74.3754,56.6849,66.1777,49.9872,67.2925,30.23,93.2833,78.6216,75.8445,29.3564
2011-10-20,22.8606,27.3824,32.4546,157.77,38.3152,74.2239,56.84,66.325,49.7411,67.3006,29.73,93.6915,78.6353,75.3045,29.5223
2011-10-21,22.979,28.1651,33.2397,159.52,38.7783,74.0869,58.0728,66.543,50.3652,67.2766,30.48,95.4704,78.553,74.5075,30.4953
2011-10-24,23.3425,29.2668,33.7375,161.02,39.828,74.0508,59.9425,66.8846,51.4112,67.2766,30.87,96.641,78.7863,74.6327,31.2527
2011-10-25,23.4186,28.687,33.1567,165.59,39.1223,74.6856,58.2606,67.2145,50.4004,67.3164,32.43,94.7619,79.4932,76.5295,30.7441
2011-10-26,23.2834,29.2161,33.6099,167.4,39.2899,74.1374,59.2649,67.1674,50.3388,67.2766,32.5,95.7246,79.4246,75.1925,30.9707
2011-10-27,23.9005,30.9918,35.4672,169.55,39.8677,73.2429,62.3918,67.1557,51.7276,67.2288,34.1,99.0592,78.9716,72.6437,32.4413
2011-10-28,23.7991,30.7309,35.2629,169.62,39.7486,73.6829,62.0734,67.4149,51.8067,67.2607,34.27,99.036,79.2461,73.4077,32.5077
2011-10-31,23.4355,29.5785,33.4312,167.34,39.3781,74.6712,60.4242,67.568,50.9365,67.3243,33.44,96.6487,79.9531,76.3187,32.1428
2011-11-01,23.1565,28.8609,32.3844,167.38,38.6753,75.5669,58.2851,67.9061,49.6093,67.3308,32.33,93.9533,80.9307,78.8735,31.1089
2011-11-02,23.3003,29.7452,32.6589,169.06,39.0436,75.3861,59.7221,68.1544,50.0312,67.3467,33.25,95.4858,80.9583,77.8896,31.706
2011-11-03,23.5877,30.0496,33.4822,171.72,39.4296,75.0319,61.208,68.1899,51.0684,67.3546,33.62,97.2263,80.3937,76.8199,32.1428
2011-11-04,23.6638,29.8539,33.061,170.85,39.3896,75.256,60.9059,68.3258,50.8047,67.3546,33.2,96.6333,80.8275,76.9124,31.8829
2011-11-07,24.0104,30.1076,33.2014,174.98,39.2565,75.3427,60.7834,68.054,51.1651,67.3387,34.08,97.234,81.2337,77.401,31.8885
2011-11-08,24.1288,30.4627,33.6035,173.53,39.3453,75.003,61.6733,67.6342,51.754,67.3308,34.0,98.4816,80.6967,76.4105,32.3031
2011-11-09,23.5962,28.6797,31.8802,172.07,38.5112,75.668,58.7342,67.4568,49.9345,67.3467,33.1,94.8466,80.6829,77.9953,30.827
2011-11-10,23.5708,28.8682,32.2568,171.14,38.5511,75.2994,59.1669,67.1199,49.9081,67.3546,33.14,95.7399,80.8413,76.8331,30.8215
2011-11-11,23.7991,29.564,33.061,173.96,39.0613,74.9524,60.7263,67.0017,50.8486,67.3228,33.74,97.542,80.5934,76.3643,31.6507
2011-11-14,23.5454,29.1581,32.4738,173.2,38.7996,75.4222,59.8527,66.9958,50.5322,67.3546,33.33,96.6179,80.7036,77.5924,31.0647
2011-11-15,23.7145,29.3393,32.3844,173.36,38.6975,75.3211,60.612,66.9307,51.0948,67.3467,33.66,97.0954,80.3937,77.4868,31.2969
2011-11-16,23.6553,28.5493,31.7653,171.51,38.3204,75.5957,59.6322,66.7179,50.2509,67.3308,32.82,95.5552,80.1666,78.1934,30.9984
2011-11-17,23.1058,27.8245,31.4207,167.1,38.1341,75.7475,58.7831,66.1918,49.0731,67.3387,30.64,94.038,80.1597,78.8206,30.4289
2011-11-18,23.072,27.9332,31.5292,167.62,38.1074,75.4656,58.7668,66.2982,48.6952,67.3148,31.4,93.9379,80.1803,78.8008,30.6224
2011-11-21,22.9029,27.0345,30.7314,163.5,37.677,75.6752,57.3626,66.0262,47.7634,67.3228,30.76,92.1513,80.0357,79.2697,29.8484
2011-11-22,23.0551,27.1287,30.642,165.31,37.3887,75.9065,56.8809,65.8548,47.9217,67.3308,31.89,91.7893,80.2836,80.1544,29.7102
2011-11-23,22.7085,26.2517,29.7996,164.83,36.7143,76.1668,55.0929,65.5179,46.8405,67.3387,30.93,89.7639,80.6209,80.9402,28.8146
2011-11-25,22.5225,26.1647,29.6464,163.4,36.7143,75.6824,54.3908,65.2577,46.4801,67.3387,30.2,89.5945,80.3662,79.7649,28.9418
2011-11-28,22.8015,27.4186,30.9101,166.63,37.5351,75.6897,56.9788,65.2873,48.0975,67.3467,31.27,92.1898,80.6278,79.7252,29.5886
2011-11-29,23.0974,27.2954,31.1143,166.88,37.7791,75.5452,56.8727,65.1395,47.7986,67.3546,31.03,92.4516,80.6071,79.0715,29.5444
2011-11-30,23.3679,28.9986,32.7036,170.13,38.4225,75.1042,60.1956,65.4351,49.5654,67.3546,32.0,96.2559,80.3731,77.8368,30.921
2011-12-01,23.2834,28.9117,32.4227,169.63,38.5917,75.0824,59.7629,65.587,49.9081,67.3586,31.86,96.2406,80.3462,77.4463,30.6667
2011-12-02,23.4863,28.8247,32.4164,169.82,38.8104,75.4156,60.0078,66.1446,49.7675,67.3427,31.65,96.1558,80.7118,78.5319,30.639
2011-12-05,23.3594,29.2958,32.7865,167.32,39.0292,75.3722,61.0365,66.6369,50.3125,67.3507,31.05,97.2032,80.6981,78.3729,30.8989
2011-12-06,23.4863,28.8972,32.6334,168.18,39.2034,75.1766,61.0937,66.281,50.1718,67.3507,31.93,97.234,80.498,77.6249,30.8491
2011-12-07,23.2834,29.0131,32.8631,169.4,39.0784,75.517,60.9712,66.6963,50.1718,67.3746,31.61,97.5959,80.36,77.9029,31.1864
2011-12-08,22.9874,27.9694,31.7845,165.98,38.8238,75.9008,59.0771,66.4709,49.328,67.3825,30.7,95.455,80.3945,78.876,30.4787
2011-12-09,23.072,28.5348,32.5759,166.4,39.1587,75.3794,60.8569,66.2158,50.1191,67.3825,31.33,97.0722,79.9668,77.2542,31.1476
2011-12-12,22.7761,27.4621,31.6249,161.99,38.9489,75.6402,59.9833,66.2217,49.5565,67.3825,30.49,95.6552,80.3393,78.1148,30.5948
2011-12-13,22.8691,27.2084,31.1973,158.45,38.8015,75.9877,58.7342,66.4471,49.0116,67.3825,29.82,94.7619,80.56,78.8429,30.2354
2011-12-14,22.0575,26.817,30.8271,152.89,38.7345,76.3064,57.9994,66.5599,48.2469,67.3666,28.07,93.7531,80.7187,80.3323,30.4123
2011-12-15,21.9476,26.991,30.9803,152.33,38.8729,76.2412,58.5382,66.6666,48.115,67.3586,28.22,94.0919,80.5186,80.0344,30.921
2011-12-16,22.1251,27.1939,30.8527,155.23,39.056,76.6106,58.9954,67.0404,48.3627,67.3905,28.85,94.2314,80.6981,80.9677,31.2637
2011-12-19,22.0236,26.4909,30.5654,154.87,39.0069,76.8714,57.9749,67.2776,47.8867,67.3825,27.96,93.2239,81.0223,81.9937,30.9928
2011-12-20,22.5309,27.6009,31.6435,156.98,39.4936,76.1761,60.3017,67.2302,49.306,67.3666,28.77,96.0449,81.0706,79.9483,31.9327
2011-12-21,22.6915,27.6887,31.4755,157.16,39.6052,75.9298,60.5467,66.9455,48.6008,67.3427,28.6,96.2309,80.7532,78.8363,31.9216
2011-12-22,22.7169,28.0546,31.7597,156.04,39.7571,76.0239,60.9323,67.2955,49.0151,67.3347,28.36,97.0834,80.7118,79.1672,32.3805
2011-12-23,22.8268,28.1644,31.9794,156.31,39.9401,75.7126,61.162,67.0878,49.4383,67.3507,28.28,97.9514,80.6152,78.2869,32.5214
2011-12-27,22.9283,27.8936,31.8373,154.91,40.0996,75.7554,61.3425,67.3426,49.6227,67.3259,27.87,98.0289,80.3945,78.6588,32.6667
2011-12-28,22.6577,27.4253,31.2624,151.03,39.9109,76.2342,60.2267,67.4676,49.0492,67.3419,26.27,96.7424,80.6014,80.1131,32.2754
2011-12-29,22.7254,27.74,31.8373,150.34,40.149,76.3286,60.8338,67.4318,49.4021,67.3499,27.07,97.7421,80.5325,80.2591,32.5605
2011-12-30,22.6915,27.7619,31.9923,151.99,40.1714,76.5969,60.5056,67.7176,49.2609,67.3897,26.94,97.2617,80.5049,80.5182,32.4207
2012-01-03,23.3679,28.6107,32.8643,155.92,40.3017,76.1109,61.5066,67.6641,50.205,67.3499,28.83,98.8116,80.4773,79.3096,32.6947
2012-01-04,23.5454,28.4497,32.6705,156.71,40.2343,75.8714,61.1702,67.7176,50.4168,67.3578,28.39,98.9666,80.5532,78.3665,32.1357
2012-01-05,23.2242,28.3253,32.186,157.78,40.0592,75.886,61.5148,67.4259,50.8315,67.3658,28.51,99.2301,80.7049,78.2271,32.4375
2012-01-06,23.3256,27.9668,31.7468,157.2,39.9334,76.1834,61.3589,67.6878,51.008,67.3578,27.91,98.9744,80.974,78.8447,32.3313
2012-01-09,23.351,28.2595,31.8696,156.5,39.9873,76.198,61.6706,67.5866,50.8403,67.3738,28.13,99.2147,81.0568,78.7052,32.2195
2012-01-10,23.5201,28.8741,32.354,158.64,40.1265,76.0456,62.573,67.7771,51.2109,67.3818,29.05,100.0749,80.8084,78.5724,32.5773
2012-01-11,23.4524,28.8961,32.2506,159.67,40.0861,76.4882,62.8192,67.7652,51.3167,67.4057,29.14,100.1291,81.0154,79.5951,32.8064
2012-01-12,23.1227,29.0132,32.3863,160.38,40.0322,76.3286,63.0079,67.92,51.5197,67.3977,29.31,100.3694,80.8912,79.4822,32.5661
2012-01-13,23.072,28.7497,32.0375,159.26,39.9873,76.6695,62.6715,68.164,51.3344,67.4136,28.82,99.8502,81.1189,80.2724,32.6388
2012-01-17,23.2326,29.2985,32.4186,160.5,40.0681,76.7421,62.6469,68.3724,51.8021,67.4216,29.19,100.2376,81.2017,80.6443,32.9071
2012-01-18,23.2411,30.0376,32.9612,161.6,40.1804,76.5027,63.7627,68.2355,52.4903,67.4136,29.65,101.3459,81.1396,79.6681,33.1362
2012-01-19,23.3425,30.301,33.3681,161.22,40.2388,76.0456,64.1565,68.2177,52.8167,67.4136,29.74,101.8806,80.8429,78.5724,33.2648
2012-01-20,23.1734,30.2791,33.5425,162.07,40.2388,75.7844,64.1975,68.045,52.7373,67.3977,31.22,102.2604,80.6773,77.6826,33.4716
2012-01-23,23.444,30.5717,33.6717,163.16,40.3781,75.6175,64.1154,67.9438,52.755,67.4057,31.39,101.9968,80.5118,77.1912,33.6337
2012-01-24,23.4863,30.6157,33.4843,162.01,40.4814,75.7046,64.4846,68.1879,52.6579,67.4057,31.08,101.8806,80.5186,77.3307,33.8909
2012-01-25,23.6807,30.9596,33.8331,166.42,40.8362,76.0673,65.0344,68.42,53.3197,67.4456,32.37,102.7331,81.1396,77.1447,34.3269
2012-01-26,23.7483,30.8352,33.8461,167.27,40.9351,76.4736,64.9605,68.9558,53.1344,67.4535,32.43,102.2061,81.5121,78.1673,34.5672
2012-01-27,23.8329,30.9962,33.9042,168.97,40.7868,76.7059,65.4035,69.057,53.2932,67.4695,32.96,102.1596,81.6846,78.4131,34.5784
2012-01-30,23.5877,30.5498,33.5037,168.03,40.6566,76.967,64.8948,68.9677,53.3373,67.4456,32.53,101.8109,81.9537,79.3361,34.3213
2012-01-31,23.5285,30.8132,33.6781,169.31,40.7599,77.2573,64.8292,69.1701,53.4079,67.4456,32.28,101.7721,82.3469,80.2525,34.489
2012-02-01,23.6046,31.4937,34.2078,169.56,40.8353,76.9891,66.2239,69.4454,53.8402,67.4224,32.77,102.6634,82.2986,79.3332,34.8299
2012-02-02,23.6638,31.5815,34.2788,171.05,40.8625,77.0981,66.6013,69.5888,54.0079,67.4305,33.36,102.8261,82.2986,79.3,34.9082
2012-02-03,23.9428,32.1084,34.8149,167.64,40.9798,76.4875,68.0534,69.4872,54.7491,67.4305,32.69,104.2676,81.6087,77.5959,35.3945
2012-02-06,24.0612,31.8376,34.647,167.18,40.9889,76.6983,67.8319,69.6664,54.7049,67.4145,32.68,104.1978,81.9743,78.3681,35.2827
2012-02-07,24.0442,31.9035,34.8602,169.7,41.0702,76.204,67.7909,69.535,54.8196,67.3984,33.26,104.4614,81.6708,77.3962,35.1933
2012-02-08,24.1542,32.1303,34.9829,168.5,41.1064,76.2404,67.9386,69.6067,55.1108,67.3984,33.04,104.7713,81.6501,77.4561,35.2548
2012-02-09,24.281,32.1157,35.0733,168.02,41.1244,76.0659,67.6022,69.3856,55.5079,67.3666,32.9,104.9031,81.3396,76.877,34.9976
2012-02-10,24.0527,31.4059,34.408,167.14,40.7676,76.4948,66.6752,69.32,55.1196,67.3826,32.51,104.1281,81.7191,77.8755,34.6734
2012-02-13,24.1119,31.9181,34.802,167.51,40.8851,76.4439,67.5366,69.5588,55.6314,67.3426,32.75,104.9031,81.8846,77.9753,35.0256
2012-02-14,24.1034,31.6547,34.5437,167.12,40.8851,76.6038,67.233,69.6126,55.7726,67.3586,32.54,104.7713,81.8846,78.388,34.6678
2012-02-15,24.188,31.7425,34.5824,168.11,40.754,76.662,66.6752,69.5171,55.3843,67.3666,32.45,104.2831,82.0365,78.2482,34.461
2012-02-16,24.2979,32.0865,35.0604,168.0,40.9257,76.3131,67.9304,69.3976,56.1432,67.3426,32.57,105.4378,81.8295,77.6225,34.8244
2012-02-17,24.2556,32.145,35.2154,167.35,40.9121,76.2331,67.9222,69.2901,55.9667,67.3266,32.28,105.7169,81.6363,77.6025,34.8523
2012-02-21,24.6361,32.0133,35.2219,171.02,41.0657,75.9569,67.4628,69.1766,56.1255,67.3107,33.38,105.7633,81.588,76.7438,34.3101
2012-02-22,24.8643,32.0718,35.1185,172.94,41.1967,76.2549,66.9295,69.6067,55.8696,67.3426,33.44,105.4223,82.0503,77.709,34.0194
2012-02-23,24.9404,32.0133,35.4092,173.02,41.3458,76.364,67.9304,69.7022,56.2402,67.3347,34.4,105.8873,82.0778,77.709,34.4443
2012-02-24,25.0926,32.3352,35.6223,172.23,41.4722,76.4221,67.7991,69.756,56.4343,67.3187,34.37,106.1198,82.0985,78.2149,34.489
2012-02-27,24.8897,32.0133,35.4415,171.7,41.4813,76.6765,67.6842,70.0128,56.5137,67.3347,34.36,106.2981,82.2296,78.9072,34.4331
2012-02-28,24.8812,32.4596,35.7709,173.49,41.5626,76.7129,67.5038,70.2338,57.0872,67.3506,35.83,106.6081,82.2434,78.6477,34.2318
2012-02-29,24.7882,32.4377,35.3058,164.29,41.6168,76.4076,66.4947,70.2995,56.8314,67.3506,33.55,106.1896,81.8709,78.1683,34.0921
2012-03-01,25.1771,32.745,35.7063,166.61,41.6881,76.16,66.8392,70.1335,57.2814,67.3386,34.44,106.7398,81.6708,77.4324,34.2989
2012-03-02,24.9235,32.6645,35.3769,166.34,41.5155,76.4658,65.8383,70.1575,57.2372,67.3546,33.76,106.4143,81.6777,78.1597,34.2486
2012-03-05,24.8051,32.1011,35.1896,165.65,41.2838,76.3129,65.9121,70.0316,56.6461,67.3546,33.03,105.9803,81.3051,77.5392,34.5952
2012-03-06,24.3993,31.0254,34.0657,162.7,40.734,76.6333,64.5995,69.9238,56.0902,67.3546,32.01,104.4303,81.5397,78.4799,34.1368
2012-03-07,24.5092,31.3986,34.4855,163.63,40.8475,76.4876,65.2066,69.8938,56.5226,67.3386,32.41,105.1588,81.7191,77.9995,34.3213
2012-03-08,24.7121,32.0572,35.2283,165.28,41.1656,76.262,66.0517,69.9057,57.1314,67.3147,32.85,106.2051,81.6846,77.219,34.1424
2012-03-09,24.7798,32.0425,35.1121,166.38,41.2111,76.2037,66.9459,69.8699,57.3696,67.3147,33.22,106.6158,81.8295,77.3724,34.3101
2012-03-12,24.746,31.6913,35.0216,165.07,41.2111,76.1819,66.8146,69.7319,57.3961,67.3226,32.63,106.6236,81.9329,77.359,34.5616
2012-03-13,24.8559,32.5547,35.59,162.3,41.5109,75.6358,68.1437,69.5402,58.4637,67.2828,32.26,108.5455,81.7329,75.998,35.2604
2012-03-14,24.6868,32.0425,35.2735,159.57,41.4064,74.7695,67.5858,68.7131,58.6666,67.187,31.27,108.4293,80.974,74.0833,35.1653
2012-03-15,24.7037,32.2986,35.6094,161.08,41.2656,74.7476,68.1519,68.5632,58.8343,67.227,31.53,109.0571,81.0844,74.1966,35.115
2012-03-16,25.008,32.2621,35.8549,161.3,41.1156,74.7258,68.0945,68.6651,58.7928,67.2668,31.59,109.2081,81.1327,74.3434,35.3162
2012-03-19,24.9658,32.1377,36.0422,161.59,41.2701,74.2672,68.6687,68.5692,59.2081,67.2189,31.98,109.6362,80.9188,73.456,35.5622
2012-03-20,24.6614,31.5815,35.6159,160.13,41.2383,74.3036,68.0534,68.5273,59.3142,67.203,31.15,109.3171,80.8429,73.7497,35.5119
2012-03-21,24.6022,31.6401,35.3833,160.21,41.1065,74.6821,68.0371,68.8389,59.323,67.2428,31.21,109.138,80.9947,74.5836,35.4616
2012-03-22,24.4078,31.1571,35.1379,159.57,41.2065,74.7767,67.3807,68.7251,59.1993,67.2509,30.54,108.3518,81.0844,74.8238,34.9753
2012-03-23,24.6445,31.3913,35.3833,161.53,41.1202,75.0534,68.0399,68.779,59.164,67.2588,31.24,108.7021,81.3465,75.531,35.1933
2012-03-26,24.7544,31.9401,35.8355,164.4,41.3701,74.966,69.4553,68.9288,60.1981,67.2748,31.94,110.2277,81.112,75.1441,35.6057
2012-03-27,24.653,31.7718,35.6094,163.24,41.4428,75.381,68.9698,69.4623,60.2864,67.2987,31.59,109.8853,81.4017,75.6844,35.6114
2012-03-28,24.4162,31.2376,35.364,161.51,41.3065,75.25,68.5665,69.3304,60.0478,67.2828,31.15,109.3404,81.2983,75.5777,35.555
2012-03-29,24.0781,31.201,35.1379,161.28,41.3019,75.5631,68.369,69.4683,59.818,67.3067,31.35,109.1536,81.4362,76.1447,35.5719
2012-03-30,24.3486,31.4279,35.4544,162.12,41.2201,75.1917,68.1469,69.3004,59.7031,67.2987,31.38,109.605,81.1672,74.8571,35.8649
2012-04-02,24.6614,31.8596,35.8678,162.94,41.291,75.3719,68.9863,69.4791,60.3218,67.3147,32.05,110.4068,81.5781,75.2719,36.1185
2012-04-03,24.5515,31.6767,35.2412,159.89,41.2544,74.8175,68.5254,68.8175,60.3041,67.2668,31.65,109.9553,80.9762,73.9675,35.9776
2012-04-04,24.1711,31.1059,34.4532,157.21,41.1035,75.1968,67.4309,68.9498,59.4821,67.2828,30.33,108.8656,80.99,74.9842,35.5832
2012-04-05,24.2641,31.2742,34.2465,158.31,41.003,75.5323,67.1347,69.0641,59.8533,67.3067,30.72,108.8111,81.2045,75.526,35.448
2012-04-09,24.1542,30.8132,34.098,159.37,40.7927,76.3053,66.0319,69.5152,59.4026,67.3546,30.59,107.589,81.5781,77.292,35.0704
2012-04-10,23.8329,30.2132,33.3681,161.1,40.5916,76.6627,64.4766,69.473,58.448,67.3866,30.79,105.7831,82.0485,78.1682,34.3154
2012-04-11,23.8921,30.5425,33.8331,161.07,40.8384,76.3637,65.39,69.4009,58.7309,67.3786,30.65,106.6394,82.18,77.2318,34.7549
2012-04-12,24.2049,31.3254,34.4532,162.7,41.2042,76.2106,66.3282,69.4309,59.4026,67.3866,31.42,108.0327,82.0278,76.9107,35.2338
2012-04-13,23.9597,30.8498,33.7944,160.85,41.0716,76.67,65.4559,69.7617,58.5011,67.3946,30.55,106.7483,82.3736,78.1548,35.0874
2012-04-16,23.723,30.6961,34.0398,160.46,41.1356,76.6481,65.5629,69.7617,57.847,67.3946,30.56,106.6783,82.3252,78.0411,35.5663
2012-04-17,23.8329,31.0474,34.5824,160.25,41.3138,76.5679,66.5092,69.8519,59.0225,67.3946,30.8,108.2584,82.5051,77.9943,35.8706
2012-04-18,23.6046,30.901,34.4016,159.31,41.3001,76.7211,66.0072,69.8399,58.8723,67.4105,30.64,107.8926,82.4083,78.2218,35.6283
2012-04-19,23.6131,30.762,34.1949,159.43,41.2224,76.8086,65.6287,69.888,58.2094,67.4185,30.8,107.1998,82.1938,78.2953,35.6283
2012-04-20,23.7061,30.9742,34.5243,159.54,41.2864,76.8159,66.0072,69.87,58.0503,67.4185,30.75,107.3788,82.4013,78.3087,36.0622
2012-04-23,23.6638,30.3815,33.8331,159.07,41.1996,76.969,65.0938,69.882,57.52,67.4345,29.97,106.4759,82.4913,78.8773,35.6903
2012-04-24,23.6638,30.4474,34.1044,159.3,41.2955,76.7721,65.5876,69.7557,57.2107,67.4105,29.93,106.8807,82.512,78.3221,36.2256
2012-04-25,23.7991,30.7254,34.5695,159.62,41.5973,76.6773,66.608,69.876,58.7309,67.4265,29.86,108.3441,82.4774,77.9207,36.6425
2012-04-26,23.8498,30.9157,34.7762,161.03,41.6247,76.9326,67.2663,69.9903,59.0756,67.4345,30.18,109.0991,82.7887,78.3889,36.7327
2012-04-27,23.9259,30.9596,34.9183,161.38,41.6064,77.0128,67.793,70.0925,59.4291,67.4185,30.37,109.2781,82.7058,78.4559,36.9863
2012-04-30,24.0189,30.8937,34.718,161.88,41.6887,77.0784,67.0441,70.0503,59.0049,67.4345,30.11,108.8734,82.6158,78.4759,36.8905
2012-05-01,24.0189,31.0986,34.8602,161.32,41.7204,76.9382,67.11,69.917,59.1021,67.4329,30.06,109.5505,82.6478,78.0689,37.2905
2012-05-02,23.7061,31.0401,34.5889,160.59,41.8813,77.0842,67.291,70.1463,59.27,67.4408,29.78,109.2236,82.738,78.6188,37.2342
2012-05-03,23.444,30.8059,34.2853,158.97,41.8537,77.077,66.3446,70.1886,58.6425,67.4329,29.29,108.3908,82.6339,78.5986,37.1046
2012-05-04,23.0297,30.2644,33.7621,159.47,41.7709,77.3837,65.0855,70.267,57.1842,67.4568,29.41,106.6394,82.8074,79.2155,36.7777
2012-05-07,22.979,30.3742,34.0075,159.08,41.8399,77.3618,65.2584,70.3877,57.2372,67.4568,29.21,106.7172,82.8005,79.2289,37.037
2012-05-08,22.8944,29.8912,33.4843,156.0,41.8307,77.5371,65.2172,70.5627,57.0251,67.4649,28.65,106.2891,82.9533,79.6514,36.9694
2012-05-09,22.7169,29.5034,33.0968,154.47,41.6836,77.6028,64.8469,70.442,56.8483,67.4568,28.38,105.6586,82.856,79.705,36.851
2012-05-10,22.7254,29.6278,33.2518,154.77,41.6376,77.4933,65.0938,70.2972,56.7334,67.4489,28.25,105.8766,82.8421,79.4703,36.8792
2012-05-11,22.5563,29.2473,33.0451,153.56,41.7434,77.749,64.9292,70.5084,56.7246,67.4568,28.08,105.5574,82.8838,80.1274,36.9581
2012-05-14,22.2604,28.5814,32.4121,151.33,41.4354,78.0923,64.0651,70.5264,56.1943,67.4489,27.42,104.3898,83.2726,81.2472,36.4904
2012-05-15,22.3026,28.3327,32.0052,149.74,41.2331,78.1142,63.9499,70.4359,56.0087,67.4408,26.86,103.7905,83.3698,81.5758,36.2988
2012-05-16,22.2773,27.9302,31.6887,149.46,40.8286,78.1727,63.4891,70.4721,55.6286,67.4329,26.37,103.3935,83.2032,81.8104,35.8988
2012-05-17,22.2266,27.5497,31.3011,152.8,40.2632,78.4648,62.049,69.9472,54.4531,67.4009,27.24,101.86,83.4739,83.2587,34.8507
2012-05-18,22.2096,27.2863,31.0751,154.55,40.2632,78.4137,61.4647,69.6757,53.746,67.4089,27.79,100.9883,83.6684,83.2789,34.4281
2012-05-21,22.5055,27.9375,31.7597,154.65,40.6815,78.2092,62.913,69.7541,55.2486,67.4169,27.68,102.7241,83.7794,83.1046,35.1775
2012-05-22,22.1843,27.6448,31.6435,152.08,40.6769,78.0411,62.5345,69.5671,55.1867,67.393,27.34,102.9031,83.6059,82.1792,35.2451
2012-05-23,21.9391,27.4546,31.3851,151.62,40.6356,78.2457,62.9377,69.736,55.2928,67.4249,27.05,102.9576,83.6128,82.7492,35.2958
2012-05-24,21.9476,27.3155,31.1784,151.41,40.6447,78.0776,63.0694,69.7481,54.9304,67.4009,27.44,103.16,83.4948,82.434,35.4536
2012-05-25,22.0236,27.1838,31.0686,152.68,40.516,78.3041,63.0282,69.923,54.8597,67.4329,27.62,102.8253,83.5781,82.7424,35.3127
2012-05-29,21.9307,27.9522,31.4626,151.02,40.9619,78.2383,63.9417,70.0256,55.5579,67.4169,27.1,104.0707,83.3351,82.4877,35.8142
2012-05-30,21.5248,27.4692,30.7198,151.91,40.7781,78.9834,62.7155,70.086,55.0895,67.4489,27.12,102.5606,83.8211,84.5797,34.9634
2012-05-31,21.3388,27.5863,30.849,151.62,40.346,79.2902,62.6332,70.5808,54.8508,67.4728,26.96,102.3349,84.2238,85.5586,35.2282
2012-06-01,20.8992,26.8472,30.0674,157.5,39.9953,79.9714,60.7487,71.0143,53.3925,67.4792,27.62,99.7584,84.576,87.5899,34.3661
2012-06-04,21.0176,26.9643,30.3194,157.32,40.0277,79.5104,60.6088,70.4754,53.7991,67.4712,27.46,99.7117,84.4153,86.8977,34.1294
2012-06-05,20.9415,27.0375,30.539,157.14,40.2821,79.247,61.3906,70.3241,54.02,67.4872,27.72,100.4668,84.3454,85.7354,34.8338
2012-06-06,21.3304,27.8278,31.3916,157.21,40.7123,78.7276,62.9048,70.1182,55.2574,67.4632,28.51,102.7241,83.947,84.022,35.6057
2012-06-07,21.1867,27.9961,31.4368,154.5,40.8649,78.9178,62.4933,70.2635,55.0365,67.4553,27.79,102.7863,83.933,84.1497,35.3522
2012-06-08,21.2543,27.7546,31.3334,154.73,41.0222,78.9763,63.3409,70.5238,55.5667,67.4553,27.75,103.6037,83.9959,84.1295,35.8537
2012-06-11,20.8654,27.3521,31.0299,155.36,40.7539,79.1885,61.942,70.5117,54.6299,67.4553,27.79,102.2882,83.9889,84.5125,35.0479
2012-06-12,20.9669,27.9229,31.5466,156.46,41.0407,78.7642,62.7238,70.3059,55.2928,67.4233,28.12,103.4635,83.8072,83.7398,35.3804
2012-06-13,20.8062,27.8204,31.2947,157.12,40.9204,79.1812,61.9996,70.5602,54.9127,67.4153,28.01,102.8019,83.9959,84.5662,35.2
2012-06-14,21.0514,28.018,31.5272,157.75,41.2257,78.969,62.7073,70.4754,55.116,67.4233,27.82,103.8917,83.8841,84.4588,35.7128
2012-06-15,21.0176,28.5302,31.9729,157.84,41.2997,79.3348,63.5467,70.766,55.8008,67.4472,27.81,104.9542,84.4153,84.9291,35.9326
2012-06-18,21.0345,28.5888,31.8825,157.93,41.3136,79.3129,63.6207,70.7358,56.3234,67.4313,27.87,105.1576,84.3733,85.386,36.2312
2012-06-19,21.212,29.0497,32.4121,157.16,41.6049,79.0422,64.7235,70.6692,56.9081,67.4233,27.64,106.1748,84.2825,84.2706,36.3777
2012-06-20,20.8654,28.9546,32.5994,155.97,41.7669,78.8812,64.6247,70.6994,56.9524,67.3993,27.26,106.0027,84.1707,84.6872,36.3608
2012-06-21,20.4173,27.8942,31.7461,152.02,41.4246,79.0495,63.0529,70.8084,55.535,67.4073,26.12,103.624,83.8142,85.1374,35.7691
2012-06-22,20.6202,27.9831,32.0171,152.64,41.7067,78.7057,63.7689,70.7539,56.1197,67.4153,26.15,104.4222,83.4088,84.0018,35.7748
2012-06-25,20.8316,27.4648,31.3033,153.76,41.642,79.1373,62.7731,70.9356,55.0389,67.4153,26.71,102.7478,83.7933,85.2247,35.5924
2012-06-26,20.9753,27.7017,31.5082,152.62,41.5818,78.9617,63.0187,71.0082,55.3844,67.3993,26.3,103.2642,83.7373,84.8887,35.7117
2012-06-27,21.0937,27.8794,31.8056,152.83,41.8316,79.0714,64.0443,71.1051,55.721,67.3993,26.13,104.1953,83.8212,85.0231,35.8538
2012-06-28,20.8654,27.7461,31.8717,151.05,41.827,79.3275,63.9367,71.2141,55.1009,67.4073,25.63,103.8979,83.8562,85.2314,36.2457
2012-06-29,21.77,28.9754,33.0218,155.19,42.2248,78.9617,65.7975,71.1959,56.8372,67.4073,26.65,106.4877,83.6604,84.1228,37.1718
2012-07-02,21.7277,28.9754,33.2399,155.09,42.2703,79.328,66.5584,71.5738,57.0055,67.4281,26.73,106.8085,83.8385,84.9907,37.5808
2012-07-03,22.3365,29.5529,33.544,157.46,42.4238,79.1302,67.4267,71.6345,57.4839,67.4121,27.49,107.5127,83.9857,84.3376,37.8024
2012-07-05,22.421,29.2419,32.9888,155.68,42.4285,79.3427,67.3523,71.8167,57.5193,67.4361,26.88,107.0276,84.168,84.7685,37.5695
2012-07-06,21.9053,28.7088,32.6781,153.71,42.3727,79.6211,66.5997,71.999,56.8018,67.4601,26.3,106.0105,84.2942,85.5564,37.6604
2012-07-09,22.2942,28.6051,32.6054,154.04,42.3867,79.8409,66.3434,72.0476,56.6955,67.4601,26.54,105.8774,84.4554,86.3105,37.7001
2012-07-10,22.0067,28.2867,32.3873,152.15,42.2006,79.8776,65.6073,72.0294,56.1374,67.4601,26.06,104.9542,84.6727,86.4856,37.2968
2012-07-11,22.2519,28.4348,32.4864,152.99,42.3355,79.8043,65.384,72.1509,55.8273,67.468,26.25,104.9699,84.5886,86.5933,37.3365
2012-07-12,22.3026,27.9609,32.1625,152.59,42.2424,79.9875,65.1608,72.5154,55.3047,67.484,26.35,104.4613,84.7568,87.2061,37.4502
2012-07-13,22.5732,28.5014,32.6186,154.14,42.3727,79.9215,65.9712,72.5396,56.1462,67.5,26.44,106.2139,84.7989,86.9771,37.9103
2012-07-16,22.8522,28.4348,32.612,154.21,42.2099,80.0974,65.7066,72.7401,55.9868,67.524,26.49,105.9635,84.897,87.3812,37.9842
2012-07-17,22.8775,28.8125,32.7045,153.47,42.4099,79.8922,65.9381,72.7401,56.2791,67.516,26.47,106.6912,84.7849,86.6943,38.3478
2012-07-18,23.0804,28.7384,32.9623,153.05,42.5867,79.9728,66.3434,73.1411,57.041,67.532,26.42,107.4814,84.8059,86.7415,38.1205
2012-07-19,23.3594,29.005,33.2664,153.38,42.6937,79.8556,66.1201,73.2686,57.6699,67.548,26.42,107.7631,84.883,86.5192,37.7228
2012-07-20,23.3594,28.5755,32.4864,153.67,42.4936,80.1707,65.2765,73.3233,56.9081,67.5559,26.48,106.7773,85.1494,87.5764,37.524
2012-07-23,22.8691,27.8276,31.8188,153.03,42.4238,80.3026,64.2345,73.0864,56.2171,67.5639,26.21,105.6975,85.0792,88.068,37.2513
2012-07-24,22.7338,27.7091,31.4751,153.52,42.1633,80.4564,63.3909,73.2018,55.7742,67.548,26.22,104.7899,85.1283,88.7615,37.1263
2012-07-25,22.9029,27.8424,31.6404,155.67,42.075,80.5004,63.5315,73.3415,55.4021,67.5559,26.53,104.8134,85.0372,88.9905,37.1093
2012-07-26,22.9452,28.4718,32.6054,156.77,42.5076,80.2512,64.0773,73.457,56.1374,67.5559,26.71,106.5425,84.918,88.1757,37.4388
2012-07-27,23.1819,29.2716,33.2928,157.54,42.7588,79.6724,65.599,73.1107,57.4662,67.508,26.96,108.5064,84.6727,86.5125,37.7967
2012-07-30,23.3172,29.1012,33.2531,157.43,42.7588,79.9289,65.3757,73.299,57.4219,67.5399,27.36,108.5064,84.911,87.1589,37.9728
2012-07-31,23.0382,28.968,33.0482,156.49,42.6565,80.0681,64.7968,73.6756,57.4042,67.5559,27.12,107.7475,85.1283,87.334,37.916
2012-08-01,23.072,29.0198,33.0548,155.14,42.888,79.7761,63.73,73.5934,57.2359,67.5448,26.54,107.6535,85.1633,86.8974,37.7342
2012-08-02,22.8775,28.6792,32.5922,154.13,42.7149,79.9668,63.4984,73.6421,57.0321,67.5528,26.31,106.9102,85.1494,87.3901,37.8422
2012-08-03,23.2664,29.5677,33.7026,155.55,42.8927,79.5486,65.0119,73.4654,58.1129,67.5288,26.96,109.0306,84.9951,85.9797,38.1376
2012-08-06,23.4017,29.7529,33.9405,156.3,42.8646,79.5999,65.5163,73.5629,58.5558,67.5367,27.11,109.2419,85.0512,86.0135,38.0978
2012-08-07,23.5793,29.8343,34.2248,156.28,42.7804,79.1817,66.1118,73.179,59.043,67.5047,27.27,109.7896,84.869,84.9068,37.649
2012-08-08,23.6469,29.8936,34.2049,156.48,42.8084,79.0717,66.0126,72.9718,59.0164,67.4808,27.21,109.9226,84.6166,84.4548,37.3933
2012-08-09,23.8413,30.0195,34.2248,156.99,42.8131,79.0129,66.3268,72.9231,59.1936,67.4808,27.29,110.0165,84.4554,84.394,37.274
2012-08-10,23.7145,30.1601,34.2842,157.18,42.7757,79.2404,66.0953,73.1302,59.2291,67.4968,27.26,110.1964,84.5114,84.8191,37.3252
2012-08-13,23.5285,29.8936,34.119,155.99,42.7991,79.189,65.9877,72.9779,59.3708,67.5047,26.92,110.1417,84.3993,84.6774,37.2968
2012-08-14,23.5539,29.8862,34.1983,155.13,42.8646,78.8001,65.8306,72.6487,59.3974,67.4888,26.96,110.1573,84.0278,83.5303,37.2172
2012-08-15,23.7568,29.8417,34.0992,155.63,42.6588,78.4039,66.4095,72.3075,59.548,67.4648,26.97,110.2825,83.4039,82.3562,37.3877
2012-08-16,23.8498,30.1157,34.5222,156.56,42.8178,78.2131,67.1042,72.0942,60.2567,67.4568,27.37,111.0962,83.2006,81.6545,37.6717
2012-08-17,23.8836,29.9676,34.5685,156.72,42.8178,78.3085,67.5756,72.1917,60.5224,67.4648,27.23,111.2449,83.3128,82.0525,37.6831
2012-08-20,23.9935,29.9528,34.5288,157.26,42.8693,78.3525,67.4267,72.3928,60.611,67.4648,27.95,111.2527,83.2707,82.2212,37.5751
2012-08-21,24.2133,29.9084,34.7271,158.83,42.9628,78.4185,67.3854,72.5147,60.3718,67.4648,28.37,110.9163,83.3268,82.5856,37.6547
2012-08-22,24.3401,29.9232,34.6874,160.54,42.9207,79.0276,67.0629,72.9291,60.6199,67.5047,28.92,110.9632,84.0067,83.9487,37.632
2012-08-23,24.2218,29.6492,34.4891,161.89,42.9114,79.167,66.5915,72.984,60.1238,67.5128,29.6,110.0556,84.3993,84.2996,37.5183
2012-08-24,24.1119,29.6566,34.4363,161.97,43.1032,79.1303,66.7734,73.0632,60.4959,67.5128,29.74,110.7206,84.3853,84.2185,37.6433
2012-08-27,24.002,29.353,34.4561,161.36,43.0704,79.3357,66.9719,73.1546,60.5933,67.5047,29.74,110.7441,84.6586,84.7112,37.7569
2012-08-28,24.0189,29.2938,34.423,161.64,43.033,79.3651,67.2779,73.2582,60.5933,67.5128,29.93,110.6346,84.876,84.9136,37.8876
2012-08-29,24.0612,29.1531,34.3173,160.59,43.0938,79.3137,67.4847,73.1059,60.5933,67.5128,29.75,110.7206,84.5886,84.5425,37.8762
2012-08-30,24.0865,28.8125,33.8083,160.52,43.0751,79.4605,66.8148,73.1302,59.982,67.5207,29.44,109.9226,84.5255,84.9811,37.791
2012-08-31,24.3401,29.0864,34.1058,164.22,43.1874,79.9741,67.0877,73.6361,60.3807,67.5608,30.79,110.4468,84.918,86.1822,37.9103
2012-09-04,24.3486,28.9235,33.9339,164.48,43.1864,79.7912,67.9064,73.4618,60.3187,67.5559,31.36,110.3451,84.8059,86.0956,38.1773
2012-09-05,24.2302,28.7754,33.8414,164.31,43.1911,79.7618,67.923,73.4924,60.2567,67.5559,31.27,110.2512,84.946,85.6899,38.1092
2012-09-06,24.2218,29.4123,34.6808,164.89,43.4451,79.218,69.1718,73.1684,61.5943,67.524,31.67,112.4889,84.4834,84.2631,38.45
2012-09-07,24.4923,30.0935,35.203,168.44,43.5203,79.3209,69.6845,73.3212,61.5057,67.5399,32.64,112.9271,84.7568,83.8709,38.4841
2012-09-10,24.5261,29.7085,34.9254,167.29,43.4498,79.3577,69.3703,73.3151,60.7174,67.524,32.29,112.2855,84.9741,84.0738,38.183
2012-09-11,24.5769,30.0639,35.322,167.9,43.7461,79.2107,69.5191,73.3762,60.6199,67.5399,32.41,112.5985,84.89,83.5463,38.2967
2012-09-12,24.7037,30.1972,35.5533,167.92,43.8778,78.8213,69.8747,73.2295,60.7971,67.532,32.21,112.974,84.4764,82.5049,38.3762
2012-09-13,24.8728,31.0117,36.0953,171.31,44.16,79.0491,70.7927,73.6208,61.6209,67.5559,33.61,114.6953,85.1844,82.1803,38.8477
2012-09-14,25.1349,31.3745,36.4522,171.8,44.1553,78.3069,71.4543,73.1806,62.1701,67.524,33.6,115.2039,85.4718,79.9961,39.0636
2012-09-17,24.4416,31.0339,36.2605,170.4,44.1177,78.4686,71.1235,73.4312,62.1967,67.524,32.99,114.8127,85.3947,80.9564,38.95
2012-09-18,24.2641,31.0487,36.1085,171.72,44.1365,78.6669,70.8919,73.6575,62.2499,67.532,33.71,114.7188,85.2826,81.3621,38.5807
2012-09-19,23.909,31.0487,36.2605,171.74,44.0801,78.8506,70.7679,73.7797,62.365,67.532,33.57,114.7814,85.3877,81.8963,38.3648
2012-09-20,24.0442,30.8636,36.0292,171.47,43.8731,78.8947,70.4537,73.7186,62.303,67.516,33.58,114.7893,85.1003,82.0992,37.7967
2012-09-21,24.2049,30.9377,36.049,171.96,43.812,79.0638,70.71,73.8531,62.3208,67.524,33.48,114.7413,85.1704,82.1939,37.8024
2012-09-24,23.9512,30.908,35.9234,171.05,43.7555,79.2401,70.4792,73.9631,61.9566,67.532,32.93,114.5682,85.1143,82.8363,37.6621
2012-09-25,23.9766,30.4489,35.6723,170.77,43.3651,79.534,69.4663,74.1099,61.0859,67.516,32.68,113.349,85.2265,83.6545,37.1066
2012-09-26,23.8075,30.3082,35.3153,169.81,43.1488,79.8647,69.0263,74.3177,60.5884,67.532,32.87,112.7118,85.4227,84.5538,37.1009
2012-09-27,24.1034,30.7895,35.7384,172.34,43.6191,79.6957,69.7735,74.2811,61.4235,67.5399,33.58,113.7738,85.4087,83.952,37.2613
2012-09-28,24.2471,30.6044,35.0311,171.89,43.4122,79.6957,69.2753,74.4461,60.9171,67.5719,33.48,113.2467,85.3526,83.9994,37.204
2012-10-01,24.281,30.908,35.3153,172.29,43.3389,79.8435,69.5078,74.6448,60.8283,67.5735,33.65,113.5457,85.5209,84.3111,36.9291
2012-10-02,24.1542,30.9525,35.4541,172.1,43.4476,79.792,69.6407,74.6694,61.006,67.5575,33.5,113.6636,85.8714,84.1959,37.2097
2012-10-03,23.7399,30.7451,35.3087,172.41,43.5564,79.873,69.4414,74.7184,61.3969,67.5575,33.51,114.1277,85.9625,84.223,37.2841
2012-10-04,24.2556,31.0635,35.7384,173.61,43.7408,79.5566,69.9146,74.6571,61.6101,67.5575,33.93,114.9458,86.0887,83.1727,37.2727
2012-10-05,24.1288,31.0635,35.7846,172.62,43.7171,79.1961,69.8316,74.5406,61.2814,67.5256,33.45,114.9537,85.9134,82.0952,37.3185
2012-10-08,24.0612,30.7895,35.5731,172.05,43.6557,79.4536,69.3916,74.7368,60.7217,67.5335,32.97,114.5603,86.1167,82.7864,37.2383
2012-10-09,24.2387,30.56,35.0576,170.99,43.5327,79.2917,68.5779,74.8166,59.7533,67.5335,32.83,113.4277,85.8994,82.6373,37.1009
2012-10-10,24.1964,30.3749,34.9584,170.84,43.4287,79.483,68.47,74.9515,59.4513,67.5256,32.95,112.704,85.8083,83.2201,37.2498
2012-10-11,24.4754,30.6563,35.1832,171.32,43.6652,79.5566,68.7191,75.1968,59.2647,67.5176,32.9,112.7669,85.7312,83.796,37.2212
2012-10-12,24.1372,30.56,35.1435,170.06,43.7408,79.564,68.1628,75.2827,59.2381,67.5415,32.45,112.3972,85.6611,84.0061,37.0895
2012-10-15,24.0189,30.7377,35.4872,168.35,43.9394,79.586,68.6112,75.5157,59.6734,67.5256,31.66,113.3333,85.6541,83.8164,37.3357
2012-10-16,24.0358,31.0561,36.0755,169.42,44.1001,79.2108,69.1176,75.4666,60.5173,67.5256,31.93,114.4817,85.2896,82.6577,37.5647
2012-10-17,24.0442,31.3005,36.4125,169.54,44.1994,78.7105,69.7403,75.3194,60.4818,67.4855,32.12,115.0008,85.0372,81.8919,37.4617
2012-10-18,24.0358,31.2116,36.2737,168.79,44.1758,78.5707,69.3584,75.1784,59.78,67.4936,31.73,114.7019,85.0302,81.3905,37.8453
2012-10-19,23.6723,30.7303,35.7846,166.97,43.9535,78.9018,67.9553,75.3134,58.3497,67.4936,31.1,112.7905,85.3176,82.495,37.5304
2012-10-22,23.5623,31.0265,36.0358,167.58,43.963,78.6369,67.9387,75.1355,58.6517,67.4695,31.39,112.8063,85.1774,81.9665,37.3414
2012-10-23,23.2749,30.3897,35.2625,165.43,43.7975,79.0121,67.5983,75.2642,58.092,67.5015,30.68,111.2409,85.3596,83.1388,36.9635
2012-10-24,23.2073,30.4193,35.2823,164.86,43.7597,78.8429,67.4156,75.0619,57.8877,67.4936,30.71,110.9262,85.2265,82.3188,36.9348
2012-10-25,23.2664,30.7525,35.4938,166.02,43.8306,78.556,67.6896,74.8472,57.8877,67.4695,31.12,111.2488,84.9741,81.8987,36.8318
2012-10-26,23.3172,30.5156,35.4409,165.93,43.7266,79.0563,67.3658,75.2152,58.0565,67.4855,31.08,111.1858,85.3947,83.1049,36.5111
2012-10-31,23.3003,30.4712,35.4145,166.83,43.7786,79.38,67.7726,75.4482,57.7011,67.5256,31.27,111.1858,85.8854,83.5928,36.8661
2012-11-01,23.3425,30.9673,35.8309,166.07,43.755,79.2216,68.4866,75.1171,58.5185,67.5096,31.22,112.35,85.7884,82.9083,37.0436
2012-11-02,22.9452,30.8044,35.4872,162.6,43.6935,79.2879,67.4073,74.9699,57.8966,67.5015,29.95,111.351,85.7392,82.8474,37.2899
2012-11-05,23.1396,30.9525,35.4013,163.23,43.6226,79.4794,67.8556,75.0067,58.2786,67.5015,30.17,111.5791,85.8517,83.3149,37.0436
2012-11-06,23.5539,31.1968,35.7384,166.3,43.6887,79.1185,68.3621,74.6448,58.3852,67.4776,31.01,112.4523,85.6268,82.5289,37.204
2012-11-07,23.1143,30.6859,35.203,166.49,43.4287,79.7816,66.7016,74.7981,57.0082,67.5335,30.83,109.9037,86.1187,84.0265,37.0379
2012-11-08,23.1481,30.3008,34.8857,167.99,43.2868,80.1352,65.7634,74.7245,56.1109,67.5335,31.38,108.5822,86.5824,85.2733,36.597
2012-11-09,23.3341,30.3601,34.8989,167.82,43.2112,80.1426,65.9046,74.5406,56.3508,67.5335,31.54,108.6766,86.2662,85.3682,36.4996
2012-11-12,23.2242,30.4712,34.8725,167.45,43.2254,80.1941,65.7136,74.5528,56.3419,67.5335,31.37,108.7631,86.4981,85.5104,36.4137
2012-11-13,23.1819,30.1972,34.7006,167.1,43.1261,80.2899,65.34,74.5835,55.951,67.5415,31.4,108.3855,86.3997,85.7951,36.3851
2012-11-14,23.2495,29.7307,34.3371,167.14,42.8897,80.312,64.1278,74.7368,55.2936,67.5575,31.64,106.9225,86.3154,85.8763,35.7037
2012-11-15,23.1565,29.8343,34.4495,166.09,42.8708,80.2752,63.7958,74.5896,55.107,67.5575,31.53,106.7415,86.2522,85.707,35.5376
2012-11-16,23.258,29.9232,34.4297,165.88,42.9937,80.3268,64.3271,74.6142,55.3469,67.5575,31.21,107.2686,86.3084,85.6324,35.7552
2012-11-19,23.6976,30.4489,35.1765,167.87,43.5375,80.1646,65.6887,74.8472,56.6617,67.5496,32.05,109.4396,86.1468,85.1513,36.1961
2012-11-20,23.537,30.3897,35.2294,167.39,43.5422,79.8331,65.8049,74.6142,56.6795,67.5335,32.11,109.4868,85.9009,84.2975,36.4653
2012-11-21,23.6384,30.3305,35.2889,167.56,43.528,79.7153,66.1537,74.6694,56.795,67.5256,32.29,109.6913,85.6971,84.2501,36.4023
2012-11-23,23.723,30.8266,36.049,169.61,43.6746,79.6711,66.8096,74.7,57.6567,67.5256,32.98,111.1858,85.6339,84.1688,36.6714
2012-11-26,23.6892,30.8266,35.9631,169.43,43.684,79.8037,67.0254,74.8227,57.9055,67.5176,33.02,110.9499,85.8728,84.5686,36.7459
2012-11-27,23.6553,30.5674,35.7846,168.71,43.7266,79.9878,66.9424,74.8656,57.71,67.5256,32.93,110.3835,85.8728,84.9006,36.5397
2012-11-28,23.5793,30.7377,36.0424,166.55,43.736,80.0909,67.507,74.8534,58.2075,67.5335,32.62,111.2724,86.0765,84.7786,36.4939
2012-11-29,23.7399,30.9599,36.3531,167.18,43.9299,80.172,68.2791,74.9085,58.554,67.5335,33.13,111.7915,86.2311,84.7922,36.6943
2012-11-30,23.7568,30.9451,36.3993,166.05,43.9961,80.1573,68.1462,74.9024,58.4563,67.5415,32.36,111.8151,86.3646,84.5618,36.7688
2012-12-03,23.816,30.9303,36.4456,166.13,44.219,80.1256,68.0715,74.9854,58.3408,67.5495,32.52,111.2645,86.6221,84.6399,36.9177
2012-12-04,23.6046,31.0191,36.5381,164.42,44.219,80.2657,68.1545,75.0531,58.3053,67.5495,31.9,111.1072,86.6503,85.1287,36.9749
2012-12-05,23.5793,31.3523,36.591,164.12,44.2903,80.3321,68.0715,75.2069,57.6567,67.5656,31.82,111.3038,86.8055,85.088,36.8604
2012-12-06,23.3679,31.5893,36.6637,164.5,44.3711,80.3764,68.1795,75.1946,58.0298,67.5656,31.93,111.6813,86.9819,85.2713,37.204
2012-12-07,23.3425,31.6856,36.6769,165.16,44.3046,80.1477,68.2293,75.0162,57.6834,67.5656,32.03,112.0196,86.8761,84.4837,37.3414
2012-12-10,23.2918,31.8633,36.7166,165.8,44.3426,80.2215,68.5282,75.0839,57.8522,67.5656,32.14,112.0668,86.9819,84.8571,37.3242
2012-12-11,23.2495,32.0262,36.9281,165.65,44.3854,80.0665,69.2505,74.8071,58.6073,67.5656,31.91,112.8298,86.7279,84.2121,37.4159
2012-12-12,23.3594,32.1224,37.0471,165.77,44.5185,79.7272,68.8602,74.5794,58.4829,67.5575,32.37,112.8849,86.4599,83.2344,37.3128
2012-12-13,23.1481,31.9818,36.9347,164.37,44.3616,79.5723,68.4202,74.4625,58.021,67.5575,31.53,112.1926,86.22,83.2955,37.0265
2012-12-14,23.2918,32.1224,37.0669,164.13,44.3283,79.7493,68.3787,74.5179,57.4701,67.5735,31.17,111.7758,86.3117,83.9201,37.0207
2012-12-17,23.2749,32.2039,37.2189,164.44,44.4995,79.3288,69.3418,74.278,58.2342,67.5575,31.2,113.0894,85.9872,82.6641,37.2154
2012-12-18,23.3341,32.4289,37.6065,162.08,44.5232,79.0191,70.2882,74.0934,59.1226,67.5175,30.65,114.348,85.7403,81.8222,37.5991
2012-12-19,23.4186,32.414,37.7401,161.69,44.4757,79.1297,70.4448,74.3826,58.8649,67.5336,30.11,113.4984,85.8108,82.0938,37.5476
2012-12-20,23.3087,32.6077,37.994,159.73,44.6325,79.1814,70.7966,74.4564,58.8649,67.5256,29.0,114.1513,85.8532,82.1073,38.04
2012-12-21,23.2664,32.2352,37.7602,160.33,44.5042,79.3953,70.5035,74.5856,58.2458,67.5336,29.0,113.1152,86.093,83.0036,37.977
2012-12-24,23.1904,32.1681,37.6599,160.62,44.3426,79.3141,70.1601,74.5364,58.1297,67.5336,28.94,112.7666,85.9943,82.8542,38.0275
2012-12-26,23.4271,32.265,37.6533,160.78,44.4501,79.4774,69.6577,74.6425,57.6205,67.5344,29.01,112.2913,86.1064,83.1522,37.8478
2012-12-27,23.4271,32.4468,37.827,161.16,44.541,79.6399,69.6074,74.8832,57.5312,67.5583,29.24,112.1407,86.2052,83.4312,37.9869
2012-12-28,23.3594,32.5661,37.4261,160.54,44.4215,79.8246,69.1133,75.0497,56.9773,67.5583,29.1,110.9287,86.177,83.9075,37.7377
2012-12-31,23.4863,33.0504,37.994,162.02,44.6126,79.4035,70.6124,74.6548,58.1833,67.5583,29.37,112.8141,85.6549,82.4582,38.1376
2013-01-02,23.5708,33.6988,38.5821,163.17,45.0332,79.0415,72.6892,74.8276,60.0325,67.5424,29.92,115.7056,85.6055,81.3558,38.6129
2013-01-03,23.3763,33.4603,38.2079,161.2,44.8946,78.6353,72.5217,74.4204,59.7199,67.5424,29.18,115.4441,85.02,80.2535,38.6071
2013-01-04,23.2749,33.5274,38.4016,160.44,44.9233,78.6722,73.0577,74.3834,59.5233,67.5503,29.24,115.9511,84.9847,80.5665,38.7867
2013-01-07,23.3172,33.274,38.2346,159.43,44.9615,78.7165,72.7813,74.5068,59.5412,67.5503,29.18,115.6343,85.2739,80.6005,38.8737
2013-01-08,23.3763,32.9759,38.0208,160.56,44.9281,78.9086,72.731,74.5746,59.4251,67.5583,29.38,115.3016,85.3939,81.1313,38.7983
2013-01-09,23.3425,33.1175,38.2145,160.49,45.0141,78.9529,73.0828,74.55,59.6484,67.5824,29.35,115.5946,85.5491,81.0564,38.9084
2013-01-10,23.4271,33.4081,38.7023,161.98,45.0905,78.7239,73.2503,74.587,60.0058,67.5743,29.78,116.5136,85.4715,80.8319,38.949
2013-01-11,23.3256,33.1399,38.7825,161.06,45.1718,78.975,73.1414,74.7227,60.0861,67.5663,29.48,116.5057,85.5491,81.5531,38.9258
2013-01-14,23.4778,33.2815,38.8293,161.54,45.1096,78.9455,73.1833,74.5746,59.8181,67.5663,30.04,116.4264,85.5773,81.3286,39.036
2013-01-15,23.3763,33.1399,38.7692,162.56,45.1192,79.1376,73.5015,74.5129,59.5233,67.5743,30.36,116.5057,85.6338,81.7028,39.2214
2013-01-16,23.4017,33.1101,38.5821,162.65,45.0427,79.241,73.2837,74.5129,59.7645,67.5743,30.45,116.4898,85.6125,81.873,39.1751
2013-01-17,23.5032,33.2964,38.8961,163.35,45.2052,78.879,73.9621,74.3834,60.0504,67.5663,30.67,117.2423,85.4644,81.0564,39.2968
2013-01-18,23.6553,33.3709,38.856,163.09,45.2674,79.1006,74.1714,74.4574,59.9164,67.5663,30.81,117.5038,85.6055,81.6824,39.4649
2013-01-22,23.723,33.3187,38.8761,163.67,45.296,79.1671,74.7074,74.4574,60.0147,67.5824,31.12,118.1375,85.5914,81.8389,39.6677
2013-01-23,23.7483,33.1399,38.836,163.21,45.2435,79.2041,74.5315,74.55,60.381,67.5824,31.19,118.3277,85.6055,81.7165,39.6562
2013-01-24,23.7314,33.0206,39.0231,161.42,45.3438,79.0711,74.7744,74.445,59.5501,67.5824,30.65,118.3593,85.5561,81.4307,39.7373
2013-01-25,23.6807,32.9089,39.444,160.65,45.3295,78.5466,75.3187,74.1056,59.8539,67.5503,30.21,119.0248,85.1964,80.3147,39.9633
2013-01-28,23.6723,32.6778,39.2503,160.29,45.3056,78.3841,75.369,74.044,59.9879,67.5263,29.85,118.8822,85.0835,80.0221,40.0676
2013-01-29,23.8075,33.043,39.5175,160.99,45.2292,78.2659,75.4108,73.8774,59.9968,67.5344,30.32,119.3496,84.9282,79.5798,40.1836
2013-01-30,24.0781,32.8865,39.5576,162.19,44.9042,78.3102,74.5064,73.6305,59.8717,67.5583,30.92,118.8822,84.9565,79.4437,39.801
2013-01-31,24.0696,32.9536,39.4106,161.2,44.7655,78.3768,75.0172,73.6861,59.7377,67.5663,30.44,118.5891,85.2104,79.8316,39.5634
2013-02-01,24.1626,33.1697,39.7247,161.45,44.914,78.1104,75.6788,73.4948,60.4435,67.5592,30.78,119.8091,84.7942,78.795,39.7952
2013-02-04,24.0781,32.73,39.0097,162.0,44.7266,78.5616,74.766,73.7424,59.3893,67.5751,30.69,118.4623,85.3445,79.8043,39.7025
2013-02-05,24.1711,32.7673,39.1901,161.96,44.8275,78.2806,75.4359,73.5939,60.2648,67.5751,30.76,119.6585,85.0976,79.0951,39.6098
2013-02-06,24.1372,32.73,39.1834,162.39,44.7603,78.5172,75.7542,73.7858,60.0683,67.5911,30.81,119.7457,85.1964,79.7429,39.7489
2013-02-07,24.0442,32.4394,38.8627,161.84,44.6738,78.5542,75.5029,73.8105,60.1219,67.5911,30.46,119.5873,85.1187,79.5656,39.5808
2013-02-08,24.1372,32.6778,39.1099,161.57,44.6834,78.6134,76.0389,73.9715,60.7383,67.5992,30.43,120.2526,85.0905,79.8725,39.9459
2013-02-11,24.0527,32.6629,39.0699,159.7,44.6786,78.532,75.9552,73.9343,60.7561,67.5751,30.0,120.2289,85.027,79.8112,40.0039
2013-02-12,24.095,32.7524,39.2636,159.89,44.8323,78.4507,76.2901,73.86,60.506,67.5592,30.09,120.4269,85.02,79.6134,40.3053
2013-02-13,24.1034,32.9163,39.3572,159.05,44.8996,78.177,76.6084,73.6867,60.7204,67.5511,29.77,120.53,84.7801,78.9655,40.2821
2013-02-14,24.0696,32.9014,39.1434,158.35,44.8804,78.5099,76.801,73.8909,60.7025,67.5592,29.46,120.6408,84.9282,79.6815,40.114
2013-02-15,23.9682,32.7822,39.0431,155.76,44.8852,78.4359,76.8261,73.86,60.5239,67.5672,28.83,120.4983,84.6954,79.4496,40.1314
2013-02-19,23.8752,32.8492,39.5042,155.33,44.9284,78.3101,77.5044,73.8414,60.9616,67.5592,28.45,121.4013,84.6531,79.0542,40.4502
2013-02-20,23.6046,32.5586,39.1166,151.44,44.8852,78.4802,76.064,73.9653,60.0236,67.5592,27.59,119.8883,84.6743,79.2928,40.1894
2013-02-21,23.3341,32.1115,38.5286,152.62,44.9333,78.6356,75.3271,74.0829,59.3804,67.5832,27.73,119.1594,84.7801,79.7566,39.888
2013-02-22,23.3341,32.2531,39.0832,152.97,45.0438,78.7318,76.2315,74.1324,59.9789,67.5832,27.83,120.3239,84.9635,79.8112,40.2879
2013-02-25,23.2242,31.8208,38.1477,154.34,44.9044,79.3383,74.5483,74.5719,59.2375,67.5992,28.07,118.0346,85.3868,81.3797,39.5228
2013-02-26,23.1819,31.9997,38.4551,156.22,45.1254,79.1903,74.8414,74.479,59.4608,67.6152,28.41,118.8426,85.1822,80.9091,39.7952
2013-02-27,23.0382,32.3499,38.9429,154.57,45.2023,79.1533,75.6286,74.4543,60.0683,67.6152,28.01,120.3398,85.1822,80.6704,40.085
2013-02-28,22.9367,32.2009,38.9028,153.0,45.1831,79.2643,75.771,74.479,59.9432,67.6072,27.54,120.1021,85.3727,80.8205,40.0445
2013-03-01,22.7761,32.2754,38.8226,152.44,45.2729,79.462,76.1142,74.6491,60.1933,67.6216,27.62,120.4983,85.7325,81.2606,40.1778
2013-03-04,22.6915,31.9699,38.9897,152.3,45.2777,79.2769,76.3153,74.5932,60.4613,67.6136,27.6,121.1399,85.4644,80.83,40.4792
2013-03-05,22.9029,32.3574,39.3772,152.38,45.3695,79.1954,77.2029,74.469,61.3547,67.6055,27.75,122.2252,85.4432,80.5976,40.7979
2013-03-06,22.7761,32.5139,39.4775,153.23,45.3406,78.9437,77.4039,74.2517,61.2028,67.5976,28.1,122.3916,85.2527,79.8663,40.6762
2013-03-07,22.9283,32.6033,39.5911,152.69,45.4082,78.64,77.7724,74.0096,61.3636,67.5816,27.91,122.6134,84.9353,79.2513,40.485
2013-03-08,22.9959,32.8865,39.6779,152.71,45.4613,78.2402,78.4926,73.7488,61.4351,67.5895,28.01,123.1362,84.6601,78.4243,40.5545
2013-03-11,23.0128,32.7076,39.7982,152.99,45.4324,78.2772,78.4675,73.7985,61.6137,67.5816,28.02,123.6036,84.6178,78.4995,40.5893
2013-03-12,23.0635,32.335,39.5977,154.19,45.413,78.492,78.3084,73.9475,61.3904,67.5976,28.2,123.3263,84.773,79.0668,40.4386
2013-03-13,22.9452,32.0295,39.5376,153.66,45.4227,78.4253,78.6015,73.8792,61.31,67.5816,27.94,123.5006,84.7942,78.9847,40.4792
2013-03-14,23.1143,32.1636,39.9251,153.68,45.5966,78.4475,79.3886,73.9103,61.5155,67.5816,27.8,124.1581,84.9423,78.7456,40.7342
2013-03-15,23.165,31.873,40.0053,154.0,45.5918,78.7215,79.3468,74.0096,61.3445,67.6055,27.8,123.9942,85.0552,79.1146,40.8269
2013-03-18,23.0297,31.5153,39.5643,155.38,45.6014,78.9807,78.9113,74.1896,61.2102,67.6216,27.95,123.3099,85.2387,79.716,40.6009
2013-03-19,22.8606,31.2917,39.444,156.08,45.5241,79.2251,78.5763,74.3138,61.0938,67.6136,27.93,123.0235,85.3233,80.2559,40.4038
2013-03-20,23.0213,31.4706,39.6846,155.37,45.6739,78.9215,79.3049,74.0965,61.5235,67.6055,27.81,123.8828,85.0835,79.3607,40.5313
2013-03-21,22.9198,31.1501,39.3238,156.25,45.5918,79.1288,78.6099,74.171,60.8251,67.6136,28.18,122.8245,85.1258,80.1261,40.4096
2013-03-22,22.9621,31.2694,39.6645,155.55,45.5579,79.1584,78.8527,74.1772,61.4161,67.5976,27.75,123.8112,85.2739,80.1876,40.6222
2013-03-25,22.979,31.2396,39.1701,155.24,45.4903,79.2176,78.898,74.1772,61.1922,67.5976,27.84,123.294,85.281,80.1125,40.6281
2013-03-26,23.1904,31.6867,39.4173,154.72,45.5724,79.2991,79.15,74.2269,61.5235,67.6055,27.75,124.2806,85.3304,80.2081,40.9785
2013-03-27,23.3087,31.8059,39.2235,155.36,45.4952,79.6398,79.2004,74.4877,61.6042,67.6216,27.73,124.2806,85.5914,80.8915,41.0544
2013-03-28,23.0889,31.873,39.4106,154.45,45.5773,79.4917,79.3011,74.4442,61.7563,67.6296,27.42,124.6626,85.5561,80.4814,41.1946
2013-04-01,23.0889,31.5302,38.8828,154.67,45.6588,79.703,78.2346,74.3371,61.3355,67.636,27.09,124.1693,85.5914,81.0876,41.3173
2013-04-02,22.979,31.5451,39.297,152.43,45.6249,79.5473,77.7475,74.3309,61.819,67.636,26.35,124.7819,85.5491,80.7589,41.4457
2013-04-03,22.5901,31.1725,39.1033,150.73,45.6249,79.8811,76.5298,74.6297,61.255,67.628,26.09,123.5168,85.7679,81.4849,41.2997
2013-04-04,22.5647,31.0831,39.4507,150.29,45.6103,80.1999,77.1849,75.0284,61.2728,67.652,25.99,124.018,86.1703,82.4574,41.9714
2013-04-05,22.5478,31.0085,39.2703,152.81,45.654,80.452,77.0337,75.2588,60.7624,67.652,26.39,123.4611,86.5304,84.1218,42.1992
2013-04-08,22.6155,31.0607,39.424,152.16,45.7025,80.1925,77.6719,75.3273,61.0848,67.636,26.32,124.2966,86.1491,83.478,42.538
2013-04-09,22.7592,31.3662,39.5643,153.34,45.8482,80.2221,77.4452,75.4021,61.4967,67.636,27.03,124.7263,86.0715,83.2725,42.5438
2013-04-10,22.7085,31.6643,40.1523,150.75,45.9939,79.8884,78.8476,75.2028,62.6965,67.636,26.68,126.254,85.5914,82.1287,42.8067
2013-04-11,22.6155,31.6941,40.4664,151.05,45.9939,79.9774,78.9568,75.2526,62.6696,67.636,26.7,126.6677,85.8315,82.2862,43.0578
2013-04-12,22.3365,31.2098,40.3662,143.95,46.0084,80.4223,78.6377,75.6263,62.6249,67.644,25.28,126.3574,86.1845,83.5122,43.1629
2013-04-15,21.6686,30.4496,39.571,131.31,45.7171,80.6003,75.6733,75.6512,61.3892,67.652,22.09,123.4292,86.1703,84.2383,42.2693
2013-04-16,21.8968,31.0756,40.1323,132.8,46.0328,80.3704,76.9833,75.5142,62.2041,67.652,22.67,125.2515,86.0221,83.5465,42.9702
2013-04-17,21.5756,30.5838,39.297,132.87,45.9599,80.5187,75.648,75.62,60.9863,67.652,22.44,123.4213,86.008,84.1013,42.5146
2013-04-18,21.8038,30.5838,39.1768,134.3,45.8871,80.5632,75.2282,75.6886,60.1446,67.652,22.4,122.6495,85.4079,84.3067,42.4504
2013-04-19,21.7531,31.0309,39.4908,135.47,45.8628,80.5187,76.0932,75.8007,60.9684,67.652,22.4,123.7158,85.7397,84.1287,43.1045
2013-04-22,21.8207,31.1799,39.6579,137.9,45.9696,80.5632,76.3115,75.8256,61.5952,67.6601,22.62,124.2647,85.9656,84.1903,43.0461
2013-04-23,21.6855,31.329,40.2192,136.88,46.1493,80.5113,77.5208,75.9252,62.1861,67.652,22.18,125.5458,86.008,83.8958,43.2856
2013-04-24,21.9222,31.5153,40.5666,138.37,46.2318,80.5484,77.9239,75.9563,62.1593,67.6601,22.42,125.6254,86.135,84.1081,43.379
2013-04-25,22.2096,31.7985,40.7804,141.63,46.3581,80.4594,78.4361,75.9127,62.4906,67.652,23.49,126.1346,86.1986,83.7451,43.233
2013-04-26,22.0828,31.478,40.8139,140.91,46.3095,80.7486,78.0163,76.1868,62.2936,67.668,23.1,125.9118,86.5163,84.5122,43.0928
2013-04-29,22.3787,31.8059,41.3351,142.3,46.3969,80.719,78.5789,76.193,62.8666,67.6841,23.54,126.7553,86.2833,84.204,43.4608
2013-04-30,22.2096,32.2605,41.3885,142.77,46.5426,80.7041,79.024,76.0622,63.3233,67.676,23.46,127.0576,86.2339,84.252,43.969
2013-05-01,21.8123,31.9102,41.1413,141.11,46.4538,80.9677,77.1093,76.4008,63.0278,67.6896,22.86,125.9436,86.2134,85.1174,43.6185
2013-05-02,22.0913,32.1636,41.2682,141.92,46.7514,80.9677,78.3354,76.4008,63.8247,67.6817,23.02,127.1134,86.1213,85.0077,43.9047
2013-05-03,22.3365,32.4319,41.7961,142.09,46.8246,80.2772,79.5783,75.6825,64.5769,67.6576,23.29,128.4024,85.5338,83.0034,44.0799
2013-05-06,22.3618,32.4766,41.7427,142.15,46.8539,80.1733,80.0905,75.6699,64.8276,67.6576,23.18,128.7286,85.4065,82.7975,44.3077
2013-05-07,22.2857,32.7076,41.8095,140.38,46.8198,80.0619,80.7456,75.6138,64.7918,67.6576,23.1,129.3811,85.3994,82.4749,44.553
2013-05-08,22.3872,32.961,42.2505,142.46,46.9856,80.1584,80.9807,75.6825,65.1052,67.6656,23.12,129.9699,85.2154,82.6053,44.5764
2013-05-09,22.3787,32.7226,41.8429,140.81,46.8491,80.1436,80.7036,75.52,65.0156,67.6576,22.89,129.6039,85.18,82.3926,44.2844
2013-05-10,22.2773,32.4692,41.8897,139.6,46.6051,79.6906,81.3166,75.1265,65.4096,67.6496,22.98,130.0256,84.9393,81.5071,44.4479
2013-05-13,22.1758,32.1711,41.8696,138.43,46.4147,79.5496,81.2578,74.9329,65.4902,67.6336,22.83,130.1291,84.6846,80.8825,44.6582
2013-05-14,22.0997,32.3201,41.9498,137.81,46.4636,79.2303,82.2991,74.733,65.8305,67.6336,22.57,131.4738,84.3236,80.0039,44.8217
2013-05-15,22.049,32.3276,42.1302,134.63,46.4684,79.4382,82.4671,74.9953,65.9648,67.6416,21.76,132.1819,84.3519,80.5394,45.2656
2013-05-16,22.0236,32.2158,41.8429,134.09,46.5807,79.8169,82.2572,75.3389,65.8932,67.6576,21.95,131.5613,84.5925,81.3767,45.032
2013-05-17,22.1336,32.3574,42.1302,131.07,46.5807,79.3862,83.181,75.0141,66.5289,67.6416,21.4,132.8344,84.1679,80.3471,45.2831
2013-05-20,22.2773,32.4394,42.3641,135.12,46.6295,79.3269,83.3153,74.9266,66.4304,67.6496,22.28,132.8265,84.1467,80.2511,45.3882
2013-05-21,22.1505,32.3723,42.451,132.88,46.7173,79.5348,83.3321,75.2077,66.502,67.6496,21.62,133.0174,84.3236,80.8825,45.6452
2013-05-22,22.049,32.0146,42.0233,131.94,46.4294,78.9036,82.1144,74.6143,65.92,67.6256,21.51,132.0308,83.5663,79.6814,44.5355
2013-05-23,22.1505,31.7761,41.4219,134.61,46.3025,78.9853,82.2152,74.6893,65.7678,67.6416,21.88,131.6489,83.5875,80.0589,43.7003
2013-05-24,22.0659,31.5004,41.0611,133.76,46.2147,79.015,82.1984,74.6393,65.732,67.6256,21.61,131.5374,83.6583,80.1687,43.5893
2013-05-28,22.2688,31.6718,41.168,133.49,46.0439,78.0869,83.2649,73.9209,66.1618,67.5775,21.53,132.3252,82.901,78.137,43.2155
2013-05-29,22.1251,31.2694,40.7738,134.83,45.8585,78.4061,82.4923,73.8897,65.8484,67.5775,21.71,131.4658,82.8444,79.0156,42.2985
2013-05-30,22.1251,31.2694,40.9341,136.7,45.9512,78.4136,83.0466,73.9834,66.1976,67.5935,21.98,131.9512,82.54,78.8234,41.9013
2013-05-31,21.863,30.703,40.139,133.92,45.3412,78.1982,82.1312,73.6148,65.5887,67.5855,21.44,130.0574,82.6179,78.5557,41.3406
2013-06-03,22.1336,31.1576,40.2927,136.51,45.3015,78.3112,82.9122,73.4213,65.7051,67.6071,21.98,130.7736,82.542,78.972,41.5743
2013-06-04,22.2181,30.7775,40.4397,135.23,45.3015,78.1105,82.0304,73.133,65.3648,67.6071,21.77,130.145,82.3858,78.2426,40.996
2013-06-05,22.1166,30.2261,39.5376,135.52,44.9091,78.4897,80.9807,73.0265,64.5142,67.6152,21.78,128.3228,82.4852,79.3229,40.6573
2013-06-06,22.2012,30.4794,39.7581,136.53,45.2623,78.5864,81.8373,73.3398,64.8276,67.6071,21.93,129.4846,82.393,79.2747,41.3114
2013-06-07,22.2519,30.3229,40.2927,133.28,45.2917,77.9767,82.4671,73.0516,65.7141,67.5992,20.86,131.1316,81.9105,77.8573,41.3173
2013-06-10,22.1674,29.9131,40.3328,133.94,45.1985,77.7834,82.971,72.826,65.7409,67.5751,21.16,131.1316,81.3428,77.4858,40.961
2013-06-11,21.9729,29.3467,39.8383,133.25,44.9189,77.9767,82.0724,72.6882,65.0873,67.5671,20.91,129.779,81.3002,78.4078,40.3535
2013-06-12,21.9983,29.1455,39.7915,134.25,44.9533,77.6273,81.2578,72.4375,64.3352,67.5591,21.02,128.7047,80.6758,77.2863,39.8045
2013-06-13,22.142,29.764,40.3996,133.74,45.4683,78.2146,82.6939,73.2145,65.1499,67.5911,21.04,130.6622,81.2931,78.4972,40.8383
2013-06-14,22.235,29.2945,39.9586,134.43,45.5222,78.3187,82.0556,73.1643,64.7201,67.6392,21.33,129.8426,81.2222,78.3114,40.9902
2013-06-17,22.2857,29.5628,40.5332,133.77,45.5173,78.1328,82.5931,73.0579,65.3469,67.6392,21.1,130.8451,80.9597,77.8986,41.107
2013-06-18,22.328,29.6895,40.8205,132.13,45.6301,78.0882,83.5673,72.9137,65.8842,67.6392,20.88,131.8796,81.1796,77.94,41.3173
2013-06-19,22.3618,28.7729,40.0588,130.59,44.9484,77.0176,82.5427,71.8799,65.1499,67.5591,20.6,130.0574,80.1011,77.135,40.0498
2013-06-20,21.6347,27.4837,38.5887,123.6,44.5069,76.6681,80.3593,70.8899,63.6009,67.5511,18.97,126.8348,79.2922,75.869,38.3852
2013-06-21,21.4995,27.8786,38.7157,125.05,44.2175,75.8577,80.5944,70.3072,63.2632,67.495,19.39,127.242,78.3627,74.5824,38.905
2013-06-24,21.4065,27.3123,38.1076,123.93,43.6731,75.6719,79.5363,69.8498,62.6344,67.463,18.97,125.6342,78.0647,74.892,38.7287
2013-06-25,21.4234,27.8935,38.5954,123.47,44.296,75.5827,80.3004,70.0816,63.0925,67.4549,18.91,126.842,78.1995,74.2245,39.3774
2013-06-26,21.3642,28.3332,38.7491,118.28,44.6639,75.8875,80.6784,70.6142,63.6584,67.487,17.89,128.0979,78.5542,74.7062,39.9729
2013-06-27,21.3558,28.9017,39.1391,115.94,44.8797,76.2964,81.9296,71.2533,63.9278,67.527,17.89,128.8498,79.2071,75.4699,40.7748
2013-06-28,21.2458,29.0678,39.0641,119.11,44.5756,76.2072,81.4594,71.2095,64.0177,67.519,18.97,128.3219,79.4767,75.9859,40.5213
2013-07-01,21.3811,29.1584,39.4322,121.13,44.8172,76.2362,82.7862,71.3936,64.4129,67.5487,18.93,129.0738,79.5897,76.139,40.4328
2013-07-02,21.4657,28.6375,39.2345,120.05,44.6791,76.2661,82.7272,71.6199,64.4398,67.5567,18.68,128.9538,79.8454,76.0907,41.052
2013-07-03,21.6601,28.3732,39.2481,120.74,44.7827,76.1172,82.8959,71.4125,64.7003,67.5487,19.02,129.0098,79.6962,75.8631,40.7807
2013-07-05,21.6094,28.192,39.4322,118.09,44.3044,74.8366,84.0683,70.5073,65.1944,67.4766,18.21,130.4017,78.6092,73.2772,40.5862
2013-07-08,21.7193,28.2298,39.6777,119.51,44.9158,75.2759,84.4057,71.0856,65.2572,67.5246,18.42,131.1455,79.1065,73.9874,40.6274
2013-07-09,21.8546,28.5997,39.8958,120.62,44.9405,75.4024,85.1901,71.1485,65.6525,67.5166,18.57,132.0895,79.0711,74.0633,41.2053
2013-07-10,21.9222,28.3279,40.0117,120.95,45.118,75.1344,85.4263,70.9411,66.0297,67.5166,18.48,132.1375,78.801,73.484,41.223
2013-07-11,22.0321,29.7171,41.048,124.24,45.6851,75.8864,86.43,71.7771,67.3412,67.5727,19.49,133.9373,79.3481,74.3461,42.2195
2013-07-12,22.1166,29.4,40.7753,124.13,45.6407,75.8268,86.6072,71.5759,67.6376,67.5327,19.21,133.9932,79.3766,74.2839,41.9601
2013-07-15,22.0575,29.702,41.0275,124.18,45.833,76.065,87.3663,72.0348,67.7903,67.5647,19.28,134.5052,79.7602,74.677,42.137
2013-07-16,22.0828,29.8228,41.0002,124.89,45.7196,76.1022,86.9277,71.9279,67.7005,67.5727,19.33,134.0013,80.0799,74.9322,42.1664
2013-07-17,22.0659,30.0946,41.123,123.32,46.0549,76.4372,87.265,72.1982,67.8711,67.5968,18.66,134.3452,80.3002,75.0701,42.3198
2013-07-18,22.1589,29.7398,41.3957,124.01,46.331,76.0799,87.847,72.0096,67.7005,67.5888,18.72,135.0811,80.0089,74.1323,42.6795
2013-07-19,22.1758,29.6567,41.3616,125.11,46.3014,76.4968,87.982,72.4056,66.9998,67.6208,18.88,135.3211,80.5844,75.3046,42.65
2013-07-22,22.1589,29.9512,41.5934,128.84,46.3359,76.4894,88.1676,72.5691,67.1974,67.6208,19.77,135.5851,80.556,75.4149,42.7797
2013-07-23,22.1927,30.2758,41.682,129.71,46.2225,76.4,88.1085,72.4559,66.7034,67.6128,19.77,135.2971,80.3712,75.0977,42.7325
2013-07-24,22.0152,29.9663,41.6274,127.48,45.833,75.8864,87.3747,72.1039,66.919,67.5807,19.47,134.8011,79.7175,74.1461,41.9011
2013-07-25,21.9898,30.1399,41.7093,128.67,45.7294,75.998,88.176,72.0159,67.3412,67.6208,19.5,135.1292,79.7602,74.1185,41.966
2013-07-26,21.8546,30.072,41.4502,128.78,45.7491,76.065,87.8218,72.0913,67.7005,67.6288,19.32,135.2731,79.7815,74.5736,42.0013
2013-07-29,21.8461,29.6945,41.0548,128.47,45.6505,75.9087,87.206,71.9719,67.5747,67.6208,19.14,134.8572,79.7247,74.0288,41.6888
2013-07-30,21.77,29.6265,41.048,128.12,45.7146,75.8864,87.2819,71.9908,67.934,67.6288,19.03,134.8572,79.6891,74.0012,41.565
2013-07-31,21.9222,29.4529,41.1434,127.96,45.8478,75.9384,87.4338,71.9971,68.0597,67.6288,19.14,134.9532,80.1936,74.2702,40.8869
2013-08-01,21.9729,29.989,41.7024,126.61,45.4132,75.2682,88.623,71.4233,68.7514,67.6032,18.97,136.513,79.6319,72.8391,40.7277
2013-08-02,21.8884,29.9814,42.0433,126.36,45.6907,75.9094,88.699,71.7764,69.1377,67.6513,19.12,136.745,80.0372,73.6411,40.5272
2013-08-05,21.7785,29.7926,41.9547,125.7,45.4578,75.6708,89.0026,71.5053,69.1826,67.6432,19.01,136.545,80.0443,73.0742,40.4977
2013-08-06,21.6009,29.4151,41.8933,123.97,45.4132,75.6932,88.1085,71.5494,68.7694,67.6353,18.83,135.7691,80.2362,73.2885,40.3562
2013-08-07,21.4572,29.098,41.7093,124.15,45.2695,75.9691,87.4843,71.707,68.6436,67.6513,18.83,135.3291,80.4282,73.8347,40.2501
2013-08-08,21.5671,29.6567,42.0842,126.86,45.3686,76.0808,87.847,71.8583,68.985,67.6513,19.6,135.8251,80.5135,74.0351,40.2678
2013-08-09,21.7193,29.7171,42.1592,126.86,45.3736,76.133,87.7543,71.8583,68.7065,67.6353,19.76,135.4331,80.5917,74.1527,40.6215
2013-08-12,21.9814,29.9965,42.0433,129.13,45.3339,75.9839,88.2181,71.8205,68.8682,67.6353,20.62,135.2731,80.3784,73.648,40.3326
2013-08-13,21.9729,30.1777,42.316,127.74,45.3339,75.2981,88.1001,71.3098,69.2544,67.6032,20.71,135.6731,79.6746,72.5833,39.7783
2013-08-14,22.1505,30.2758,42.3365,129.0,45.2447,75.3651,87.7543,71.19,68.9939,67.6032,21.09,134.9771,79.504,72.6939,39.625
2013-08-15,22.3618,29.9285,41.982,131.69,45.0118,74.9476,86.1264,70.6856,67.8262,67.5792,22.15,133.0893,78.9352,71.7122,38.8997
2013-08-16,22.3703,29.6718,42.0569,132.58,44.8582,74.6569,85.7637,70.3326,67.7993,67.5871,22.34,132.6494,78.5655,71.4634,37.9445
2013-08-19,22.3449,29.1131,41.757,132.01,44.5609,74.3363,84.8949,69.948,67.6825,67.5711,22.34,131.8015,78.0963,70.8412,37.4433
2013-08-20,22.3026,29.0603,41.7024,132.45,44.9722,74.7388,86.1179,70.3767,67.9789,67.5871,22.19,132.4494,78.5798,71.3873,38.2924
2013-08-21,22.2773,28.3808,41.2116,132.07,44.8087,74.2692,85.595,69.9542,67.7454,67.547,22.14,131.6335,78.0253,70.6061,38.2039
2013-08-22,22.2857,28.8413,41.6138,132.81,45.0515,74.2394,86.8011,70.2758,68.4101,67.523,22.27,132.8335,78.0608,71.3251,38.4339
2013-08-23,22.4633,29.1811,41.9751,134.9,45.2398,74.6569,87.0204,70.7487,68.8682,67.523,23.15,133.2813,78.6082,72.0994,38.8349
2013-08-26,22.5901,28.864,41.6683,135.45,45.2447,74.8059,87.0289,70.8937,68.9041,67.547,23.46,132.7854,78.8855,72.4589,38.7228
2013-08-27,22.8099,28.1996,40.9593,136.75,44.9524,75.2309,84.9877,71.1963,67.4939,67.5792,23.59,130.6497,79.3689,73.3714,38.5341
2013-08-28,22.8437,28.26,40.9116,136.71,45.1209,74.9253,85.1564,71.209,67.7543,67.539,23.43,131.1136,79.0774,72.7769,38.2983
2013-08-29,22.607,28.4865,40.8434,135.87,45.3042,74.9998,86.0083,71.2783,68.2304,67.5551,23.0,131.3216,78.9708,73.3576,38.3572
2013-08-30,22.5394,28.7054,40.3389,134.62,45.2645,74.8582,84.6672,71.2783,67.7903,67.5631,22.6,130.9056,78.729,73.2746,38.033
2013-09-03,22.6577,28.8866,41.1161,136.42,45.0255,74.4334,85.2407,70.9975,68.1765,67.5375,23.39,131.4975,78.3185,72.2412,37.7027
2013-09-04,22.4633,29.4,41.4843,134.66,45.1948,74.187,85.9914,70.7381,68.9041,67.4733,22.69,132.5854,77.92,72.0818,38.027
2013-09-05,22.4126,29.7473,41.4502,132.2,44.9657,73.6195,86.1264,70.1562,69.0209,67.4092,22.38,132.7534,77.3578,71.0767,37.6261
2013-09-06,22.5394,30.1852,41.6752,134.15,45.1151,74.0675,86.3625,70.2574,69.1017,67.4733,22.97,132.8174,77.678,71.4302,38.2098
2013-09-09,22.3956,30.978,42.2478,133.91,45.2297,74.2168,87.6699,70.4408,69.9101,67.4893,22.84,134.0893,77.8203,71.4648,39.0059
2013-09-10,22.1927,31.2121,42.7251,131.74,45.3891,73.8733,88.5302,70.1309,70.2514,67.4654,22.13,135.0811,77.6923,70.9658,38.9764
2013-09-11,22.2266,31.2347,42.875,131.7,45.4488,74.2467,88.5724,70.4598,70.1167,67.4973,22.29,135.5051,78.1335,71.5965,39.2889
2013-09-12,22.3365,30.8723,42.6296,127.67,45.3941,74.2542,87.9229,70.4091,70.0718,67.4973,21.06,135.1452,78.169,71.4995,39.0354
2013-09-13,22.2688,31.0762,42.8341,127.82,45.3592,74.3512,88.4037,70.4534,70.1167,67.4973,21.42,135.4491,78.1619,71.7768,39.1474
2013-09-16,21.9898,31.4235,43.1682,126.45,45.6082,74.5155,88.5977,70.5357,69.9281,67.5455,20.94,136.233,78.3754,71.2985,39.5366
2013-09-17,21.7616,31.3555,43.1955,126.5,45.7577,74.6648,89.475,70.7254,70.3952,67.5695,20.96,136.8409,78.6814,71.8876,39.513
2013-09-18,22.235,32.6692,44.3476,132.01,46.196,75.5907,90.3268,71.7629,71.2396,67.6577,22.31,138.4248,79.7274,72.7749,40.8515
2013-09-19,22.1505,32.4956,44.1363,131.75,46.0616,75.3293,90.234,71.3074,71.4102,67.6336,22.2,138.1928,79.4712,72.3451,40.8161
2013-09-20,21.9476,31.7708,43.8159,127.96,46.0068,75.4039,89.9051,71.3707,71.1651,67.6417,21.0,137.2266,79.6918,72.7264,40.1498
2013-09-23,21.7869,31.884,43.8022,127.55,46.0018,75.6877,89.9135,71.7945,71.021,67.6577,20.78,136.5916,79.9694,73.2601,39.8749
2013-09-24,21.7785,31.6122,43.734,127.66,45.9021,75.964,90.2121,71.9779,71.021,67.6657,20.89,136.2701,79.9836,74.0503,39.5714
2013-09-25,21.8123,31.3706,43.7818,128.79,45.8224,76.173,90.0429,72.1993,70.7777,67.6897,20.98,135.8762,80.0547,74.2028,39.7023
2013-09-26,21.9814,31.499,43.9658,127.79,45.7976,76.0088,90.5419,72.0222,71.3273,67.6577,20.92,136.3987,79.9409,73.6829,39.9463
2013-09-27,21.8715,31.129,43.809,128.97,45.7477,76.1133,90.136,71.9652,71.2372,67.6978,20.96,135.7718,79.9622,73.8632,39.7797
2013-09-30,21.7785,30.7741,43.4954,128.18,45.6182,76.2402,90.1613,71.8071,71.0661,67.7138,20.9,135.0483,80.1117,73.7523,39.3572
2013-10-01,21.6347,31.3857,43.7272,124.59,45.816,76.0705,91.21,71.7347,71.7868,67.6962,20.41,136.1174,80.0099,73.5285,39.9285
2013-10-02,21.8461,31.5065,43.7136,127.06,45.836,76.1976,90.8379,71.9505,71.7598,67.7042,20.92,135.9887,80.1381,73.6396,39.988
2013-10-03,21.8123,31.3857,43.4273,127.18,45.866,76.3023,89.9076,71.9886,70.9219,67.7042,20.92,134.7348,80.195,73.5215,39.2917
2013-10-04,21.8799,31.7934,43.5295,126.53,45.9461,76.0929,90.5081,71.9188,71.5345,67.6801,20.93,135.7557,80.0242,73.4659,39.2144
2013-10-07,22.0321,31.5216,43.0796,127.64,45.826,76.1602,89.4509,72.0457,70.9399,67.6801,21.53,134.5821,80.1096,73.7648,39.3929
2013-10-08,22.1082,31.2196,42.7455,127.4,45.8059,76.1228,88.0048,72.033,69.5705,67.624,21.49,133.0146,79.896,73.7856,38.9645
2013-10-09,21.9476,31.4537,42.9296,126.11,45.846,75.9882,87.6496,71.8807,69.3542,67.648,21.05,133.1111,79.9031,73.1949,38.9704
2013-10-10,22.2266,32.1936,43.6999,124.27,46.0562,75.8237,89.7638,71.9823,70.8228,67.648,20.83,135.9807,79.839,73.3131,39.9641
2013-10-11,22.1082,32.337,43.9318,122.6,46.1413,75.9359,91.0663,72.0774,71.3813,67.648,20.52,136.8569,79.8248,73.2922,40.3628
2013-10-14,22.0997,32.5258,44.0817,122.83,46.2114,75.6816,91.5229,71.8554,71.8859,67.624,20.5,137.4035,79.476,72.7015,40.3867
2013-10-15,22.0236,32.2087,43.8704,123.73,46.1964,75.6967,90.6265,71.8681,71.6066,67.648,20.56,136.4067,79.6326,72.6528,40.2379
2013-10-16,22.1927,32.4654,44.1976,123.54,46.4416,76.063,91.7513,72.4011,72.4174,67.6721,20.5,138.3118,79.7963,73.5632,40.9936
2013-10-17,22.0744,32.6692,44.7839,127.42,46.6669,76.4967,92.5547,72.9342,72.8319,67.6962,21.05,139.2361,80.1096,74.2304,41.6125
2013-10-18,22.2012,32.6994,45.0498,126.85,46.762,76.5042,93.6118,73.0294,74.0121,67.6962,21.11,140.1767,80.2235,74.3902,41.5708
2013-10-21,22.1505,32.6466,45.118,126.98,46.6569,76.4519,93.4258,72.839,74.1743,67.6962,21.41,140.1846,80.1594,74.154,41.3209
2013-10-22,22.1251,32.9637,45.5679,129.34,46.797,76.9828,93.671,73.2832,74.2824,67.7523,21.87,140.9965,80.5652,74.981,41.7017
2013-10-23,21.7869,32.1936,45.1248,128.69,46.8371,77.1173,93.3581,73.2642,73.8319,67.7282,21.75,140.3213,80.5296,75.2729,41.7791
2013-10-24,21.7954,32.1256,45.4384,129.9,46.8521,76.9603,93.8571,73.188,74.1562,67.7202,21.87,140.7875,80.5581,74.981,41.7672
2013-10-25,21.863,32.2766,45.3089,130.46,46.8671,77.0949,93.9417,73.1817,74.6878,67.7363,21.71,141.4306,80.736,75.259,42.2789
2013-10-28,21.9476,32.4654,45.2339,130.56,46.8571,77.0201,93.8994,73.2514,74.7058,67.7523,21.68,141.6556,80.7005,75.0018,41.9755
2013-10-29,21.8884,32.5711,45.3293,129.77,46.9322,77.1248,94.17,73.353,74.8319,67.7523,21.69,142.4112,80.6506,75.0991,41.7315
2013-10-30,21.956,32.3899,45.1657,129.6,46.7419,76.9229,92.8845,73.207,74.7599,67.7523,21.88,141.7039,80.5438,74.6474,41.3804
2013-10-31,21.77,32.0577,44.9135,127.74,46.767,76.8332,92.3432,73.1055,74.5887,67.7603,21.1,141.3019,80.3872,74.8073,41.1364
2013-11-01,21.4995,32.0728,44.6953,126.95,46.6865,76.4071,91.9458,72.9081,74.6067,67.7354,21.08,141.6396,79.8442,73.9975,41.3506
2013-11-04,21.4065,32.2691,44.9135,126.81,46.767,76.5568,93.0029,72.9272,74.7148,67.7515,20.85,142.1379,79.8869,74.0672,41.428
2013-11-05,21.3473,31.6198,44.5249,126.56,46.6412,76.2123,92.6816,72.6152,74.7959,67.7515,20.9,141.6877,79.5734,73.1822,40.7496
2013-11-06,21.3642,31.7179,44.9135,127.2,46.7771,76.4445,92.2841,72.698,74.7779,67.7675,21.0,142.4112,80.0294,73.217,40.6901
2013-11-07,21.212,31.1441,44.2044,126.16,46.8072,76.6468,90.728,72.8445,73.3725,67.7836,20.83,140.6107,80.1364,73.8372,40.1843
2013-11-08,21.3304,31.0762,44.4635,124.28,46.7268,75.7854,92.3771,72.1314,74.3635,67.7354,20.69,142.5076,79.4522,72.0603,39.6428
2013-11-11,21.4234,30.9176,44.559,123.87,46.5507,75.748,92.5039,72.0104,74.2464,67.7515,20.6,142.5317,79.3026,71.7885,39.6845
2013-11-12,21.2797,30.7515,44.409,122.45,46.4853,75.6806,92.5801,72.0613,74.3635,67.7354,20.0,142.2424,79.3453,72.123,39.5059
2013-11-13,21.3727,30.8043,44.5521,122.85,46.6614,75.9951,93.468,72.2268,75.2644,67.7354,19.78,143.3838,79.4807,72.3878,39.7618
2013-11-14,21.4657,31.3027,44.7567,124.27,46.7972,76.3621,93.3751,72.6216,75.4987,67.7755,20.05,144.0992,79.9155,72.8337,40.0415
2013-11-15,21.4318,31.8991,45.118,124.32,46.8676,76.3022,93.7302,72.6216,75.6428,67.7755,20.0,144.7261,79.9511,72.9801,40.1903
2013-11-18,21.2881,32.186,45.118,122.9,46.7318,76.5718,93.0706,72.9463,74.904,67.8076,19.67,144.2198,80.1649,73.4191,39.9403
2013-11-19,21.2543,31.9897,45.0021,122.95,46.7117,76.2872,92.4955,72.6916,74.6878,67.7836,19.61,143.9063,79.8513,72.8616,39.6607
2013-11-20,21.2712,31.5518,44.6885,120.12,46.6664,75.8679,92.4617,72.3797,74.5076,67.7916,19.14,143.4561,79.3596,71.6213,39.1787
2013-11-21,21.5417,31.5216,44.968,119.94,46.8273,75.9352,94.1277,72.5197,75.2644,67.8236,19.24,144.6137,79.495,71.7397,39.4822
2013-11-22,21.6094,31.7481,45.0975,119.92,46.8626,76.1524,94.5928,72.7744,75.6698,67.8076,19.13,145.3371,79.7159,72.4087,39.3274
2013-11-25,21.584,31.3404,44.9612,120.46,46.933,76.2123,94.7112,72.9017,75.85,67.8076,19.27,145.1924,79.7658,72.6178,39.143
2013-11-26,21.5756,31.4461,44.9612,119.82,46.9682,76.3771,95.4132,73.0482,76.2464,67.8156,19.13,145.2326,79.7587,72.8895,39.0061
2013-11-27,21.5756,31.65,45.0703,119.46,46.938,76.2048,95.946,73.061,76.778,67.8156,18.96,145.5863,79.6019,72.7641,39.3393
2013-11-29,21.5671,31.9746,45.1589,120.7,46.9883,76.1599,95.9967,73.0037,77.2375,67.8236,19.24,145.4898,79.5378,72.785,38.9764
2013-12-02,21.5417,31.3027,44.8248,117.58,47.0035,75.8328,95.0326,72.6574,77.0122,67.7828,18.46,145.112,79.1883,72.2189,38.7502
2013-12-03,21.6686,31.197,44.5112,117.96,46.958,75.9678,94.576,72.8427,76.9492,67.7988,18.42,144.4851,79.2311,72.4845,38.6729
2013-12-04,21.7108,31.1592,44.2726,119.96,46.8367,75.6228,94.3223,72.6063,77.0212,67.7828,19.0,144.4689,78.7889,71.7925,38.8157
2013-12-05,21.6855,30.978,44.0204,118.3,46.8013,75.4352,94.3899,72.4467,76.9221,67.7907,18.69,143.8339,78.6961,71.5898,38.9526
2013-12-06,21.7616,31.6651,44.5658,118.55,46.9327,75.5028,95.1257,72.6,77.4807,67.7667,18.76,145.4416,78.689,71.9323,39.2322
2013-12-09,21.6855,31.7104,44.5181,119.72,47.1046,75.5928,95.1003,72.7085,77.7961,67.7667,19.12,145.8113,78.7532,72.1,39.4226
2013-12-10,21.7531,31.7255,44.4431,121.82,47.1046,75.9078,94.2377,73.0023,77.742,67.7907,19.66,145.2888,78.96,72.6173,39.3215
2013-12-11,21.7531,31.0233,44.0272,120.86,46.963,75.6153,92.69,72.7979,76.742,67.7667,19.55,143.6571,78.8317,72.0581,38.417
2013-12-12,21.5502,30.8421,43.7068,118.29,46.8771,75.3978,92.893,72.6766,76.5437,67.7426,18.81,143.1828,78.6106,71.7855,38.2028
2013-12-13,21.4657,30.9176,43.6795,119.38,46.9529,75.5103,93.1974,72.8746,76.4446,67.7587,18.95,143.1668,78.8388,72.135,38.298
2013-12-16,21.5333,31.1215,43.9931,119.69,46.9934,75.4727,94.3053,72.9321,76.8681,67.7587,19.22,144.059,78.8958,71.8694,38.4289
2013-12-17,21.4318,30.8496,43.8022,118.65,46.9984,75.7128,94.17,73.1492,76.7149,67.7747,19.14,143.6008,79.1312,72.1909,38.6074
2013-12-18,21.4741,31.4637,44.4912,117.61,47.0793,75.4277,95.464,73.1492,77.6068,67.7747,19.09,146.0524,78.7817,71.8275,39.2917
2013-12-19,21.5248,30.8847,44.4912,114.82,47.0287,75.1127,94.7535,73.0407,77.3906,67.7346,18.49,145.8837,78.4893,71.7576,38.7502
2013-12-20,21.6939,30.839,44.7457,115.94,47.0591,75.3452,96.3519,73.3792,78.1788,67.7106,18.62,146.7323,78.7532,72.8619,38.9883
2013-12-23,21.6939,31.0675,45.2064,115.57,47.0945,75.1052,97.4446,73.2642,79.0012,67.7026,18.72,147.5161,78.6177,72.4495,39.0656
2013-12-24,21.7616,31.2504,45.2958,116.1,47.0692,74.8126,97.8181,73.2451,79.0374,67.6785,18.76,147.8395,78.3538,71.8694,39.1007
2013-12-26,21.7954,30.9837,45.5434,116.74,47.1133,74.748,97.8266,73.1925,79.2995,67.6712,19.02,148.5911,78.3182,71.5925,39.1309
2013-12-27,21.8546,31.4637,45.7772,117.12,47.1083,74.7029,97.7672,73.1284,79.1006,67.7033,19.27,148.583,78.2753,71.3891,39.2155
2013-12-30,21.7277,31.6008,45.9697,115.39,47.1489,74.9058,97.7078,73.3462,78.9831,67.7194,18.85,148.5587,78.4965,71.8799,39.2276
2013-12-31,21.6939,31.8446,46.1416,116.12,47.1794,74.5677,97.937,73.1605,79.4983,67.7033,18.71,149.2619,78.3824,71.4242,39.0161
2014-01-02,21.3811,30.6181,45.3233,118.0,47.2607,74.8607,96.8758,73.3014,78.8747,67.7354,19.23,147.8314,78.6391,71.6415,39.0221
2014-01-03,21.2458,30.5647,45.3714,119.29,47.2454,74.8156,97.3682,73.4104,78.3053,67.7114,19.42,147.8071,78.6034,71.6415,39.2397
2014-01-06,21.2712,30.2752,45.3164,119.5,47.347,75.026,96.5786,73.5705,78.0161,67.7194,19.42,147.3788,78.8673,71.943,39.4391
2014-01-07,21.2543,30.4047,45.5709,118.82,47.347,75.1462,97.3851,73.5129,78.7391,67.7194,19.13,148.2839,78.8816,72.1253,39.6143
2014-01-08,21.0514,30.3057,45.5571,118.12,47.3165,74.7781,97.5125,73.1989,78.9108,67.6552,18.83,148.3163,78.8317,71.9291,39.421
2014-01-09,20.8823,30.1457,45.5227,118.46,47.3877,74.9734,97.5379,73.3655,78.6487,67.6712,18.84,148.4133,79.1312,72.3497,39.421
2014-01-10,21.0176,30.679,45.9422,120.26,47.5299,75.6046,98.0728,73.7627,78.9018,67.7354,19.38,148.8174,79.552,73.2122,39.9588
2014-01-13,21.0091,30.3133,45.5434,121.02,47.4791,75.8225,96.7314,73.9037,77.7359,67.7515,19.68,146.8373,79.5877,73.5769,39.6929
2014-01-14,21.0091,30.6409,45.9078,119.89,47.5502,75.537,97.92,73.6859,79.2181,67.7354,19.42,148.4375,79.3167,73.2402,39.983
2014-01-15,21.0683,30.6333,46.1003,119.66,47.6467,75.4693,98.6501,73.7051,79.8689,67.7114,19.4,149.2375,79.2453,73.1631,40.2852
2014-01-16,21.0345,30.4657,46.0797,119.79,47.6264,75.6797,98.769,73.8781,79.8779,67.7274,19.35,149.0436,79.3095,73.654,40.3577
2014-01-17,21.0599,30.3133,45.9422,120.93,47.6366,75.86,98.4209,73.9614,79.426,67.7274,19.51,148.4133,79.4593,73.9625,40.122
2014-01-21,21.1106,30.2676,46.1622,119.7,47.6975,75.7774,99.0067,73.8589,80.0316,67.7194,19.17,148.8496,79.3095,74.0186,40.4846
2014-01-22,21.212,30.6714,46.1622,119.19,47.6264,75.567,99.5076,73.6795,80.2394,67.6873,19.03,148.9467,79.174,73.8363,40.6599
2014-01-23,21.1951,29.9172,45.8528,121.79,47.5655,76.0779,98.8369,73.9614,79.9683,67.7515,19.26,147.7263,79.5163,74.8811,40.5632
2014-01-24,21.2036,29.1325,44.5944,122.29,47.2505,76.386,96.3154,73.9101,78.3957,67.7756,19.16,144.5744,79.7445,75.3649,40.0555
2014-01-27,21.0599,29.0182,44.3881,120.96,47.2353,76.1531,94.9062,73.7691,77.6365,67.7675,18.89,143.8633,79.4664,74.839,39.7473
2014-01-28,21.1613,29.201,44.7732,120.95,47.4436,76.2658,95.9079,74.1279,77.5913,67.7675,18.85,144.7199,79.6233,75.0213,40.0797
2014-01-29,21.1444,28.782,44.2712,122.47,47.3013,76.6265,94.5241,74.2753,76.7598,67.8157,19.02,143.3299,79.9229,75.6384,39.8621
2014-01-30,21.0599,29.0487,44.4981,119.77,47.3826,76.5513,95.9334,74.3137,78.1788,67.8076,18.49,144.8492,79.8729,75.421,40.4665
2014-01-31,21.0345,29.0944,43.7417,120.09,47.3673,76.8519,95.2203,74.538,77.9709,67.8397,18.45,144.0006,80.0299,75.9258,40.684
2014-02-03,21.0345,28.2716,42.8478,121.32,47.2254,77.2696,92.2404,75.0187,76.1814,67.8582,18.61,140.7598,80.5006,76.851,40.0374
2014-02-04,21.1951,28.843,43.3429,120.99,47.2816,77.0363,92.9365,74.6588,76.7417,67.8662,18.75,141.7458,80.1511,76.0356,40.5209
2014-02-05,21.2374,28.7363,43.4323,121.29,47.2816,76.7578,92.2404,74.421,76.5429,67.8341,19.07,141.5681,79.8016,75.3326,40.4363
2014-02-06,21.3219,29.3382,44.2024,121.24,47.45,76.6148,92.9705,74.3503,77.519,67.8421,19.17,143.4349,79.8159,75.0092,40.7324
2014-02-07,21.5671,29.5058,44.7801,122.17,47.69,76.818,94.0232,74.5817,78.9018,67.8582,19.27,145.2129,80.0441,75.0724,41.0406
2014-02-10,21.4488,29.1782,44.6288,122.92,47.7206,76.8557,94.2694,74.6138,79.3537,67.8421,19.29,145.4796,80.1154,75.2833,41.4274
2014-02-11,21.5587,29.8105,45.3371,124.36,47.8023,76.5169,95.1099,74.4596,80.2575,67.8261,19.45,147.0717,79.8587,74.8475,41.5905
2014-02-12,21.6009,29.8181,45.4127,124.43,47.7257,76.3363,95.4835,74.2347,80.4111,67.794,19.43,147.1445,79.659,74.4608,41.6147
2014-02-13,21.7193,29.8486,45.5502,125.49,47.8636,76.6976,96.6975,74.5431,81.0076,67.8341,19.74,147.9041,79.93,74.8826,41.7718
2014-02-14,21.7954,30.2143,45.7221,127.15,47.9401,76.6449,96.8333,74.6845,81.1703,67.8341,20.65,148.7203,79.766,74.9248,41.935
2014-02-18,22.1082,29.9324,46.1141,127.4,48.0065,76.8331,97.8436,74.8387,81.568,67.8582,21.13,148.8982,79.9157,75.0935,42.1405
2014-02-19,22.1674,29.7267,45.8047,126.27,47.884,76.6825,96.8418,74.7551,81.0076,67.8341,20.63,147.9122,79.7588,74.7772,42.1163
2014-02-20,22.2096,29.8334,45.9628,127.6,48.032,76.5998,97.886,74.6588,81.3872,67.8421,21.0,148.785,79.5163,74.5943,42.0257
2014-02-21,22.1505,30.0391,46.0522,127.58,48.0728,76.6976,98.1917,74.7359,81.2787,67.8502,20.97,148.6153,79.659,74.9881,42.1284
2014-02-24,22.2435,30.0391,46.4511,128.99,48.1801,76.6223,98.9133,74.7745,81.7126,67.8502,21.18,149.4397,79.659,74.7982,42.2311
2014-02-25,22.142,29.6962,46.341,129.21,48.2362,76.8857,99.0152,75.0636,81.6222,67.8421,21.02,149.3831,79.9657,75.4661,42.3701
2014-02-26,22.0828,29.7191,46.1829,128.11,48.3178,77.1115,99.6264,75.3078,81.5499,67.8742,20.42,149.3912,80.1511,75.8668,42.4668
2014-02-27,22.0152,30.2828,46.341,128.2,48.4097,77.2019,100.1698,75.4363,82.079,67.8662,20.46,150.1751,80.2652,76.2816,42.352
2014-02-28,22.0913,30.0772,46.4236,127.62,48.4608,77.1266,99.7707,75.3914,81.9883,67.8662,20.35,150.5549,80.3793,76.3238,42.7448
2014-03-03,22.3956,29.5439,45.4402,130.29,48.4162,77.5081,99.2359,75.5886,81.3802,67.9047,20.62,149.4962,80.7502,76.8333,42.769
2014-03-04,22.3111,30.0467,46.341,128.68,48.5906,76.9125,101.7319,75.1826,82.4148,67.8486,20.37,151.5975,80.2295,75.6776,43.3854
2014-03-05,22.1251,30.0695,46.2998,128.89,48.5034,76.9954,101.6724,75.1439,82.6417,67.8726,20.36,151.7348,80.3437,75.8397,43.3311
2014-03-06,22.328,30.4962,46.7811,130.17,48.4316,76.6637,101.6554,74.9183,82.5691,67.8325,20.66,152.0824,80.144,75.0927,42.9684
2014-03-07,22.2266,30.1076,46.5267,129.09,48.2469,76.332,101.6215,74.6476,82.1607,67.7843,20.08,152.147,79.9728,74.6205,42.5031
2014-03-10,22.0406,29.9019,46.2379,129.13,48.252,76.4149,101.2819,74.5315,82.2333,67.7924,20.01,152.0662,80.0085,74.7262,42.2795
2014-03-11,22.049,29.5667,45.9009,129.86,48.2007,76.4903,100.2292,74.5574,81.8794,67.7924,20.04,151.3146,79.987,74.9235,42.5454
2014-03-12,21.9898,29.6277,45.729,131.76,48.2828,76.7919,100.5348,74.8216,82.1879,67.8164,20.47,151.3551,80.1582,75.445,42.6723
2014-03-13,21.8884,29.0944,44.8763,132.21,48.1546,77.2443,99.3717,75.0859,81.0263,67.8566,20.36,149.6578,80.4863,76.4598,42.4729
2014-03-14,22.0067,29.2544,44.7801,133.1,48.1186,77.2517,99.7877,75.0021,80.4727,67.8405,20.62,149.2375,80.4721,76.4738,42.5816
2014-03-17,21.7616,29.6124,45.3439,131.64,48.1853,76.9426,100.2292,74.9054,81.1806,67.8164,20.33,150.5872,80.2866,75.903,42.6723
2014-03-18,21.8715,30.0238,45.6259,130.62,48.3289,77.1311,101.6894,75.1374,82.1607,67.8325,20.01,151.6621,80.4435,76.1779,42.7992
2014-03-19,21.863,29.3839,45.0689,128.09,48.0827,76.4149,101.0272,74.5961,81.716,67.7201,19.79,150.8539,79.7018,75.586,41.9894
2014-03-20,21.7616,29.5134,44.897,127.86,48.2469,76.43,101.1631,74.6992,81.9429,67.7281,19.52,151.7348,79.4522,75.452,42.0619
2014-03-21,21.7785,29.6962,44.8076,128.47,48.2161,76.5733,100.6961,74.957,80.9569,67.7362,19.52,151.1464,79.7517,76.2695,42.4487
2014-03-24,21.77,29.9857,44.9245,126.18,48.2315,76.6034,99.55,75.0988,80.2474,67.704,19.21,150.5213,79.8515,76.8121,42.1707
2014-03-25,21.9137,30.3286,45.4127,126.41,48.3289,76.5582,99.5262,75.1245,80.5111,67.7121,19.22,151.2356,79.8301,76.5232,42.5558
2014-03-26,21.8968,30.3971,45.4058,125.41,48.3392,76.8824,97.6196,75.4146,79.4742,67.7603,19.02,150.1479,80.1083,77.1222,42.0752
2014-03-27,22.0913,30.7933,45.6327,124.59,48.2674,76.9578,97.3727,75.4339,79.0284,67.7522,19.0,149.8313,80.1368,77.5098,42.3428
2014-03-28,22.0997,31.0371,45.9766,124.56,48.3495,76.6864,97.2791,75.3759,79.1831,67.7522,19.06,150.57,79.9371,77.0729,42.5983
2014-03-31,22.0828,31.2428,46.2104,123.61,48.4213,76.6939,99.024,75.3695,79.747,67.7924,19.04,151.8039,79.9514,76.8826,42.9572
2014-04-01,21.8123,31.6084,46.5061,123.39,48.5115,76.5353,100.3263,75.182,81.1479,67.7531,19.06,152.8104,79.6732,76.2255,43.1519
2014-04-02,21.7616,31.6694,46.5955,124.32,48.46,76.2029,100.7774,75.0786,81.3571,67.7289,19.19,153.3218,79.4949,75.7875,43.1884
2014-04-03,21.9391,31.5475,46.4648,123.92,48.4806,76.2558,99.756,75.2207,80.7113,67.745,19.06,153.1189,79.5877,76.1196,43.0971
2014-04-04,22.0406,31.4637,46.3204,125.57,48.594,76.7241,97.4493,75.5182,78.5646,67.8012,19.16,151.3087,79.9514,76.6282,43.2431
2014-04-07,21.9898,31.6008,46.1003,124.91,48.4909,76.9054,96.0279,75.6992,77.8186,67.8092,19.13,149.6365,80.0726,77.0875,43.383
2014-04-08,22.2435,31.9665,46.0728,126.09,48.6043,77.0111,96.7003,75.8995,78.5372,67.8172,19.23,150.2534,80.1154,77.2712,43.6507
2014-04-09,22.3026,32.2103,46.6642,126.32,48.6816,76.9885,98.0962,75.9641,79.8835,67.8494,19.11,151.8688,80.1725,76.8896,43.5412
2014-04-10,22.3111,31.8675,45.839,127.01,48.5424,77.3133,95.2959,76.0676,77.4093,67.8895,19.27,148.6787,80.4506,77.6032,43.1275
2014-04-11,22.2096,31.8675,45.564,126.93,48.3363,77.4719,93.9766,76.1193,76.5088,67.8815,19.19,147.3393,80.6575,78.232,42.866
2014-04-14,22.4126,31.7989,45.8253,127.85,48.4909,77.351,94.2404,76.171,77.1091,67.8735,19.21,148.5001,80.5006,78.0271,43.1215
2014-04-15,22.4295,31.3189,45.6327,125.49,48.5424,77.4416,94.6065,76.3326,77.3638,67.8735,18.88,149.5228,80.7003,78.5146,43.6324
2014-04-16,22.4717,31.7151,46.1966,125.54,48.5682,77.3208,95.6364,76.3649,78.3917,67.8494,18.88,151.0896,80.7502,78.6135,43.9122
2014-04-17,22.5225,32.0046,46.4373,124.75,48.5115,76.8827,96.113,75.9254,78.4099,67.8333,18.88,151.3006,80.6504,77.7516,43.6567
2014-04-21,22.4464,31.8065,46.4992,124.24,48.5115,76.8676,96.5641,76.0288,78.9921,67.8333,18.67,151.8282,80.6504,77.688,43.9061
2014-04-22,22.4379,31.7227,46.6917,123.78,48.5631,76.8374,97.56,76.0676,79.6197,67.8012,18.71,152.5182,80.6504,77.9494,44.0035
2014-04-23,22.421,31.4942,46.5817,123.76,48.5785,77.0338,96.9472,76.2357,78.9193,67.8333,18.69,152.161,80.9,78.3945,43.8271
2014-04-24,22.5563,31.5246,46.5748,124.56,48.5888,77.0111,96.7003,76.2486,79.6743,67.8172,18.92,152.4695,80.9499,78.5429,44.0096
2014-04-25,22.4633,31.098,46.3479,125.43,48.5734,77.1169,94.998,76.2357,78.4008,67.8253,18.94,151.2194,80.9856,78.6559,43.8392
2014-04-28,22.3872,31.2504,46.4923,124.88,48.5631,77.0036,94.4447,76.1451,78.6555,67.8253,18.85,151.6983,80.7431,78.2744,44.1799
2014-04-29,22.4464,31.5475,46.7949,124.86,48.6352,77.0715,94.683,76.158,79.2831,67.8172,18.76,152.4045,80.6932,78.1684,44.2103
2014-04-30,22.328,31.4865,46.9806,124.22,48.6249,77.2755,95.3129,76.3714,79.4924,67.8654,18.46,152.8591,81.0069,78.4934,44.3684
2014-05-01,22.1589,31.5246,47.1112,123.8,48.5747,77.498,95.2789,76.6916,79.7289,67.8663,18.35,152.8754,81.2986,79.3355,44.557
2014-05-02,22.2181,31.6999,47.0356,125.06,48.6886,77.6115,95.3555,76.8537,79.5833,67.8582,18.69,152.6562,81.5131,79.8242,44.5449
2014-05-05,22.1674,31.5246,47.0012,126.22,48.6679,77.5661,95.2363,76.6592,80.0017,67.8663,18.84,152.9485,81.3415,79.3426,44.6361
2014-05-06,22.1843,31.6694,46.9187,125.98,48.6782,77.6569,93.6872,76.7889,78.9648,67.8421,18.8,151.6171,81.3129,79.6613,44.4779
2014-05-07,22.2435,31.837,46.9737,124.17,48.7507,77.7174,93.7468,76.8018,78.7374,67.8663,18.57,152.5101,81.3629,79.378,45.0132
2014-05-08,22.1758,31.7608,46.9806,124.17,48.7404,77.8007,92.802,76.8213,78.6646,67.8823,18.44,152.3477,81.4773,79.038,45.1166
2014-05-09,22.0659,31.7075,46.9118,124.1,48.787,77.7401,93.6532,76.737,78.9557,67.9064,18.42,152.575,81.4273,78.7831,45.147
2014-05-12,22.1166,32.2408,47.2212,124.94,48.8387,77.5358,95.7811,76.5425,80.2564,67.8903,18.78,154.0605,81.2057,78.4644,45.287
2014-05-13,22.2181,32.3627,47.29,124.6,48.9164,77.8385,94.8448,76.8278,80.311,67.9144,18.77,154.1985,81.413,79.1443,44.995
2014-05-14,22.3196,32.5912,47.2006,125.81,48.9423,78.1941,93.3042,77.2103,79.8926,67.9385,19.0,153.4679,81.8776,80.0012,45.0132
2014-05-15,22.1843,32.2865,46.9943,124.77,48.8957,78.4742,92.6743,77.3464,79.2649,67.9465,18.74,152.1205,82.2565,80.6386,44.9889
2014-05-16,22.2096,32.7131,47.0975,124.5,48.994,78.3077,93.2616,77.2556,79.7835,67.9546,18.61,152.6481,82.1707,80.412,45.4025
2014-05-19,22.1927,32.7131,47.0012,124.58,49.0665,78.2093,94.266,77.1843,80.3383,67.9707,18.63,153.2082,81.9277,79.8171,45.22
2014-05-20,22.235,32.4464,46.7055,124.69,49.0044,78.4363,92.8276,77.1843,80.0472,67.9787,18.65,152.2422,82.085,79.9941,45.0801
2014-05-21,22.2773,32.6979,47.0699,124.39,48.9992,78.3152,93.3042,77.0417,80.8113,67.9787,18.64,153.5248,82.0349,79.5055,44.7821
2014-05-22,22.2942,32.9264,47.1318,124.67,49.0355,78.232,94.2745,77.0157,81.1661,67.9626,18.73,153.8981,82.1636,79.3922,44.703
2014-05-23,22.3449,32.8655,47.2556,124.51,49.051,78.3908,95.3044,77.1,81.7573,67.9465,18.66,154.5151,82.3566,79.8171,45.0984
2014-05-27,22.1589,32.5836,47.5926,121.85,49.0976,78.4136,96.6748,77.3723,82.7761,67.9626,18.36,155.4648,82.4066,80.2846,45.4208
2014-05-28,22.1674,32.774,47.4344,121.2,49.1131,78.8449,96.1726,77.7418,82.5214,67.9787,18.28,155.3511,82.857,81.276,45.1349
2014-05-29,22.1758,32.8655,47.7232,120.94,49.1598,78.7466,96.496,77.5149,83.049,67.9707,18.3,156.1548,82.8212,80.8441,45.2261
2014-05-30,22.0067,32.416,47.7301,120.43,49.2115,78.6861,96.062,77.5279,83.0581,67.9868,18.08,156.4065,82.6282,80.8086,45.433
2014-06-02,21.9814,32.515,47.8264,119.7,49.055,78.326,95.5427,77.0975,82.9762,67.9408,18.02,156.585,82.2939,80.2079,45.5728
2014-06-03,21.9645,32.6979,47.7095,120.01,49.0602,77.9318,95.3129,76.7465,82.9398,67.9248,18.1,156.5039,81.8122,79.2209,45.5485
2014-06-04,21.9053,32.515,47.6957,119.76,49.0602,77.8712,95.6874,76.7075,83.2491,67.9489,18.06,156.8204,81.5966,79.1996,45.6398
2014-06-05,21.9307,32.8578,48.0258,120.66,49.1798,77.9849,97.6962,76.87,83.9495,67.957,18.26,157.8432,81.8051,79.2351,46.4792
2014-06-06,22.0236,33.1854,48.2871,120.61,49.3202,77.9243,98.6325,77.0325,84.4316,67.9408,18.28,158.5982,81.8051,79.2351,46.2845
2014-06-09,22.1166,33.3073,48.239,120.65,49.3774,77.8105,99.5006,76.8764,84.3679,67.8927,18.32,158.7605,81.7979,79.1215,45.7249
2014-06-10,22.0575,33.4825,48.1358,121.39,49.3514,77.6741,99.3049,76.7334,84.5135,67.8767,18.46,158.7767,81.6613,78.8304,45.3843
2014-06-11,21.9983,33.3683,47.8951,121.41,49.3566,77.7802,98.8197,76.792,84.4953,67.9007,18.46,158.2247,81.7404,78.9724,45.2626
2014-06-12,22.3111,33.2083,47.9089,122.64,49.3254,78.0834,98.2154,77.039,83.7312,67.9248,18.76,157.1045,81.9848,79.6754,45.147
2014-06-13,22.3111,33.2235,47.9433,122.96,49.3826,77.9318,98.3856,77.026,83.9768,67.8848,18.92,157.5835,81.8482,79.6327,45.2626
2014-06-16,22.3787,33.0712,47.957,122.42,49.3566,77.9318,98.8623,77.0195,84.0496,67.8686,18.85,157.7133,81.9272,79.8316,45.0315
2014-06-17,22.4041,33.0788,47.9226,122.28,49.3202,77.6059,99.5602,76.7595,84.0951,67.8124,18.94,158.1517,81.8122,79.1996,45.147
2014-06-18,22.4971,33.4444,48.3352,122.67,49.5438,78.0152,100.2326,77.2015,84.5681,67.8686,19.05,159.3125,82.2149,79.8103,45.4633
2014-06-19,22.7169,33.254,48.5965,126.94,49.5334,77.8181,100.3178,76.9285,84.5135,67.8606,19.92,159.4911,82.0998,78.7878,45.8405
2014-06-20,22.7592,33.1854,48.514,126.5,49.5802,77.9091,100.6497,77.078,84.6129,67.8606,20.03,159.8148,82.4018,79.3842,45.9986
2014-06-23,22.6746,33.1169,48.3834,126.85,49.575,77.856,100.4539,77.0715,84.6312,67.8606,20.05,159.7659,82.3299,79.1357,45.8101
2014-06-24,22.7085,33.1016,48.0808,126.98,49.5334,78.1744,99.3815,77.3966,84.5491,67.8848,20.08,158.8035,82.7037,79.9381,45.8438
2014-06-25,22.7423,33.1715,48.0639,126.99,49.6063,78.2501,100.2241,77.4746,85.0872,67.8927,20.19,159.5212,82.7397,80.144,45.7518
2014-06-26,22.6493,33.2099,48.0991,126.73,49.5542,78.4549,100.0539,77.6176,85.1328,67.9088,20.24,159.407,82.8978,80.5274,45.7088
2014-06-27,22.607,33.2867,48.1273,126.66,49.5542,78.4549,100.7263,77.6046,85.5067,67.9248,20.17,159.717,82.9266,80.4067,46.0587
2014-06-30,22.4717,33.1945,48.1696,128.04,49.5126,78.5155,101.1263,77.5331,85.6527,67.9329,20.25,159.6354,82.9338,80.6055,45.9482
2014-07-01,22.4041,33.5094,48.5923,127.7,49.5257,78.2588,102.1563,77.2332,86.5921,67.9048,20.21,160.7039,82.6049,79.9307,46.1938
2014-07-02,22.3618,33.709,48.6698,127.7,49.557,77.9399,101.7624,76.9594,86.7381,67.8806,20.3,160.867,82.2156,79.0764,46.0833
2014-07-03,22.3196,33.9086,48.7684,127.16,49.4839,77.7803,102.3775,76.8812,87.2853,67.8726,20.29,161.6582,82.2805,78.7916,45.8193
2014-07-07,22.142,33.8856,48.388,127.02,49.4474,77.9702,100.626,77.0181,87.0208,67.8566,20.17,161.0954,82.4391,79.3683,45.9544
2014-07-08,22.0828,33.732,47.8807,127.07,49.4578,78.3272,99.4041,77.3049,85.9719,67.8726,20.21,160.0595,82.7059,80.2581,46.0894
2014-07-09,21.9307,33.924,48.0357,127.84,49.4212,78.3423,99.5323,77.4288,86.6104,67.8806,20.27,160.7773,82.9078,80.3222,46.1631
2014-07-10,21.9645,33.7397,47.5073,128.54,49.2697,78.5094,98.4728,77.3701,86.3367,67.9128,20.52,160.1411,83.0087,80.3436,46.3718
2014-07-11,21.77,33.7013,47.5355,128.78,49.3533,78.6385,98.3447,77.6114,86.8931,67.9289,20.57,160.3614,83.1313,80.8561,46.378
2014-07-14,21.8546,33.9624,47.8878,125.72,49.3376,78.4639,98.8488,77.4484,87.413,67.9208,20.1,161.1688,82.9655,80.5073,46.6052
2014-07-15,21.6517,33.9394,47.768,124.53,49.2593,78.3955,97.8747,77.3636,87.112,67.8887,19.88,160.867,82.7852,80.3436,46.6358
2014-07-16,21.6855,34.0238,48.0639,124.97,49.1809,78.5094,97.6098,77.5461,87.4586,67.8806,19.91,161.4624,82.7635,80.7707,46.7832
2014-07-17,21.7362,33.3865,47.4509,127.09,48.8362,78.9651,96.1061,77.8395,86.3002,67.9369,20.29,159.6272,83.2827,81.7887,46.5438
2014-07-18,21.5925,33.9086,47.8243,126.13,49.0399,78.8056,97.6013,77.7352,87.6684,67.8806,20.02,161.2585,83.1241,81.5253,47.0042
2014-07-21,21.6939,34.0238,47.6482,126.34,48.9563,78.8284,97.2083,77.7352,87.5589,67.8887,20.1,160.9567,83.2755,81.9311,46.8323
2014-07-22,21.6009,34.3387,47.8596,125.74,49.0242,78.9271,98.0285,77.7939,88.1153,67.8887,20.1,161.6582,83.2034,82.102,46.9797
2014-07-23,21.6601,34.3694,47.9582,125.62,49.1182,78.9195,98.1481,77.8851,88.6807,67.9128,20.08,162.0171,83.1962,81.9952,47.0656
2014-07-24,21.6347,34.5229,48.0709,124.35,49.2071,78.6005,97.9516,77.5788,88.5804,67.8887,19.58,162.0252,83.0448,81.3829,47.0042
2014-07-25,21.7193,34.3847,47.8737,125.79,49.1235,78.9043,97.063,77.8786,88.2338,67.8967,19.87,161.2667,83.4053,82.3439,46.6788
2014-07-28,21.677,34.6227,47.8807,125.58,48.9772,78.8131,96.576,77.7874,88.2612,67.8646,19.81,161.332,83.3116,82.2301,47.0042
2014-07-29,21.6094,34.4154,47.7821,125.2,48.9093,78.9195,96.8408,77.8591,88.1062,67.8806,19.78,160.6387,83.4342,82.5291,46.7771
2014-07-30,21.5164,34.2465,47.7116,124.83,48.7056,78.3652,97.2254,77.5005,88.4527,67.8485,19.78,160.6631,82.8862,81.3829,46.6788
2014-07-31,21.4065,33.6476,46.9155,123.39,48.3086,78.3423,95.0038,77.2854,86.6651,67.8806,19.58,157.4903,82.8573,81.1409,45.9851
2014-08-01,21.2374,33.8319,46.5914,124.38,48.3039,78.8034,94.5681,77.6835,86.3458,67.9667,19.52,157.0091,83.1727,81.769,45.8745
2014-08-04,21.398,34.1467,46.8098,123.99,48.5977,78.8491,95.4054,77.7031,86.9387,67.9667,19.4,158.1428,83.0497,81.5549,46.1938
2014-08-05,21.2966,33.6245,46.2109,123.87,48.5033,78.8871,95.1662,77.7816,86.2729,67.9667,19.05,156.6094,83.1437,81.819,45.7211
2014-08-06,21.4318,33.3942,46.0982,125.67,48.6188,78.9556,95.4652,77.6443,86.209,67.9827,19.23,156.6584,83.151,81.8689,45.7027
2014-08-07,21.4741,33.2636,45.7248,126.18,48.6502,79.3132,95.0038,77.8469,85.9354,68.0149,19.17,155.8101,83.5126,82.6327,45.7272
2014-08-08,21.3727,33.5631,45.9925,126.19,48.8024,79.2447,95.9266,77.8273,86.5556,67.9747,19.19,157.6127,83.4403,82.4542,45.9973
2014-08-11,21.4065,33.9931,46.1687,125.96,49.0334,79.2067,96.8408,77.86,87.0664,67.9747,19.23,158.0694,83.4476,82.4471,46.2859
2014-08-12,21.2712,34.0315,46.1334,125.99,49.0229,79.0925,96.1744,77.8208,87.0299,67.9747,19.17,157.8492,83.1944,81.9117,46.2122
2014-08-13,21.2543,34.2158,46.3941,126.2,49.1646,79.3513,96.9263,77.9778,87.9511,68.0068,19.04,158.9176,83.4331,82.4471,46.8814
2014-08-14,21.0007,34.2695,46.6407,126.31,49.259,79.511,97.0716,78.0627,88.4072,68.023,19.1,159.668,83.5198,83.1108,46.8507
2014-08-15,21.0852,34.1774,46.5914,125.48,49.3588,79.8307,96.8836,78.3373,88.8358,68.023,18.86,159.6354,83.7224,84.0173,46.8016
2014-08-18,20.9077,34.5076,46.8944,124.96,49.5005,79.5795,98.2934,78.1608,89.5199,68.023,18.87,160.973,83.3969,83.1823,47.2621
2014-08-19,20.9499,34.6688,47.0071,124.68,49.4847,79.4958,98.6352,78.1085,90.0215,68.023,18.7,161.8131,83.245,82.9253,47.3603
2014-08-20,21.0091,34.5997,46.8591,124.22,49.5214,79.2599,98.2165,77.932,90.0215,67.9586,18.72,162.2454,82.9991,82.7897,47.5752
2014-08-21,21.0599,34.4538,47.0564,122.88,49.5214,79.4274,98.4301,78.2,90.2039,67.9586,18.69,162.7185,83.1582,83.2536,47.5015
2014-08-22,21.026,34.3617,46.831,123.19,49.4007,79.4349,98.4386,78.2981,90.3407,67.9425,18.69,162.4657,83.122,83.7176,47.1209
2014-08-25,21.0599,34.6151,47.1339,122.74,49.5057,79.4958,98.9,78.4223,90.66,67.9184,18.6,163.2895,83.2233,84.0316,47.0165
2014-08-26,21.0683,34.8224,47.1409,123.35,49.5424,79.4806,99.7972,78.4746,90.7512,67.9425,18.63,163.3955,83.1582,83.7604,47.1086
2014-08-27,21.1021,34.999,47.2325,123.32,49.4952,79.7013,99.5494,78.6054,90.7694,67.9586,18.66,163.3302,83.3101,84.4742,47.1393
2014-08-28,21.119,34.6535,47.0212,124.0,49.4217,79.8078,99.0367,78.7754,90.6691,67.9747,18.74,163.2405,83.4403,84.9167,47.1332
2014-08-29,21.1613,34.5997,47.0,123.86,49.4585,79.8154,99.5921,78.8342,91.0065,68.0068,18.71,163.7055,83.3607,84.9738,47.3849
2014-09-02,20.8569,34.546,47.0916,121.65,49.5164,79.3054,100.139,78.4592,91.271,67.949,18.41,163.6239,82.9144,83.508,47.391
2014-09-03,20.9415,34.999,47.4228,122.15,49.3899,79.4198,99.5067,78.5641,90.7329,67.965,18.43,163.5341,83.0666,83.973,47.5138
2014-09-04,20.8569,34.9069,47.1973,121.48,49.2265,79.1378,99.1222,78.0068,90.6508,67.957,18.32,163.2975,82.755,82.95,47.3357
2014-09-05,20.8231,35.2063,47.2044,122.06,49.1685,79.1607,99.4383,78.0199,91.1069,67.9811,18.42,164.0316,82.6681,82.7925,47.8392
2014-09-08,20.7217,34.7917,46.7041,120.73,49.121,79.0768,99.5921,77.8888,91.2801,67.9409,18.26,163.6076,82.4652,82.8284,47.7901
2014-09-09,20.5526,34.3617,46.5703,120.87,48.8943,78.8939,98.413,77.679,90.5231,67.9007,18.31,162.5717,82.2262,82.7639,47.4954
2014-09-10,20.4089,34.2158,46.838,120.26,48.9154,78.6957,98.994,77.5544,91.271,67.9088,18.24,163.1834,81.9146,82.2417,46.7464
2014-09-11,20.3074,33.9854,46.5773,119.47,48.9154,78.5966,99.6349,77.4954,91.1981,67.9168,17.96,163.371,81.9508,81.9699,46.7832
2014-09-12,20.1468,33.6245,46.5139,118.38,48.8574,78.2994,98.5753,77.1217,90.7329,67.9007,17.89,162.4167,81.6248,81.1114,45.3466
2014-09-15,20.1721,33.4556,46.4153,118.64,48.7678,78.4442,97.4988,77.1414,89.8573,67.9329,17.92,162.2944,81.719,81.233,45.1255
2014-09-16,20.3581,33.8933,46.6125,118.83,48.868,78.4213,97.7722,77.1283,90.6417,67.9731,17.95,163.5179,81.6973,80.9039,45.5676
2014-09-17,20.2736,33.5785,46.2814,117.54,49.0261,78.2232,98.0285,76.9185,90.7785,67.9007,17.77,163.738,81.1466,80.6964,45.5553
2014-09-18,20.0791,33.6245,46.6407,117.78,49.042,78.1698,98.6266,77.0562,91.4626,67.9088,17.77,164.6108,80.9365,80.954,45.1562
2014-09-19,20.02,33.3711,46.4787,117.09,49.1157,78.4671,97.3792,77.3577,91.4059,67.9007,17.19,164.4625,81.1756,81.9842,45.2115
2014-09-22,19.8509,32.8644,46.2744,116.85,49.0261,78.6348,96.0121,77.4298,90.5556,67.949,17.08,163.1923,81.1176,82.0843,44.8554
2014-09-23,19.8509,32.6801,45.8869,117.6,48.7784,78.8025,95.1149,77.5544,90.3088,67.965,17.07,162.2581,81.4219,82.5923,44.53
2014-09-24,19.9354,33.1485,46.1194,117.05,48.6307,78.5814,95.976,77.3709,91.2779,67.9409,16.99,163.5283,81.3495,82.1344,44.411
2014-09-25,19.8931,32.4267,45.443,117.39,48.2986,78.9625,94.3567,77.6003,89.358,67.9892,16.83,160.8897,81.6465,83.1073,44.2127
2014-09-26,19.8593,32.5726,45.6332,117.06,48.2669,78.7948,95.2049,77.4298,90.3088,67.957,16.9,162.168,81.2263,82.9858,44.8076
2014-09-29,19.9777,31.9122,45.2105,117.03,48.1667,79.0463,95.1278,77.3971,90.1899,67.9731,16.78,161.873,81.2842,83.651,44.7456
2014-09-30,19.6311,31.9122,45.1753,116.21,48.4778,78.9777,93.6884,77.5085,90.318,67.957,16.35,161.4469,81.1973,83.1789,44.5226
2014-10-01,19.5634,31.2595,44.6398,116.77,48.5313,79.6413,92.3604,77.9787,88.8734,68.0294,16.48,159.2591,81.7769,84.7918,44.5597
2014-10-02,19.4873,31.4285,44.1607,116.74,48.6266,79.4046,93.2428,77.972,88.8734,68.0213,16.41,159.2836,81.5741,84.0531,44.4854
2014-10-03,19.3013,31.6972,44.1607,114.61,48.7907,79.3817,93.9454,78.1957,89.7511,67.957,16.12,161.0372,81.4437,84.4117,44.7642
2014-10-06,19.5465,32.1119,44.4425,116.03,48.8437,79.5115,93.14,78.2351,89.5591,68.0213,16.6,160.8487,81.5161,84.4619,44.882
2014-10-07,19.4704,31.8277,43.6887,116.36,48.6584,79.9773,91.6064,78.5178,88.2883,68.0616,16.48,158.3658,81.8567,85.6022,44.5288
2014-10-08,19.3943,32.3038,44.3791,117.47,48.8913,80.2598,93.3628,78.9189,90.0071,68.134,16.68,161.1355,82.3058,85.6237,45.4954
2014-10-09,19.1661,31.797,43.1885,117.64,48.3725,80.1224,90.8439,78.5901,88.5535,68.134,16.62,157.9397,82.2189,85.2508,45.4954
2014-10-10,19.0984,31.106,42.5403,117.59,47.9806,80.4354,89.7386,78.6559,86.341,68.1661,16.64,156.1369,82.4435,86.0971,45.5388
2014-10-13,19.0984,31.4208,42.4839,118.52,47.7424,80.8554,89.3788,78.8597,84.9879,68.1903,16.73,153.572,82.8275,86.6206,45.5822
2014-10-14,18.811,31.6051,42.5896,118.59,47.9012,81.0157,90.4241,79.0372,84.997,68.2305,16.68,153.8097,82.6319,87.1872,46.3196
2014-10-15,18.5743,31.2058,42.336,118.99,47.9118,81.4739,91.3323,79.0963,84.4485,68.319,16.71,152.769,82.7261,87.8756,46.1399
2014-10-16,18.7603,30.9217,41.9414,119.22,48.1818,81.2525,92.3604,78.9189,83.9183,68.2788,16.67,152.6379,82.6246,87.3163,46.2142
2014-10-17,18.8279,31.2672,42.7234,118.99,48.5896,81.0157,92.0862,78.8859,85.0245,68.2385,16.58,154.4406,82.5956,86.8286,46.27
2014-10-20,18.6926,31.3594,42.9912,119.8,48.939,81.1303,93.1658,79.0306,86.2953,68.2788,16.73,155.9403,82.6246,87.1442,46.9764
2014-10-21,18.8448,31.4899,43.5055,120.02,49.3361,80.9089,94.6994,78.9846,88.5626,68.2627,16.81,159.0295,82.458,86.4485,47.404
2014-10-22,18.6334,31.2826,43.1885,119.34,49.0131,80.8859,93.3457,78.8531,88.1055,68.2465,16.46,157.8987,82.4218,86.5417,47.4164
2014-10-23,18.8533,31.2749,43.6041,118.52,48.9919,80.5499,94.9993,78.7019,89.4312,68.2145,16.5,159.7342,82.1247,85.7743,47.782
2014-10-24,18.7349,31.4976,43.8437,118.35,49.1296,80.6187,95.162,78.7347,90.1625,68.2305,16.5,160.9634,82.0812,85.8604,47.7448
2014-10-27,18.6842,31.2519,43.5971,118.06,48.9284,80.7027,95.1106,78.8334,90.2265,68.2305,16.42,160.7422,82.0378,86.0182,48.098
2014-10-28,18.8363,31.8815,44.2594,118.1,49.0078,80.5042,97.818,78.5704,91.5888,68.2145,16.49,162.5859,82.0015,85.4803,48.3087
2014-10-29,19.0562,31.9276,43.9212,116.41,48.9708,80.2369,97.5867,78.4257,91.2505,68.126,16.38,162.3401,81.8929,85.674,48.036
2014-10-30,18.8955,32.227,44.2382,115.19,48.9496,80.3208,98.4178,78.4784,91.4424,68.1501,15.82,163.3808,81.8639,85.7457,48.3397
2014-10-31,18.8702,32.3652,45.0555,112.66,48.9919,80.191,99.8657,78.4652,92.7041,68.134,15.5,165.2491,81.9291,85.5233,48.9469
2014-11-03,18.7011,32.0965,44.668,112.15,49.0951,80.1612,99.6944,78.3102,92.9784,68.1251,15.48,165.3392,81.9291,85.5233,49.3745
2014-11-04,18.4305,32.1272,44.4144,112.22,48.9409,80.1536,99.2317,78.4223,92.6676,68.1171,15.36,164.7657,81.9001,85.7893,49.455
2014-11-05,18.4813,31.8431,44.4989,109.79,48.9303,80.1765,99.4116,78.2773,92.6767,68.101,14.66,165.8064,81.9798,85.6671,49.3497
2014-11-06,18.4982,31.4515,44.2594,109.88,49.0579,79.9317,99.84,78.0399,92.9692,68.0849,14.82,166.4701,81.8422,85.1135,48.9717
2014-11-07,18.5827,31.6511,44.2805,112.97,49.1058,80.4442,99.9942,78.5344,92.8869,68.1332,15.1,166.6257,82.3203,86.0913,48.9098
2014-11-10,18.4052,31.7356,44.4778,110.46,49.127,80.1154,100.4912,78.1388,93.2161,68.0849,14.92,167.1502,82.0305,85.3005,49.3125
2014-11-11,18.4982,31.7049,44.7455,112.04,49.2387,80.123,100.5597,78.1322,93.5087,68.0768,15.11,167.3141,82.016,85.358,49.1204
2014-11-12,18.439,31.6435,44.3651,111.5,49.0792,80.0924,101.0138,78.1256,93.6732,68.101,15.03,167.1339,81.9001,85.286,48.7486
2014-11-13,18.1008,31.559,44.5764,111.67,48.8771,80.2224,100.1571,78.0399,94.0755,68.1171,14.97,167.3223,81.8059,85.4874,49.0151
2014-11-14,18.2953,31.8201,44.6398,114.47,48.6324,80.3907,99.9771,78.1388,94.368,68.1493,15.63,167.3633,82.016,85.9044,48.6123
2014-11-17,18.2192,31.4822,44.4637,114.05,48.6271,80.2989,99.146,77.9542,94.0846,68.1413,15.5,167.4698,81.7335,85.6886,48.8292
2014-11-18,18.1262,31.6511,44.9498,115.05,48.5314,80.3907,99.7201,78.0201,94.7886,68.1332,15.55,168.4368,81.8059,85.9259,49.0399
2014-11-19,18.0332,31.6358,44.816,113.68,48.5208,80.1765,98.6577,77.6047,94.3589,68.1251,15.48,168.1664,81.4581,85.3796,48.5999
2014-11-20,18.1854,31.582,44.5482,114.86,48.5261,80.3219,99.7629,77.9015,94.7794,68.1413,15.6,168.4614,81.6683,85.8253,48.761
2014-11-21,18.3798,32.5879,44.9357,115.39,48.792,80.4825,99.8829,78.2377,94.9623,68.1573,15.79,169.3627,81.9146,86.3429,49.0647
2014-11-24,18.2192,32.3192,45.1964,115.11,48.7867,80.5743,101.0738,78.363,95.7028,68.1654,15.78,169.8381,81.9798,86.4148,49.2382
2014-11-25,18.1346,32.1119,45.2739,115.38,48.8664,80.7732,101.1509,78.6992,95.8491,68.1734,15.98,169.7151,82.0523,87.1337,49.3249
2014-11-26,18.0924,32.5188,45.45,115.16,48.9303,80.9108,101.485,78.9696,96.4708,68.1815,15.87,170.1494,82.0957,87.371,49.8021
2014-11-28,17.2638,31.8661,45.0837,112.11,48.4623,81.2245,99.9771,79.1806,96.9188,68.2056,14.83,169.7888,82.0595,88.0611,49.926
2014-12-01,17.6189,31.321,45.0414,116.58,47.9745,81.0253,98.4178,78.9062,95.8217,68.2048,15.78,168.6088,81.8638,87.5474,49.8021
2014-12-02,17.2469,31.3133,45.1682,115.14,48.2363,80.6651,99.6001,78.3772,96.2057,68.1646,15.75,169.6987,81.3999,86.6971,50.1119
2014-12-03,17.1455,31.3978,45.1119,116.33,48.3165,80.6957,100.5597,78.4566,96.3793,68.1323,15.73,170.3542,81.5013,87.0358,50.0623
2014-12-04,17.0947,31.4515,44.9639,115.88,48.2844,80.9792,100.0799,78.5822,96.3337,68.1726,15.77,170.1658,81.6608,87.7636,50.1924
2014-12-05,17.0525,31.3901,45.0625,114.43,48.247,80.5272,100.8339,78.2582,96.3428,68.0438,15.61,170.4444,81.1896,87.252,49.9384
2014-12-08,16.7566,30.9294,44.668,115.78,48.0012,80.7954,99.5744,78.6285,95.6571,68.0358,15.71,169.3053,81.2548,88.3184,50.2544
2014-12-09,16.8749,30.6376,44.4284,118.19,47.9745,81.0942,101.2452,78.6946,95.9588,68.0599,16.32,169.1907,81.6028,88.7723,50.4837
2014-12-10,16.6129,30.1845,43.8648,117.96,47.4243,81.462,99.0946,78.6681,94.4503,68.1163,16.37,166.4783,81.7695,89.4208,50.4341
2014-12-11,16.4607,29.9311,43.8085,117.69,47.2533,81.3241,99.4887,78.5888,94.8983,68.0841,16.33,167.3223,81.6608,89.7882,50.5271
2014-12-12,16.3254,29.4397,42.963,117.41,46.6122,81.9906,98.2807,78.7144,93.8652,68.1485,16.3,164.6181,81.755,91.0061,50.0871
2014-12-15,16.0633,29.0174,42.2514,114.39,46.5855,81.6918,97.2868,78.8996,92.8961,68.1001,15.47,163.4873,81.4361,90.8187,49.4365
2014-12-16,15.9703,28.9713,42.5544,114.95,46.4199,82.1056,97.1497,78.8732,91.4059,68.1404,15.08,162.1762,81.9435,91.9428,49.3683
2014-12-17,16.0633,29.6373,43.063,114.27,47.3655,81.5386,100.1485,78.8929,93.0698,68.076,15.1,165.3557,81.5593,91.1141,50.5023
2014-12-18,16.0126,30.0423,43.8314,115.15,47.7448,81.0788,101.6393,78.9723,95.3097,68.0358,15.25,169.4446,81.0446,89.4929,50.8555
2014-12-19,16.2493,30.2526,43.8954,114.77,48.2042,81.3777,101.8706,78.9326,95.7291,67.9875,15.39,170.1656,81.4433,90.6962,50.8307
2014-12-22,15.9534,30.6732,44.1088,112.55,48.0867,81.3777,102.5646,79.1839,95.9677,68.0036,14.99,170.9484,81.5231,90.8187,51.6805
2014-12-23,16.114,30.3928,43.9666,112.74,48.2576,80.7034,102.6931,78.5822,95.6282,67.9311,15.04,171.1791,80.9359,89.0173,51.5361
2014-12-24,15.9027,30.4629,44.1658,112.77,48.4218,80.7617,102.9898,78.8355,95.7107,67.9657,15.09,171.1956,80.8489,89.5018,51.3225
2014-12-26,15.8858,30.7044,44.2796,114.83,48.2716,80.8692,103.6605,78.8951,96.3898,67.9415,15.35,171.7477,80.8779,89.834,51.5047
2014-12-29,15.7336,30.5174,43.9595,113.67,48.2984,81.1454,104.0991,79.0476,96.3714,68.006,15.11,171.9784,81.0011,90.5055,51.7873
2014-12-30,15.7167,30.5798,43.5539,115.2,48.2019,81.2375,103.4886,79.1139,95.7291,68.0302,15.58,171.0555,80.9794,90.7511,51.7496
2014-12-31,15.5983,30.6031,43.2836,113.58,48.0731,81.3296,102.8694,79.1669,94.7472,68.006,15.06,169.3582,81.1969,90.9243,50.8765
2015-01-02,15.4123,30.1981,43.0986,114.08,48.0731,81.744,102.276,79.4454,94.4627,68.0785,15.11,169.2675,81.7188,91.9352,51.6428
2015-01-05,15.1925,29.6607,42.0813,115.8,47.6278,82.2427,100.9087,79.7702,93.0771,68.0785,15.5,166.2106,81.784,93.3794,51.9255
2015-01-06,15.0488,29.536,41.6046,117.12,47.4454,82.7952,99.1629,80.0951,91.8291,68.1107,15.83,164.6451,81.7913,95.0618,52.4405
2015-01-07,14.9558,30.1747,42.067,116.43,47.7404,82.7798,100.3841,80.2012,93.0128,68.1429,15.85,166.6967,81.8565,94.8741,53.2445
2015-01-08,15.015,30.6888,42.6362,115.94,48.0999,82.4423,102.0868,79.9426,94.7931,68.1348,15.64,169.6548,81.726,93.6176,53.4455
2015-01-09,14.9896,30.5875,42.4299,117.26,48.3414,82.8489,101.1065,80.1548,94.1691,68.1912,15.77,168.2953,81.9725,94.643,53.4706
2015-01-12,14.6599,30.3383,42.3303,118.56,48.2823,83.1404,100.7711,80.3072,93.1872,68.2315,15.87,166.9769,81.9507,95.1846,53.8789
2015-01-13,14.6007,30.6031,42.5437,118.16,48.2823,83.2172,100.8484,80.3802,93.1597,68.2717,16.29,166.5073,81.8203,95.1846,53.7973
2015-01-14,14.7613,30.4318,42.4228,117.97,48.1697,83.6008,100.4443,80.5194,92.6458,68.312,16.13,165.502,82.3059,95.9066,54.262
2015-01-15,14.5584,30.5019,42.6931,120.94,47.8746,84.3145,98.7501,80.9371,91.4437,68.4167,16.15,163.9859,82.9584,97.4158,54.3877
2015-01-16,14.8374,30.7589,43.248,122.52,48.057,83.6929,100.3583,80.4863,92.5173,68.3523,16.95,166.1365,82.4944,96.1739,54.8587
2015-01-20,14.6345,30.7122,43.3974,124.2,47.9711,83.8848,99.9369,80.6719,93.2514,68.32,17.18,166.4908,82.6902,97.4519,54.4254
2015-01-21,14.7275,31.3898,43.7389,124.23,48.2287,83.4858,99.6187,80.6388,93.7286,68.32,17.37,167.3312,82.3494,96.3255,54.3877
2015-01-22,14.7106,31.9896,43.9025,125.23,48.2931,83.2786,101.6482,80.599,95.463,68.2959,17.61,169.8196,82.3712,95.9789,55.355
2015-01-23,14.6176,31.7481,43.6535,124.23,48.2931,83.8234,101.5794,81.0697,95.674,68.3281,17.51,168.8885,82.8713,97.3147,55.1979
2015-01-26,14.5669,31.7637,44.2511,122.99,48.5131,83.6316,102.5598,81.0498,95.5639,68.2879,17.13,169.2839,82.7337,97.0187,55.6627
2015-01-27,14.643,31.5923,44.3152,124.4,48.4755,83.7467,102.0696,81.1095,93.0863,68.3281,17.33,167.051,82.9946,97.1703,55.6816
2015-01-28,14.4316,31.2496,43.6535,123.42,48.3736,84.3912,100.3497,81.6597,92.6091,68.3764,17.23,164.9087,83.3136,98.7589,55.311
2015-01-29,14.364,31.2496,44.2511,120.76,48.5452,84.092,101.7342,81.4675,93.4992,68.3523,16.24,166.4331,83.2193,98.109,55.5057
2015-01-30,14.7106,30.3928,43.5539,123.45,48.4111,84.8286,99.4983,82.1371,92.7742,68.4328,16.54,164.3402,83.821,99.8492,54.3625
2015-02-02,14.9135,30.9381,44.0804,122.42,48.597,84.7226,100.4099,82.2136,93.5818,68.4111,16.47,166.3754,83.763,99.4722,54.2181
2015-02-03,15.3278,31.5222,44.7847,121.05,48.8717,84.0078,102.2072,81.5487,94.4811,68.3546,16.55,168.7814,83.3788,97.3668,54.6891
2015-02-04,14.9896,31.3664,44.4148,121.58,48.667,84.1461,101.8288,81.6618,94.3985,68.3627,16.63,168.1387,83.5528,97.5331,54.463
2015-02-05,15.1925,31.5534,45.0266,121.79,48.9525,83.8386,103.1446,81.4025,95.2152,68.3385,16.58,169.8361,83.1904,96.4623,55.1163
2015-02-06,15.2348,31.0159,44.4646,118.64,48.9902,82.9009,103.0328,80.5516,94.6371,68.1774,16.03,169.3664,82.5379,94.7547,53.5146
2015-02-09,15.387,30.9692,44.2511,119.17,48.8717,82.8626,102.2158,80.6048,94.3343,68.1693,16.32,168.6083,82.3929,94.6028,53.1377
2015-02-10,15.1925,30.8913,44.6567,118.47,49.0387,82.655,102.8694,80.3854,95.8025,68.1532,16.19,170.4046,82.1175,93.8504,53.3073
2015-02-11,15.0742,30.6654,44.4148,117.07,49.0226,82.6243,102.7232,80.4386,96.1512,68.1613,16.08,170.5034,81.9653,94.024,53.1503
2015-02-12,15.3024,31.3197,45.1049,117.34,49.0171,82.655,103.8927,80.6447,97.2707,68.1855,16.15,172.1431,81.8348,93.7129,53.7847
2015-02-13,15.4715,31.678,45.4037,117.98,49.0872,82.3783,104.5119,80.3256,98.1058,68.1855,16.54,172.8517,81.668,92.7506,53.4266
2015-02-17,15.48,31.6079,45.5104,116.01,49.0548,81.7942,104.8387,79.9533,98.1976,68.1532,15.83,173.1237,81.2548,91.3541,53.2948
2015-02-18,15.294,31.6001,45.7807,116.34,49.2219,82.1862,104.9505,80.2392,98.3352,68.2338,15.75,173.1401,81.5956,91.8968,53.791
2015-02-19,15.2432,31.4677,45.8376,115.94,49.1087,81.9787,104.9591,80.2258,98.8216,68.1936,15.7,173.0166,81.5303,91.289,52.6352
2015-02-20,15.1841,31.678,46.2645,115.28,49.2434,81.9325,105.2429,80.3455,99.4823,68.1855,15.54,174.0549,81.5375,91.5567,53.144
2015-02-23,15.0826,31.3587,46.1009,115.43,49.2811,82.3091,105.3461,80.6181,99.5832,68.2177,15.63,174.03,81.6898,92.6059,53.5711
2015-02-24,15.0911,31.8104,46.3854,115.26,49.3296,82.8548,105.4837,81.1432,99.6566,68.2741,15.56,174.5245,82.1827,93.8215,52.5159
2015-02-25,15.3193,31.7481,46.421,115.7,49.4912,82.9317,105.6041,81.2164,99.4088,68.2741,15.83,174.3761,82.3205,94.2266,52.5285
2015-02-26,15.1925,31.7559,46.293,116.07,49.4804,82.4398,105.9911,80.7776,99.9135,68.2096,15.84,174.1701,82.2625,92.9387,51.9569
2015-02-27,15.3616,31.7325,46.3143,116.16,49.4912,82.7319,105.4149,80.9704,99.4731,68.2338,15.87,173.5769,82.7409,93.7201,52.3652
2015-03-02,15.1418,31.6858,46.3854,115.68,49.4821,82.116,106.1802,80.2685,100.3724,68.1781,15.66,174.6728,82.0668,91.9744,52.6666
2015-03-03,15.2348,31.4443,46.1009,115.47,49.3414,81.939,105.5525,80.2219,99.9044,68.1621,15.58,173.9559,82.1827,91.641,52.5661
2015-03-04,15.0995,31.1016,45.9159,115.11,49.2494,82.0005,105.2257,80.1685,99.519,68.1781,15.49,173.2225,82.2625,91.6699,52.0637
2015-03-05,15.0403,31.0549,46.0226,115.0,49.3414,82.0468,105.5353,80.2752,99.6933,68.2024,15.53,173.4121,82.1175,91.554,52.2144
2015-03-06,14.8543,30.5798,45.3965,111.86,49.0276,81.2076,104.2023,79.422,98.5646,68.1299,15.19,170.9731,81.1679,89.5314,50.4809
2015-03-09,14.8121,30.4629,45.4677,111.97,48.9248,81.5848,104.6581,79.7419,98.8491,68.1621,15.1,171.6817,81.0446,90.3578,50.8828
2015-03-10,14.6176,29.7853,44.4788,111.42,48.7354,81.9313,103.4541,79.8686,97.0138,68.1781,15.02,168.8967,81.1389,91.5467,50.8451
2015-03-11,14.6937,30.0111,44.5926,110.75,48.8707,82.0776,104.0906,80.2752,96.454,68.1781,14.84,168.5012,81.2766,92.2137,50.8891
2015-03-12,14.6261,30.1981,45.1475,110.72,48.9681,82.1545,105.8191,80.1952,97.0872,68.1943,14.92,170.6436,81.0954,92.1484,51.7747
2015-03-13,14.3302,29.832,44.8843,110.88,48.8003,82.0313,105.4407,79.9686,96.6651,68.2024,14.9,169.5971,80.8344,91.8657,51.7433
2015-03-16,14.3133,30.1903,45.3894,110.81,48.7516,82.3161,106.0599,80.0486,97.9131,68.2104,14.99,171.863,80.9504,92.7501,52.2772
2015-03-17,14.2118,30.5408,45.2756,110.21,48.5082,82.4855,106.3437,80.1818,98.0691,68.1943,14.9,171.3522,81.0301,93.5186,52.2584
2015-03-18,14.6007,31.2885,46.2431,112.37,48.941,83.4324,107.195,81.1684,99.0326,68.3555,15.36,173.4121,82.2697,95.3237,53.3513
2015-03-19,14.3555,30.7589,45.7025,112.29,48.5515,83.0398,107.4014,80.7551,99.1794,68.2669,15.44,172.6211,82.219,94.838,53.3262
2015-03-20,14.55,31.2185,46.7127,113.57,48.9302,83.3785,108.3474,80.9817,99.8214,68.3152,16.0,174.1447,82.4654,95.3382,54.664
2015-03-23,14.7191,31.3119,46.9475,114.29,48.9681,83.4863,108.2528,81.1684,99.6283,68.3393,16.3,173.8055,82.4292,95.2223,54.5949
2015-03-24,14.6007,31.4365,46.8479,114.57,49.0438,83.7404,108.227,81.2883,99.2696,68.3636,16.28,172.8288,82.8279,96.1429,54.1301
2015-03-25,14.643,30.9381,46.6273,114.73,48.914,83.3785,105.6418,81.0218,96.9978,68.3475,16.24,170.2962,82.8061,95.331,53.1962
2015-03-26,14.8205,30.6499,46.2218,115.48,48.9086,82.909,105.5124,80.5218,96.6666,68.3152,16.3,169.8907,82.364,93.8448,52.9182
2015-03-27,14.5246,30.7355,46.3428,115.06,48.9464,83.2322,106.1853,80.8418,97.0529,68.3555,16.22,170.2797,82.4002,95.012,52.9877
2015-03-30,14.6007,31.3275,46.3712,113.75,49.0817,83.2246,107.6257,80.9817,98.1659,68.3475,15.98,172.3571,82.1537,94.5408,53.7459
2015-03-31,14.4316,31.2574,45.6527,113.66,49.0222,83.4401,107.2807,81.1284,97.1265,68.4039,15.93,170.8508,82.3422,94.7438,53.2721
2015-04-01,14.6937,31.6469,45.9799,115.6,49.1232,83.8372,107.3239,81.3617,96.6207,68.4337,16.23,170.2465,82.9801,95.9882,53.1962
2015-04-02,14.6176,32.122,46.3783,115.28,49.1613,83.5982,107.5223,81.228,96.685,68.4256,16.02,170.859,82.6757,94.9711,53.6006
2015-04-06,14.8036,32.5348,46.8479,116.69,49.2863,83.7061,107.9967,81.3349,97.476,68.482,16.27,172.0095,83.0018,94.4408,54.1567
2015-04-07,14.8797,32.3712,46.7838,116.11,49.5471,83.7755,107.3066,81.629,97.3105,68.4337,16.15,171.5542,83.1831,95.2327,53.2026
2015-04-08,14.5923,33.0489,46.983,115.47,49.5363,83.6984,108.2296,81.6023,98.0831,68.4337,15.81,172.1335,82.9801,95.2617,53.2847
2015-04-09,14.5923,33.376,47.0471,114.67,49.4873,83.3591,107.8414,81.1879,98.6993,68.4095,15.51,172.895,82.6829,94.0267,52.179
2015-04-10,14.7444,33.3994,47.1396,115.97,49.6015,83.336,108.359,81.3015,99.104,68.3934,15.77,173.8386,82.6032,94.1647,52.141
2015-04-13,14.6768,33.2047,46.8407,115.14,49.5091,83.5057,108.428,81.2748,98.8557,68.4337,15.6,173.0523,82.6249,94.2955,52.002
2015-04-14,14.7444,33.3527,47.1894,114.44,49.5308,83.7524,108.4021,81.4619,98.5706,68.4659,15.51,173.3833,82.8424,94.9639,52.1853
2015-04-15,15.0403,33.5863,47.4028,115.43,49.7265,83.7987,109.1612,81.5154,99.1868,68.4659,15.63,174.1613,83.0961,94.8839,51.7935
2015-04-16,15.201,33.8511,47.5308,115.03,49.6232,83.8603,109.1008,81.4686,99.0488,68.4982,15.57,174.1117,83.1904,94.4117,51.9262
2015-04-17,15.1671,33.2592,46.9332,115.6,49.471,84.03,107.3325,81.6892,97.5036,68.4659,15.56,172.1088,83.7195,95.4942,51.6861
2015-04-20,15.0995,33.228,46.983,114.72,49.5798,83.8758,108.3848,81.4953,98.966,68.4579,15.29,173.6813,83.4948,94.6515,51.7619
2015-04-21,14.9896,33.4227,47.4028,115.38,49.6124,83.6984,108.2727,81.4753,99.3892,68.4659,15.32,173.4744,83.1976,94.2229,51.8504
2015-04-22,15.0403,33.781,47.4953,113.83,49.5634,83.2126,108.4366,80.9473,99.9318,68.4095,15.11,174.3269,82.8134,92.7845,51.9578
2015-04-23,15.2263,34.0303,47.6731,114.66,49.5471,83.4671,108.9283,81.1545,100.3089,68.4417,15.21,174.7655,83.0236,93.184,52.0968
2015-04-24,15.2179,34.1549,47.9506,113.05,49.6287,83.7601,108.566,81.3082,101.6701,68.4659,15.06,175.1711,83.3788,93.7652,52.2042
2015-04-27,15.2179,34.2873,48.1854,115.33,49.6449,83.629,107.367,81.248,101.4126,68.4579,15.66,174.4427,83.3933,93.7652,52.1347
2015-04-28,15.2432,34.3419,48.2423,116.33,49.5689,83.2435,107.9622,80.7668,101.2103,68.4256,15.87,174.9972,82.9149,92.4721,52.0336
2015-04-29,15.3447,33.9135,47.8225,115.51,49.4765,82.9351,106.7891,80.0984,100.5756,68.4337,15.81,174.2772,82.7626,91.3388,50.9847
2015-04-30,15.4631,33.3994,47.3174,113.47,49.4493,82.9119,104.529,80.1653,98.9937,68.4256,15.43,172.5309,82.9004,91.4986,50.157
2015-05-01,15.4461,33.6019,47.8439,113.08,49.5596,82.4586,105.2105,79.7229,100.2997,68.3974,15.47,174.4013,82.5597,90.2669,50.5361
2015-05-04,15.4377,33.7966,47.7941,114.1,49.5486,82.2887,105.59,79.4682,100.4653,68.3974,15.7,174.8979,82.2407,89.4152,50.5867
2015-05-05,15.5645,33.4305,47.0826,114.42,49.4832,82.1498,104.2444,79.3342,98.8281,68.3812,15.81,172.895,82.2045,89.2915,49.4872
2015-05-06,15.5645,33.0177,47.2036,114.36,49.3358,81.7482,104.6067,78.9924,98.1475,68.3571,15.77,172.1833,81.5448,87.7628,49.3925
2015-05-07,15.3193,32.971,47.0471,113.42,49.3303,82.0957,105.0035,79.3074,98.7361,68.3329,15.6,172.8702,81.755,88.942,50.1507
2015-05-08,15.4039,33.3916,48.1356,113.97,49.7179,82.4123,105.7884,79.7631,99.9686,68.4296,15.76,175.1462,82.0957,89.1822,50.8521
2015-05-11,15.3362,33.0722,47.7158,113.53,49.4067,81.6015,105.8488,78.9589,99.5823,68.3651,15.57,174.3103,81.3491,87.013,50.0875
2015-05-12,15.4969,32.9632,47.6874,114.5,49.4013,81.6633,105.659,78.8449,99.1316,68.3732,15.81,173.7889,81.4288,87.2386,50.2391
2015-05-13,15.5138,33.0255,48.0431,116.55,49.3303,81.5551,105.659,78.7712,99.3339,68.4054,16.35,173.822,81.3056,86.5398,49.7589
2015-05-14,15.6068,33.3527,48.6193,117.18,49.5705,81.8331,106.7804,79.0393,100.7872,68.47,16.65,175.6345,81.4578,86.7727,50.7194
2015-05-15,15.5983,33.6097,48.6763,117.53,49.6797,82.42,106.6597,79.5888,100.7872,68.47,16.75,175.8249,82.0233,88.5126,51.2375
2015-05-18,15.5561,33.267,48.5126,117.52,49.5978,81.864,107.8673,78.979,101.2287,68.4296,16.89,176.3712,81.5883,87.0275,51.1048
2015-05-19,15.2263,33.3215,48.3277,115.89,49.5214,81.5011,107.7206,78.5567,101.1183,68.3893,16.38,176.3132,81.1969,86.2558,50.9279
2015-05-20,15.1925,33.2981,48.4201,116.08,49.4613,81.6787,107.919,78.6505,101.1827,68.4135,16.37,176.1891,81.4144,86.4014,50.8836
2015-05-21,15.3785,33.1813,48.6763,115.69,49.5323,82.1652,107.7983,79.0259,101.7069,68.4377,16.39,176.7022,81.726,87.6099,50.6435
2015-05-22,15.2094,33.2903,48.3632,115.6,49.5705,81.9799,107.3325,78.9723,101.6057,68.3893,16.34,176.2801,81.8638,87.6462,50.5804
2015-05-26,14.9135,32.7607,47.4953,113.91,49.4668,82.4895,106.306,79.3208,100.4376,68.3974,16.02,174.3848,81.929,89.1459,50.1949
2015-05-27,14.7106,32.7685,47.9577,113.89,49.576,82.4432,107.6085,79.4012,102.0564,68.4054,15.96,176.0401,81.8565,89.3497,50.6878
2015-05-28,14.7867,32.3401,47.8723,114.02,49.5541,82.5204,107.5136,79.2336,101.8265,68.4377,15.97,175.8414,81.8058,89.1314,50.5867
2015-05-29,14.9727,32.0285,47.4099,114.1,49.6251,82.5667,106.8667,79.2671,101.2194,68.4538,15.99,174.7489,82.0668,89.3278,50.0053
2015-06-01,14.9389,31.9039,47.2818,114.0,49.7084,82.2024,107.2031,78.8229,101.5598,68.4111,16.0,175.1048,81.5593,88.3678,50.6183
2015-06-02,15.1164,32.0285,47.5024,114.46,49.6152,81.6301,107.4101,78.4196,101.2378,68.403,16.07,174.931,81.2259,87.1349,50.1507
2015-06-03,14.922,31.8649,47.7656,113.64,49.3466,80.934,108.4797,77.9156,101.5414,68.3788,15.83,175.3945,80.7257,85.7342,49.4304
2015-06-04,14.7867,31.382,47.2534,112.84,49.1876,81.3285,107.3929,78.3189,100.7688,68.3869,15.48,173.9131,80.9504,86.8503,49.3356
2015-06-05,14.8543,31.2418,46.6913,112.24,49.0395,80.7407,108.1692,77.9223,100.5296,68.3223,15.39,173.6151,80.7257,85.7926,48.7859
2015-06-08,14.8628,31.234,46.6273,112.57,49.0395,80.8566,107.6689,77.8685,99.5087,68.3627,15.32,172.5475,80.8344,85.6977,48.6974
2015-06-09,15.0995,31.0471,46.3712,112.82,48.9573,80.5936,107.3411,77.519,99.3432,68.3304,15.29,172.5226,80.6532,85.0193,48.3436
2015-06-10,15.1587,31.4989,47.3459,113.78,49.0231,80.2843,108.6781,77.3107,100.7044,68.3142,15.32,174.5917,80.3632,84.2751,48.6848
2015-06-11,15.0234,31.3431,47.4739,113.26,49.1217,80.9185,108.9541,77.9962,100.8515,68.3304,15.33,175.1545,80.7619,86.0479,48.9817
2015-06-12,14.8712,31.3431,47.0969,113.23,48.9408,80.8722,108.6264,77.8618,100.0238,68.3142,15.25,173.8137,80.8054,86.0479,48.9375
2015-06-15,14.8036,30.9926,46.8123,113.73,48.7105,81.0654,108.2813,77.8484,99.5271,68.3465,15.4,173.0689,81.0664,86.1865,48.6721
2015-06-16,14.8459,31.0004,46.7981,113.32,48.9847,81.3749,109.049,78.0433,100.0698,68.3708,15.32,174.0124,81.5448,86.865,49.0639
2015-06-17,14.8882,31.1873,46.6913,113.85,48.9408,81.4212,108.8851,78.0365,100.3457,68.4192,15.45,174.2937,81.639,86.1938,49.4809
2015-06-18,14.8882,31.4755,47.1111,115.32,49.1217,81.3594,110.3429,77.8954,101.8081,68.4353,15.46,176.1063,81.4433,85.7706,50.1633
2015-06-19,14.7529,31.2029,46.9973,115.12,49.1492,81.7925,110.2912,78.3121,101.3047,68.4514,15.42,175.3245,81.6318,86.8723,49.7779
2015-06-22,14.8036,31.6546,47.8866,113.64,49.2479,81.1041,111.0503,77.6938,102.0514,68.403,15.49,176.2227,81.2693,85.0995,49.2661
2015-06-23,14.9812,31.9662,48.0146,112.89,49.2149,80.8566,111.2831,77.519,102.1344,68.3869,15.14,176.3475,81.0881,84.5888,48.8554
2015-06-24,14.8797,31.7403,47.602,112.59,49.0834,81.0964,110.3429,77.7341,101.609,68.4192,15.19,175.0667,81.2331,85.3183,48.59
2015-06-25,14.8966,31.6312,47.581,112.44,48.9353,80.8953,110.2826,77.6064,101.4062,68.403,15.17,174.5345,81.1461,85.0193,48.0971
2015-06-26,14.9642,31.3331,47.5593,112.56,48.7928,80.5086,109.9807,77.2502,100.7332,68.3627,15.11,174.5012,80.7836,84.0636,48.4431
2015-06-29,14.8966,30.6347,46.0979,113.07,48.4583,81.4445,107.2031,77.9223,98.3548,68.4756,15.03,170.8418,81.3781,86.2886,47.6899
2015-06-30,15.2179,31.0898,45.9316,112.37,48.6886,81.2202,107.7034,77.7745,98.7051,68.4756,15.03,171.1994,81.2259,85.6904,47.6708
2015-07-01,15.0319,31.0663,46.2282,111.98,48.6969,80.7956,108.0225,77.525,99.4887,68.4175,14.9,172.5717,80.9286,84.5338,48.4558
2015-07-02,15.0065,31.2154,46.286,111.76,48.8786,81.0823,107.2247,77.8216,99.5163,68.5225,14.95,172.4137,81.2838,84.8116,48.5771
2015-07-06,14.5162,30.3443,45.3528,112.06,48.7189,81.6555,107.1901,78.1317,99.2859,68.5386,14.99,171.923,81.6028,86.3835,48.8835
2015-07-07,14.4316,29.8892,45.3673,110.76,48.7574,81.8724,107.3114,78.4552,99.5348,68.5305,14.43,173.0042,81.871,87.1951,49.6494
2015-07-08,14.364,28.8613,44.311,111.09,48.5151,82.1978,105.6741,78.563,97.8016,68.6032,14.46,170.1016,81.9725,87.9482,49.4579
2015-07-09,14.5331,29.4184,45.0417,111.36,48.6252,81.6245,106.0553,78.0441,97.7463,68.5548,14.76,170.4093,81.4433,86.2154,49.2217
2015-07-10,14.6007,30.1639,46.5175,111.49,48.9061,81.0591,107.5279,77.5453,99.2398,68.4902,14.88,172.5551,81.0591,84.8481,49.6302
2015-07-13,14.6092,30.3679,46.6912,110.99,48.9502,80.8421,108.7407,77.3768,100.9821,68.4579,14.81,174.4596,80.7764,84.5849,49.7004
2015-07-14,14.5584,30.4228,47.0818,110.74,48.9007,81.0978,109.347,77.4441,101.6458,68.4902,14.69,175.2164,80.9069,84.8628,49.8025
2015-07-15,14.3893,30.0775,46.9082,110.16,48.9007,81.4076,108.7667,77.6464,101.7565,68.5144,14.43,175.1582,81.1316,85.7621,49.8855
2015-07-16,14.3217,30.4542,47.3133,109.76,48.9777,81.3766,109.4164,77.7676,103.1946,68.4821,14.35,176.5637,81.2331,86.3543,50.2876
2015-07-17,14.2456,30.415,47.2337,108.65,48.8456,81.3844,108.9399,77.8216,104.7157,68.4659,14.23,176.7134,81.2041,86.8003,50.1089
2015-07-20,14.0174,30.2188,47.3567,105.7,48.6198,81.2217,108.3509,77.6396,105.0752,68.4256,14.05,176.8049,80.9866,86.4347,50.1663
2015-07-21,14.0765,30.2266,47.2193,105.37,48.5316,81.4463,107.8398,77.8014,105.0107,68.4336,14.14,176.1063,81.1751,86.9026,50.0259
2015-07-22,13.8736,29.7951,46.8576,104.8,48.2177,81.5471,108.2383,77.9025,103.8215,68.4256,14.14,175.7902,81.2114,87.4437,50.2429
2015-07-23,13.7553,29.5047,46.7346,104.33,48.1902,81.8801,107.0428,78.1317,103.4343,68.4336,14.0,174.8006,81.3491,88.5331,49.6174
2015-07-24,13.6454,29.081,46.2209,105.35,48.0525,81.9576,105.319,78.098,102.4202,68.4498,14.02,172.9875,81.2621,88.7524,49.8281
2015-07-27,13.3833,28.5317,45.8809,104.86,47.8487,82.2287,104.4441,78.1047,101.5721,68.4982,13.92,171.9812,81.4288,89.2276,49.9174
2015-07-28,13.4932,28.822,46.4597,105.02,48.1076,81.9963,105.3363,78.0441,102.4479,68.4821,14.02,174.0936,81.2331,88.577,49.9493
2015-07-29,13.5355,29.1045,46.6261,105.17,48.3884,81.8801,105.6308,77.9767,102.8351,68.4659,14.15,175.2912,81.2259,88.2479,50.2748
2015-07-30,13.4847,28.8142,46.5899,104.27,48.5316,81.9731,105.934,78.0171,103.3237,68.4336,14.09,175.3328,81.3418,88.9279,50.0259
2015-07-31,13.2987,29.128,46.8648,104.93,48.449,82.4534,106.5144,78.4215,103.2038,68.5063,14.08,175.0667,81.6608,89.5859,50.4216
2015-08-03,13.0789,28.6415,46.7418,104.1,48.3583,82.7048,105.986,78.604,102.8812,68.5289,13.87,174.4762,81.5883,90.5289,50.7344
2015-08-04,13.155,28.7436,46.778,104.31,48.3859,82.2781,105.7348,78.2052,102.6876,68.424,13.92,174.1353,81.1316,89.8109,50.3642
2015-08-05,13.1043,28.7514,47.024,103.93,48.3196,81.96,105.9773,77.901,103.4804,68.432,13.95,174.7091,80.8779,89.1368,50.0323
2015-08-06,13.0958,28.5003,46.8286,104.39,48.1204,82.247,104.548,78.0497,101.821,68.4482,13.99,173.2787,81.0229,89.9281,50.1025
2015-08-07,13.0451,28.4846,46.7418,104.65,47.971,82.5729,103.8464,78.3201,101.6919,68.4159,14.11,172.9459,81.2476,91.1077,50.2876
2015-08-10,13.3241,28.9633,47.3133,105.72,48.1093,82.2315,105.0418,78.0092,102.8535,68.4159,14.54,175.125,81.1316,89.9794,50.128
2015-08-11,13.1466,28.3277,46.5899,106.26,47.888,82.7746,104.1409,78.3336,101.5352,68.5047,14.64,173.5447,81.465,91.4083,50.4599
2015-08-12,13.1043,27.8882,46.2571,107.75,47.8216,82.7435,103.9416,78.212,101.8856,68.5047,14.82,173.7527,81.2766,90.91,50.6195
2015-08-13,13.0451,27.8412,46.2282,106.86,47.7608,82.5263,103.5951,77.9416,101.7196,68.4482,14.71,173.5364,81.0591,90.6168,50.6769
2015-08-14,12.9606,27.8804,46.3005,106.85,47.7885,82.441,104.2622,78.0159,101.8763,68.4159,14.55,174.1685,80.9721,90.8293,50.9514
2015-08-17,12.9098,27.5743,46.2137,107.13,47.7885,82.5884,105.3623,78.266,102.7244,68.4562,14.63,175.1415,80.9649,91.2397,51.3854
2015-08-18,12.8422,27.2762,45.8664,107.11,47.7276,82.4565,104.522,77.9686,102.199,68.4482,14.22,174.6342,80.7691,90.5216,51.5258
2015-08-19,12.6985,26.9388,45.4613,108.55,47.6834,82.9608,103.4392,78.3471,101.526,68.5127,14.57,173.2536,81.0446,91.4156,51.2194
2015-08-20,12.7323,26.515,44.3617,110.44,47.451,83.1857,100.8231,78.3944,98.7143,68.4886,14.78,169.6359,81.2693,92.3388,50.8429
2015-08-21,12.5209,25.6989,43.3488,111.13,47.2795,83.5194,99.645,78.4147,94.3999,68.5613,14.61,164.5294,81.2983,92.6172,49.8983
2015-08-24,12.2081,24.5768,41.8513,110.53,46.8922,83.6591,95.7555,78.1985,90.7677,68.5936,14.13,157.6016,81.0156,92.5879,47.5623
2015-08-25,12.2588,24.8907,42.2492,109.16,46.9863,83.2013,95.0192,77.7997,90.4266,68.5613,13.99,155.7469,80.8199,91.1004,46.2539
2015-08-26,12.1828,25.7146,43.2476,107.67,47.3791,82.6892,97.4361,77.7523,94.9807,68.5208,13.56,161.7267,80.3342,89.3419,47.5049
2015-08-27,12.6224,26.8524,43.7757,107.73,47.7332,82.6427,99.1772,77.8267,97.3868,68.5289,13.8,165.727,80.7257,89.3932,48.4239
2015-08-28,12.9521,26.5072,43.7106,108.7,47.7774,82.6582,100.1561,77.9686,97.3683,68.4966,13.92,165.7353,80.9577,89.657,48.3537
2015-08-31,13.2649,26.5542,43.385,108.82,47.711,82.5186,99.7923,77.7726,96.1607,68.4724,13.99,164.3964,80.8852,88.9682,47.2495
2015-09-01,12.8253,25.5263,41.9309,109.2,47.5571,82.8892,96.9337,78.2437,93.1554,68.4966,13.94,159.4895,80.7383,89.6093,46.3496
2015-09-02,12.9352,25.8951,42.5531,108.62,47.7516,82.6639,98.6748,78.1285,95.7827,68.5128,14.02,162.5167,80.4839,88.8382,46.8283
2015-09-03,13.0197,25.9971,42.6543,107.84,47.8182,82.866,98.5189,78.5013,95.3125,68.5128,14.02,162.6332,80.4912,89.2715,46.9559
2015-09-04,12.8591,25.2202,41.6777,107.49,47.7683,83.1224,97.7739,78.6776,94.1787,68.5209,13.92,160.1715,80.622,90.0866,46.0815
2015-09-08,12.9521,26.0206,42.9003,107.52,48.0294,82.7571,100.0089,78.3115,96.8337,68.4966,14.12,164.1968,80.2585,88.7575,46.7772
2015-09-09,12.783,25.8872,42.7267,106.13,47.9683,82.7882,98.8567,78.481,95.7459,68.4804,13.93,162.0012,80.4403,89.1834,46.2411
2015-09-10,12.8929,26.154,43.0088,106.38,48.085,82.6017,99.3072,78.3251,96.7876,68.5047,13.99,162.8827,80.4621,88.5812,46.3432
2015-09-11,12.876,26.256,43.0016,106.16,48.0683,82.8193,99.775,78.3793,97.3223,68.5289,13.95,163.623,80.6874,89.1393,47.2304
2015-09-14,12.7154,26.2168,42.676,106.22,47.985,82.897,99.3158,78.3726,97.0273,68.5128,13.79,163.0158,80.5348,89.2789,47.2559
2015-09-15,12.7577,26.4679,42.9654,105.9,47.9739,82.2443,100.4333,77.7828,98.1704,68.4159,13.77,165.0534,79.9896,87.5678,47.7218
2015-09-16,12.969,27.1114,43.6238,107.31,47.8016,82.2209,101.2996,77.9251,98.7235,68.4077,14.22,166.4838,79.9678,87.2374,48.2324
2015-09-17,12.8845,27.0486,43.6455,108.41,47.8405,82.9048,101.6461,78.5692,98.7604,68.5613,14.42,166.1096,80.5929,88.3022,48.7813
2015-09-18,12.69,26.5464,42.5531,109.21,47.7071,83.2933,100.2427,78.8064,97.3557,68.5936,14.47,163.3951,80.8474,89.6607,48.6984
2015-09-21,12.8337,26.4993,42.5314,108.53,47.6182,82.8193,100.0608,78.4064,97.6607,68.5532,14.49,164.2395,80.3385,88.1994,49.1132
2015-09-22,12.7577,26.005,41.5185,107.79,47.2736,83.2311,98.5449,78.7455,96.2006,68.5936,14.14,162.1077,80.5348,89.4257,48.4941
2015-09-23,12.6562,25.5891,41.3232,108.22,47.1903,83.1379,98.2504,78.6979,96.2745,68.5694,14.12,161.8485,80.4766,89.4183,48.7984
2015-09-24,12.7323,25.4792,41.2074,110.49,46.9569,83.2623,98.0858,78.7115,95.9233,68.6098,14.43,161.2633,80.4839,90.0278,48.3407
2015-09-25,12.8084,25.4243,41.5692,109.81,46.718,83.0447,96.7948,78.4743,95.1101,68.5774,14.4,161.2215,80.055,89.2494,48.5341
2015-09-28,12.6308,24.8828,40.7517,108.42,46.0011,83.5187,94.0844,78.6098,92.4025,68.6259,13.94,157.1753,80.0768,90.7769,47.7799
2015-09-29,12.7154,25.0005,40.6938,107.98,45.9955,83.8061,93.4154,78.7115,91.9219,68.6582,13.97,157.2673,80.3022,91.0338,48.2891
2015-09-30,12.8084,25.7225,41.4679,106.86,46.2845,83.8217,94.8662,78.6979,94.0382,68.6744,13.87,160.2016,80.4621,90.7181,48.6953
2015-10-01,12.7238,25.8637,41.5981,106.73,45.9875,83.8871,94.7012,78.6803,94.4632,68.6744,13.9,160.6196,80.7545,91.1051,48.9338
2015-10-02,12.8084,26.5542,42.3071,108.99,46.0321,84.2918,96.1085,79.027,96.1174,68.7714,14.55,163.0189,81.2199,91.657,49.2883
2015-10-05,12.9775,27.1271,43.1463,108.77,46.5849,83.8248,98.402,78.8162,97.4943,68.7229,14.89,165.9198,80.9727,90.4135,50.1199
2015-10-06,13.2311,27.08,43.1969,109.86,46.8418,83.996,97.7244,78.9726,97.0323,68.7148,15.07,165.3514,81.2054,90.8035,50.0039
2015-10-07,13.2057,27.8019,43.7395,109.7,47.3219,83.7859,99.4532,79.2513,97.6145,68.6987,15.29,166.7057,81.1909,90.5018,50.5776
2015-10-08,13.2649,28.1001,44.0868,109.14,47.5174,83.568,100.348,78.9386,98.0026,68.6825,14.99,168.2105,81.1617,89.7439,51.003
2015-10-09,13.3241,28.2021,44.1663,110.87,47.523,83.6146,100.5478,78.9726,98.4462,68.6825,15.12,168.3108,80.9363,89.9793,50.9192
2015-10-12,13.1127,27.9902,44.0795,111.31,47.4336,83.8949,100.4001,79.2921,98.6865,68.6663,15.13,168.4697,81.0817,90.6636,51.2802
2015-10-13,13.0282,27.5351,43.5225,111.86,47.3219,83.9727,99.0275,79.2309,98.0488,68.6906,15.16,167.4079,81.0381,90.8182,50.8806
2015-10-14,13.062,27.747,43.6093,113.81,47.2885,84.4319,98.0545,79.5437,97.8917,68.7876,15.42,166.6054,81.3145,91.6129,50.5002
2015-10-15,13.0282,28.4218,44.3544,113.29,47.4001,84.1439,100.4001,79.5097,99.4997,68.7472,15.39,169.1635,81.1617,91.164,51.19
2015-10-16,13.0366,28.4454,44.3183,112.49,47.6179,84.0739,100.2698,79.5369,99.9156,68.7148,15.28,169.9326,80.9436,91.1935,51.5767
2015-10-19,12.7999,28.155,44.1663,112.02,47.7463,84.035,100.4609,79.5301,100.4885,68.7391,15.11,170.0162,80.8054,90.9432,52.2987
2015-10-20,12.8253,28.1472,43.9855,112.73,47.791,83.747,100.3219,79.3805,99.971,68.6987,15.19,169.7989,80.7108,90.384,52.2794
2015-10-21,12.7154,27.7391,43.9638,111.73,47.7407,84.035,98.7929,79.7749,99.3611,68.7229,14.99,168.7455,80.7617,91.2818,52.086
2015-10-22,12.7577,28.312,44.4557,111.69,47.7575,84.1206,99.6617,79.9448,101.3849,68.7472,15.11,171.5962,81.0381,91.4363,52.5437
2015-10-23,12.6816,28.4767,44.897,111.5,47.925,83.6459,100.6433,79.6525,104.2219,68.6906,15.12,173.4772,80.9218,90.6563,52.0344
2015-10-26,12.6477,28.2178,44.7306,111.43,47.8748,83.8637,99.957,79.7952,104.2866,68.6906,15.11,173.0508,80.8999,91.2596,52.0215
2015-10-27,12.5886,27.8961,44.34,111.68,47.7184,84.0739,98.8624,79.8156,104.4992,68.7148,15.13,172.7165,81.0817,91.4878,52.0022
2015-10-28,12.7999,27.5743,44.6293,110.78,47.8468,83.638,101.7466,79.5029,105.3678,68.6259,15.26,174.681,80.6745,91.1199,52.0473
2015-10-29,12.7238,27.3154,44.3038,109.72,47.724,83.1244,100.6607,78.9454,105.2015,68.5774,14.88,174.5807,80.4563,89.6702,51.9764
2015-10-30,12.8507,27.3625,44.2098,109.3,47.7798,83.2878,100.2003,79.1494,104.7302,68.5774,14.8,173.8284,80.7035,90.3472,51.4994
2015-11-02,12.783,27.9039,44.6293,108.59,47.9279,83.0485,102.2852,78.8092,105.9131,68.5377,14.72,175.8849,80.6672,89.9321,52.5953
2015-11-03,13.0113,28.2727,44.6149,106.98,47.9784,82.8303,102.8152,78.8159,106.2827,68.5297,14.58,176.3949,80.529,89.1946,52.0667
2015-11-04,12.7915,28.0452,44.3689,105.97,47.8382,82.7446,102.7631,78.7274,106.2919,68.4569,14.38,175.8598,80.4199,89.2978,51.8346
2015-11-05,12.69,28.0922,44.2893,105.64,47.653,82.69,102.8412,78.7478,106.0055,68.4569,14.3,175.6842,80.1653,89.0619,52.0409
2015-11-06,12.6139,27.6999,44.0868,104.1,47.4231,82.1288,103.571,78.2364,106.0794,68.3922,14.08,175.5923,79.8308,87.7566,50.4229
2015-11-09,12.504,27.0094,43.631,104.4,47.2267,81.9885,102.3547,78.1069,104.952,68.376,13.89,173.9538,79.8017,87.2625,49.5591
2015-11-10,12.4787,26.8917,43.6021,104.18,47.1202,82.1444,102.6588,78.3046,104.684,68.4084,13.76,174.355,79.7726,87.5206,50.1263
2015-11-11,12.3518,26.9466,43.8263,103.83,47.008,82.1054,101.764,78.2978,104.5546,68.3922,13.64,173.6695,79.7653,87.3362,50.1843
2015-11-12,12.1743,26.6876,43.2548,103.85,46.6938,82.1522,99.818,78.2705,103.5381,68.4164,13.64,171.2451,79.7653,87.7566,49.8427
2015-11-13,12.0813,26.3188,42.8931,103.56,46.5592,82.464,99.097,78.5023,101.505,68.4731,13.59,169.3223,79.8744,88.258,49.2754
2015-11-16,12.1405,26.8289,43.4357,103.71,46.778,82.5731,99.9484,78.516,102.9651,68.4731,13.6,171.8972,79.8308,88.1769,49.8427
2015-11-17,11.9545,26.7504,43.5514,102.34,46.8116,82.5497,99.5661,78.5978,103.0298,68.4488,13.55,171.7718,79.9762,88.3244,49.8427
2015-11-18,12.0052,27.0407,43.9493,102.43,46.9014,82.5107,101.2514,78.6182,105.0074,68.4245,13.52,174.4971,80.0926,88.5088,50.281
2015-11-19,12.0052,27.284,44.1736,103.56,46.4807,82.69,100.8258,78.85,105.0814,68.4084,13.62,174.3467,80.3763,89.0988,50.4358
2015-11-20,11.9883,27.5586,44.0723,103.09,46.4694,82.5809,101.4773,78.8364,105.7929,68.4084,13.5,174.982,80.4417,88.8259,51.0675
2015-11-23,12.0813,27.2997,43.7974,102.26,46.4302,82.69,101.9812,78.8637,105.488,68.4002,13.45,174.7814,80.5363,89.0988,51.1771
2015-11-24,12.2758,27.4409,43.8046,102.94,46.4919,82.7679,102.7283,78.891,105.3956,68.4002,13.51,175.0154,80.6236,89.0913,50.9063
2015-11-25,12.2588,27.2291,43.9059,102.46,46.5423,82.8147,103.5275,78.966,105.488,68.4084,13.52,174.9904,80.5799,89.2978,51.1126
2015-11-27,12.0728,26.6327,43.9131,101.25,46.6153,82.9004,103.9185,78.9933,105.6358,68.4245,13.46,175.191,80.6236,89.2093,51.5574
2015-11-30,11.9968,26.6719,43.877,101.92,46.5872,82.9316,103.4667,79.0273,105.3678,68.4002,13.44,174.4637,80.5872,89.5633,51.1771
2015-12-01,12.132,26.876,44.34,102.28,46.9187,83.3727,104.1531,79.6215,106.4213,68.4416,13.51,176.1273,80.8854,90.7731,51.8861
2015-12-02,11.8784,26.5542,43.8697,100.69,46.8229,83.1385,103.0324,79.43,105.7652,68.3849,13.37,174.3299,80.609,90.8026,50.829
2015-12-03,12.0137,26.4051,43.6599,101.76,46.6988,82.2642,101.2949,78.3771,103.9724,68.3849,13.46,171.8888,80.1071,88.3344,50.0296
2015-12-04,11.9968,26.5856,44.0144,104.02,46.5918,82.5686,102.32,78.801,106.4028,68.4011,13.87,175.2412,80.3108,89.1103,50.9837
2015-12-07,11.6501,26.1462,43.7323,102.67,46.2648,82.834,100.7823,78.9378,105.9223,68.393,13.62,174.1795,80.2817,89.975,50.8418
2015-12-08,11.5909,25.8559,43.0884,102.84,45.6899,82.8809,100.2263,78.8352,105.9315,68.3849,13.51,173.0091,80.3036,90.0193,50.7967
2015-12-09,11.5994,25.644,42.8931,102.64,45.9266,83.0058,99.1057,78.8147,104.3236,68.4092,13.49,171.6631,80.1508,89.9232,50.5131
2015-12-10,11.5571,25.4714,42.9003,102.55,45.735,82.8262,99.4358,78.6301,104.7949,68.3687,13.45,172.1062,79.9762,90.0415,50.1521
2015-12-11,11.4388,24.7573,42.0828,103.11,44.8219,83.4898,97.2205,78.7668,102.3829,68.4496,13.3,168.7706,80.2381,91.4604,50.0619
2015-12-14,11.3627,25.1575,42.1479,101.79,44.4329,82.8731,96.5255,78.1856,103.1592,68.3687,13.06,169.6233,79.6635,90.2779,50.2939
2015-12-15,11.3373,25.542,42.3577,101.52,45.1601,82.6623,97.9155,78.1925,103.7876,68.3606,13.11,171.4039,79.6198,89.7459,50.8418
2015-12-16,11.2866,26.0442,43.2114,102.75,45.5039,82.4437,99.4098,78.1788,105.3309,68.3039,13.49,173.9119,79.3871,89.5537,51.8346
2015-12-17,11.1682,25.7068,42.6616,100.5,44.9966,82.7872,98.3499,78.2677,103.7968,68.3039,13.08,171.2618,79.6635,90.5662,51.5767
2015-12-18,11.219,25.6204,42.213,102.04,44.8275,83.0838,96.847,78.2677,101.8057,68.393,13.43,168.2108,79.8816,91.0687,50.9773
2015-12-21,11.1682,25.8205,42.4086,103.15,44.6866,83.1229,97.5767,78.3223,102.9366,68.3849,13.59,169.5984,79.7362,91.0465,51.1771
2015-12-22,11.1175,26.0277,42.7297,102.61,45.2277,82.8887,98.4715,78.2198,103.6133,68.3687,13.59,171.1374,79.6271,90.3888,51.3833
2015-12-23,11.3204,26.3943,43.4449,102.31,45.5151,82.7013,99.7138,78.2882,104.3827,68.3445,13.62,173.2566,79.6998,89.7089,51.9115
2015-12-24,11.3204,26.2986,43.372,103.05,45.6081,82.853,99.9022,78.5433,104.3641,68.3712,13.69,172.9707,79.8381,90.2228,51.9115
2015-12-28,11.1598,26.1153,43.2698,102.27,45.3361,82.8686,99.4398,78.4473,104.3085,68.3307,13.29,172.5755,79.8598,90.4895,52.1991
2015-12-29,11.3458,26.1392,43.7004,102.2,45.5967,82.4308,100.513,78.0427,105.9492,68.3145,13.27,174.4171,79.5544,88.9861,52.7547
2015-12-30,11.2359,25.7328,43.4376,101.42,45.6307,82.4621,99.5009,78.0427,104.9944,68.3307,13.21,173.1809,79.6417,88.8973,52.5716
2015-12-31,11.295,25.6531,42.8538,101.46,45.6591,82.5559,98.262,78.173,103.6875,68.2983,13.19,171.4485,79.7726,89.2971,52.1141
2016-01-04,11.2105,24.9518,42.197,102.89,45.3871,82.9077,95.9847,78.1319,101.4999,68.3873,13.19,169.0518,80.0853,89.9414,51.4866
2016-01-05,11.1006,25.0076,42.1313,103.18,45.4721,82.8843,96.1941,78.173,101.3237,68.3469,13.31,169.3377,80.0344,89.5785,52.4802
2016-01-06,10.9231,24.5295,41.438,104.67,45.4721,83.3847,94.7283,78.4815,100.3505,68.3873,13.36,167.2017,80.289,90.7857,52.3363
2016-01-07,10.8723,23.7724,40.5768,106.15,45.1775,83.5645,92.198,78.5433,97.2081,68.4116,13.62,163.1902,80.2236,90.9486,51.3167
2016-01-08,10.8216,23.5173,40.0879,105.68,45.0585,83.7756,90.61,78.605,96.411,68.4602,13.3,161.399,80.289,91.3559,50.6304
2016-01-11,10.5257,23.5094,40.2557,104.74,44.9905,83.5098,90.2174,78.3513,96.7076,68.4845,13.22,161.5587,79.8671,90.3562,50.918
2016-01-12,10.4581,23.5572,40.4455,104.21,45.0358,83.885,90.4879,78.5296,97.8292,68.4926,13.17,162.8622,80.0853,91.6595,50.5781
2016-01-13,10.3989,23.3101,39.8178,104.72,44.5371,84.2135,87.5824,78.7695,94.4551,68.5331,13.49,158.8004,80.2526,92.563,49.8525
2016-01-14,10.4242,23.613,40.3287,103.02,44.7355,84.0414,88.7952,78.3787,96.4666,68.5493,13.19,161.4073,80.1799,91.6966,49.7349
2016-01-15,10.2044,22.6806,38.8691,104.08,44.1462,84.4324,87.3556,78.2622,93.4726,68.6059,13.24,157.9425,80.1799,93.1259,49.395
2016-01-19,10.1199,23.0153,39.2267,103.98,43.9932,84.3229,86.1777,77.9125,93.6765,68.5979,13.36,158.1528,80.0999,92.8371,49.6564
2016-01-20,10.0438,22.5132,38.3363,105.37,43.6985,84.7373,86.5354,78.029,93.3891,68.6464,13.48,156.126,80.1435,93.8146,48.323
2016-01-21,10.1791,22.6009,38.621,105.49,43.9932,84.5262,86.3347,77.8028,93.4818,68.6383,13.46,157.0006,79.8525,93.1777,48.591
2016-01-22,10.4834,23.3739,39.7595,105.0,44.6675,84.3385,88.4462,77.8507,96.1885,68.614,13.38,160.2215,79.969,92.8222,49.9441
2016-01-25,10.2552,22.9754,39.2267,106.08,44.2255,84.62,86.4831,77.7685,94.761,68.614,13.58,157.7996,80.1217,93.3258,49.6303
2016-01-26,10.4581,23.3101,39.9273,107.29,44.6222,84.6826,88.2106,77.9879,95.6138,68.6464,13.82,159.9525,80.3254,93.3703,50.6696
2016-01-27,10.5849,23.2305,39.6719,107.69,44.5541,84.7451,86.9978,77.7753,93.2316,68.6626,13.81,158.2117,80.529,93.348,49.6891
2016-01-28,10.7032,23.597,39.7887,106.54,44.7808,84.8545,86.9804,77.8645,94.5478,68.6626,13.57,159.0358,80.6962,93.4814,49.31
2016-01-29,10.8047,24.3621,40.4893,106.95,44.9281,85.308,89.8335,78.269,96.5222,68.7436,13.59,162.9127,81.0236,94.2738,50.3232
2016-02-01,10.6018,24.131,40.4455,108.05,44.6611,85.1115,89.4234,78.0193,96.7817,68.7071,13.67,162.8538,80.8781,93.9851,50.4081
2016-02-02,10.4158,23.35,39.504,108.09,44.3422,85.7144,87.4952,78.1638,94.6868,68.7962,13.62,159.9189,81.1254,95.7288,49.9506
2016-02-03,10.6779,24.0114,39.8324,109.25,44.5586,85.6204,87.6086,77.9712,94.2327,68.8124,13.95,160.8776,81.2272,94.9348,50.2839
2016-02-04,10.661,24.1947,39.8835,110.57,44.4162,85.8241,87.9489,78.0056,94.2234,68.8286,14.17,161.1299,81.2418,95.3949,50.3101
2016-02-05,10.5933,23.9158,39.2705,112.32,44.0746,85.9336,85.5408,77.9919,90.9513,68.8124,14.34,158.0603,81.0163,95.5061,49.3558
2016-02-08,10.5426,23.5891,38.5407,113.83,43.5621,86.5757,84.136,78.3976,89.5609,68.8934,14.59,155.9326,81.0745,97.5614,47.9439
2016-02-09,10.2721,23.2623,38.0955,113.58,43.3969,86.5913,83.5689,78.1294,89.2828,68.8691,14.51,155.941,80.8927,97.6653,47.0615
2016-02-10,10.289,23.358,38.0517,114.46,43.3343,86.8497,83.6125,78.2257,89.6258,68.8691,14.55,155.8065,81.1909,98.526,47.3883
2016-02-11,10.4158,22.9675,37.4971,119.06,43.0439,87.2491,82.7051,78.487,89.496,68.934,14.95,153.7798,81.4745,99.216,46.7151
2016-02-12,10.568,23.3659,38.1539,118.36,43.6873,86.5835,84.2757,78.0469,90.8586,68.8529,14.99,156.9502,81.169,97.5689,47.2511
2016-02-16,10.4496,23.8839,38.9275,114.77,43.7272,86.3252,86.2737,77.6755,92.9072,68.8124,14.51,159.5992,80.8345,96.5375,48.1204
2016-02-17,10.6694,24.3541,39.5989,115.48,44.0859,86.1137,87.626,77.6549,95.0113,68.8286,14.54,162.2063,80.6962,95.9439,48.5322
2016-02-18,10.6102,24.2107,39.3946,118.29,44.1258,86.513,87.2072,78.2876,93.9268,68.8854,14.76,161.5419,80.9218,97.1236,49.0224
2016-02-19,10.5172,24.0991,39.3508,117.58,44.2112,86.513,87.6435,78.2326,94.2048,68.8205,14.64,161.4662,80.9872,97.2053,49.3035
2016-02-22,10.6779,24.6968,39.796,115.49,44.5927,86.427,88.6207,78.3907,95.7343,68.8286,14.43,163.8041,81.1836,97.1533,49.7741
2016-02-23,10.5342,24.1708,39.1464,117.22,44.5016,86.5992,87.8093,78.5489,94.1585,68.8368,14.54,161.7353,81.4309,97.5466,49.6434
2016-02-24,10.6694,24.115,39.0078,117.61,44.5756,86.5992,88.6556,78.6246,95.0577,68.8529,14.52,162.4754,81.6127,97.3537,49.5846
2016-02-25,10.661,24.1947,39.4748,117.92,44.8148,86.8576,89.4671,79.0647,95.9939,68.8691,14.41,164.4432,81.9473,97.7023,50.5977
2016-02-26,10.6441,23.9557,39.3727,117.11,45.1166,86.4348,90.0342,79.0372,95.8733,68.78,14.02,164.0648,81.7363,96.76,50.3362
2016-02-29,10.7793,24.1629,39.1391,118.64,45.6006,86.5757,89.6328,79.0922,95.0113,68.8205,14.2,162.7781,82.0128,97.183,50.1401
2016-03-01,10.7878,25.0235,40.1609,117.77,46.3213,85.899,91.5611,78.6611,98.0609,68.729,14.17,166.6045,81.7872,95.4717,51.552
2016-03-02,10.847,25.3583,40.4382,118.68,46.0065,85.75,92.5034,78.8198,98.098,68.7209,14.25,167.353,81.9618,95.8657,51.9246
2016-03-03,10.9061,25.6451,40.8323,120.73,46.1611,85.852,93.4719,79.1922,97.9126,68.7451,14.5,168.009,82.1291,96.2151,52.1991
2016-03-04,11.1175,26.1552,41.1315,120.54,46.2927,85.5619,93.9867,79.1784,97.9497,68.6965,14.76,168.5556,81.8745,95.5981,52.2056
2016-03-07,11.3204,26.1153,41.0804,121.14,46.3499,85.3893,95.0075,79.2681,97.3472,68.6479,14.9,168.6901,81.5473,95.5684,52.3429
2016-03-08,11.1682,25.6691,40.679,120.58,46.0237,85.8833,92.7128,79.6888,96.5407,68.6965,14.62,166.8484,81.86,96.624,51.8069
2016-03-09,11.3373,25.8284,40.8323,119.58,46.1381,85.5461,93.1839,79.5991,97.1618,68.6722,14.53,167.6725,81.8091,96.0367,52.0945
2016-03-10,11.3204,25.8683,40.7666,121.5,46.4587,85.2404,92.4248,79.9302,97.0135,68.6641,14.82,167.8072,81.5254,95.6427,51.905
2016-03-11,11.3627,26.4102,41.8321,119.41,47.0197,84.9973,94.4054,80.1578,98.7098,68.5993,14.72,170.5151,81.4963,94.6763,53.0684
2016-03-14,11.2612,26.2508,41.7445,117.87,46.8881,85.06,94.1611,80.3923,98.8766,68.5993,14.58,170.2964,81.4018,94.9737,53.075
2016-03-15,11.1682,25.8763,41.3504,117.96,46.453,85.0443,92.6953,80.3647,98.8395,68.6236,14.54,170.0189,81.2418,95.0629,53.1011
2016-03-16,11.3627,26.3943,41.7153,120.59,46.7621,85.4913,93.3497,80.751,99.7201,68.7613,14.87,171.0028,82.1073,95.3454,53.7417
2016-03-17,11.4895,26.976,42.0364,120.13,47.0598,85.5854,94.7806,80.9992,99.6645,68.7533,15.16,172.0877,82.2891,95.7394,54.4999
2016-03-18,11.481,27.1195,41.9634,119.8,47.1686,85.7343,95.6357,81.1854,99.8207,68.7694,15.03,172.7639,82.5655,95.9401,54.2646
2016-03-21,11.5149,27.1752,41.8978,118.96,47.117,85.4913,95.4088,81.0889,100.2112,68.7613,15.06,173.0091,82.5873,95.2041,53.7748
2016-03-22,11.5994,27.1115,41.8248,119.31,46.9911,85.3109,95.2954,80.9371,100.518,68.7209,15.12,172.9161,82.3764,95.1818,53.7748
2016-03-23,11.3542,26.6493,41.4015,116.61,46.7736,85.703,93.5338,81.3441,99.6906,68.7613,14.51,171.7748,82.4637,96.2597,53.484
2016-03-24,11.2866,26.5855,41.1242,116.33,46.5675,85.6167,93.8138,81.3096,99.7184,68.729,14.43,171.6988,82.2746,96.2969,53.5038
2016-03-28,11.3204,26.6732,41.3723,116.6,46.3557,85.7422,93.9276,81.3579,99.579,68.7451,14.46,171.8003,82.3764,96.4233,53.9863
2016-03-29,11.295,27.0398,41.8175,118.76,46.5331,86.3224,96.5355,81.7234,101.1781,68.8748,14.6,173.3894,83.2419,97.4342,55.1562
2016-03-30,11.2528,27.3187,42.1313,117.1,46.6991,86.2049,96.5442,81.6269,101.6708,68.8829,14.49,174.1503,83.2928,96.4084,55.0504
2016-03-31,11.2359,27.2948,41.7153,117.64,46.7621,86.5184,96.8155,81.951,101.522,68.9153,14.68,173.7276,83.3801,97.0923,55.3875
2016-04-01,11.0414,27.2151,41.2701,116.93,46.7961,86.4933,97.2443,82.2152,102.6005,68.8756,14.34,174.911,83.4456,97.3456,55.3148
2016-04-04,10.8892,26.8884,41.1826,116.15,46.681,86.5954,96.4305,82.2222,102.21,68.9243,14.2,174.3446,83.5474,97.4052,55.2355
2016-04-05,10.8639,26.3624,40.3725,117.66,46.5085,86.9409,95.3365,82.4849,101.2246,68.9486,14.42,172.6033,83.6347,98.4704,54.872
2016-04-06,10.9822,26.6812,41.0293,116.94,46.8996,86.7525,96.4129,82.4158,102.8887,68.9243,14.34,174.4883,83.4165,97.7553,55.0042
2016-04-07,10.9484,26.1472,40.4309,118.61,46.6695,87.2001,95.109,82.6371,101.4105,68.9648,14.48,172.4004,83.7074,98.9621,54.6605
2016-04-08,11.2105,26.6015,41.2045,118.43,46.8823,87.0666,95.4853,82.4504,101.3361,68.9648,14.62,172.8654,83.5401,98.3363,54.9645
2016-04-11,11.295,26.9441,41.2264,120.03,46.9456,87.0509,95.1878,82.4435,100.9642,68.9567,15.14,172.4596,83.3292,98.2097,54.8521
2016-04-12,11.5402,27.3586,41.8394,120.05,47.2216,86.7054,96.2116,82.1184,101.8102,68.9405,15.41,174.0657,82.9801,97.5318,55.2487
2016-04-13,11.5994,27.8447,42.5035,118.77,47.5322,86.7682,98.2857,82.402,103.1118,68.9081,15.44,175.8239,83.0528,97.8745,55.0042
2016-04-14,11.5064,27.7092,42.6422,117.11,47.5149,86.564,98.1632,82.3466,103.1211,68.9081,15.34,175.8324,82.8564,97.4052,54.7001
2016-04-15,11.4641,27.5498,42.5473,117.92,47.4402,86.8231,98.4082,82.6925,102.8608,68.9567,15.46,175.638,83.1547,98.2395,55.1099
2016-04-18,11.5149,27.6773,42.9122,117.74,47.7105,86.7368,99.1521,82.7824,103.4093,68.9486,15.42,176.872,83.1401,97.8149,55.3743
2016-04-19,11.76,28.0997,43.6566,119.58,47.9117,86.5954,99.2309,82.9345,102.7771,68.9243,16.12,177.43,83.2855,97.5095,55.4007
2016-04-20,11.9883,27.9722,43.6931,118.97,48.0038,86.1557,99.3796,82.7063,102.8608,68.8756,16.14,177.5991,82.9364,96.4367,54.4622
2016-04-21,11.9376,27.6933,43.4304,119.42,47.8542,86.0143,98.8808,82.6717,102.8701,68.8594,16.21,176.6438,82.8346,95.8632,53.4906
2016-04-22,11.8869,27.5259,43.4522,117.89,47.9635,85.9201,99.8609,82.7616,101.3175,68.8594,16.14,176.6438,82.7837,95.6174,54.0722
2016-04-25,11.8784,27.3506,43.2333,118.23,47.7794,85.8258,99.1521,82.568,101.3175,68.8432,16.17,176.3396,82.6891,95.2226,54.5217
2016-04-26,12.0306,27.6454,43.3866,118.7,47.9405,85.6452,100.1235,82.5334,100.8248,68.827,16.29,176.6016,82.6528,94.7905,54.7332
2016-04-27,12.1405,27.8128,43.4157,119.04,48.2223,86.1164,100.4736,83.059,100.0159,68.8756,16.38,176.9651,83.1547,95.7366,54.7001
2016-04-28,12.2081,27.5259,42.8246,121.29,48.1418,86.4148,99.3271,83.1351,98.8073,68.9162,16.77,175.359,83.591,96.1314,54.5878
2016-04-29,12.3265,27.4064,42.6422,123.65,48.2223,86.3834,98.4345,83.225,98.2867,68.9405,16.98,174.4123,83.5547,96.3772,54.0855
2016-05-02,12.1574,27.3346,43.0435,123.24,48.2408,86.1325,99.3096,83.1175,99.2164,68.9153,16.64,175.7985,83.2783,95.4068,54.9249
2016-05-03,11.9714,26.5616,42.3356,122.96,47.9288,86.6437,97.6819,83.2632,98.2961,68.9884,16.57,174.2685,83.3146,96.6086,55.0108
2016-05-04,11.9799,26.1313,41.8467,122.21,47.7497,86.801,96.8768,83.1245,97.6638,68.9803,16.49,173.2964,83.4092,97.1385,55.7973
2016-05-05,11.8615,26.1233,41.7591,122.07,47.7093,87.0369,96.4917,83.291,97.6359,69.0046,16.51,173.2626,83.6782,97.7879,55.9559
2016-05-06,11.9376,26.1632,41.8759,123.18,47.6804,86.8325,97.0606,83.1106,98.1566,68.9884,16.63,173.8966,83.3874,97.3699,56.5706
2016-05-09,11.6755,25.8284,41.7883,120.65,47.5937,86.9976,97.3406,83.0274,98.4355,69.0208,16.12,174.0403,83.4383,97.676,57.1919
2016-05-10,11.9629,26.3225,42.3867,120.98,47.9981,86.9819,98.3207,83.1661,99.7835,69.037,16.28,176.2043,83.6928,97.6834,57.1853
2016-05-11,12.2419,26.2588,42.0218,122.12,47.9635,87.1156,97.1043,83.2562,98.8817,69.0127,16.56,174.556,83.6782,98.2358,55.9625
2016-05-12,12.2588,26.1871,42.0072,121.16,48.0386,86.8796,96.588,83.0829,98.4448,68.9721,16.22,174.6067,83.6201,97.7879,56.2864
2016-05-13,12.2419,25.7169,41.5767,121.71,47.8248,87.21,95.9491,83.2354,98.0822,68.9803,16.28,173.0851,83.8238,98.7359,55.7841
2016-05-16,12.3772,26.0277,42.0729,121.8,48.0906,86.8954,97.1655,82.958,99.3094,68.9478,16.32,174.7926,83.7292,97.8849,56.3129
2016-05-17,12.4702,25.9081,41.7664,122.22,47.9923,86.7774,95.6253,82.9302,98.0636,68.9234,16.41,173.1612,83.7874,98.0492,55.2685
2016-05-18,12.3772,25.6531,41.781,120.1,47.9981,86.0774,96.1242,82.2229,98.4169,68.8018,16.0,173.2119,83.0601,96.6534,54.4027
2016-05-19,12.3434,25.414,41.4818,119.87,47.8652,86.1639,95.354,82.4171,97.9055,68.818,15.67,172.6117,83.0237,97.0714,53.7946
2016-05-20,12.3941,25.6691,41.8248,119.71,48.0328,86.219,96.9555,82.4726,98.984,68.8423,15.69,173.7022,82.9801,97.146,54.2243
2016-05-23,12.3265,25.6212,41.6861,119.37,48.0444,86.2741,96.8418,82.4726,98.8538,68.8342,15.59,173.4656,83.0237,97.3625,54.2309
2016-05-24,12.3265,25.8842,42.2919,117.3,48.3332,86.1325,98.837,82.3339,100.8341,68.7855,15.42,175.714,82.9437,96.9295,54.905
2016-05-25,12.4702,26.195,42.737,116.98,48.4083,86.0932,99.4146,82.4795,101.5592,68.8261,15.5,176.9059,83.0092,96.5638,54.905
2016-05-26,12.4618,26.3704,42.8538,116.58,48.2697,86.3606,99.3009,82.7153,101.8568,68.8666,15.53,176.9566,83.2492,97.0639,55.0108
2016-05-27,12.5125,26.3624,42.81,115.62,48.3506,86.1954,100.2898,82.6529,102.3866,68.8261,15.39,177.7174,83.1401,96.9221,55.3082
2016-05-31,12.4364,26.3943,42.6057,116.06,48.3043,86.2977,100.6398,82.7985,102.5819,68.8585,15.19,177.3793,83.0164,97.1535,55.3016
2016-06-01,12.5632,26.3783,42.5692,115.94,48.381,86.2685,101.3224,82.8569,102.5912,68.8106,15.17,177.7428,82.8898,97.5476,55.3479
2016-06-02,12.5886,26.5935,42.5692,115.67,48.3926,86.5363,102.1013,83.0238,102.805,68.8675,15.22,178.2838,83.1736,98.2507,55.6321
2016-06-03,12.6731,26.9999,42.8465,118.88,48.4796,87.3397,101.4887,83.6915,102.3216,68.9811,15.61,177.7512,83.712,99.6494,55.8568
2016-06-06,12.8253,27.2868,43.0873,118.92,48.6944,87.1113,102.5826,83.4898,102.6935,68.9649,15.68,178.6557,83.8066,98.9089,55.4272
2016-06-07,12.9521,27.5339,43.4012,118.82,48.9092,87.2373,102.8801,83.615,102.4331,68.9811,15.6,178.9347,84.0321,99.1482,55.7643
2016-06-08,13.1719,27.7331,43.4887,120.58,49.095,87.3397,103.6415,83.8931,102.6098,68.9974,16.21,179.5179,84.2286,99.6792,56.1212
2016-06-09,13.1466,27.4143,42.956,121.25,48.9034,87.4735,102.9764,84.0114,102.4424,69.0136,16.47,179.2728,84.2576,100.3225,56.2467
2016-06-10,12.9859,26.721,41.708,121.74,48.6654,87.7807,101.5762,84.1088,101.2803,69.0542,16.49,177.5737,84.2576,100.8087,55.9824
2016-06-13,12.9859,26.3465,41.1023,122.64,48.3404,87.954,100.4736,83.9836,100.4343,69.0704,16.58,176.2043,84.1485,101.2575,55.9956
2016-06-14,12.9014,26.2588,40.4455,122.77,48.1778,87.9304,100.1848,83.7958,100.4343,69.0785,16.54,175.8577,83.9375,101.1827,55.8502
2016-06-15,12.8337,26.5377,40.7155,123.68,48.201,88.1982,100.2548,84.1088,100.1461,69.1598,16.69,175.6126,84.3304,101.5717,56.3789
2016-06-16,12.6139,26.4421,40.8031,122.38,48.23,88.2927,100.246,84.2339,100.4436,69.1192,16.31,176.1367,84.163,102.0652,56.6962
2016-06-17,12.9098,26.5138,41.2045,123.95,48.2591,87.9934,99.8172,83.9836,99.2663,69.1272,16.6,175.4807,83.952,101.4295,56.6037
2016-06-20,13.0282,26.984,42.2262,123.21,48.5435,87.6154,100.9024,83.8792,99.8908,69.0867,16.65,176.6108,83.712,100.3449,56.683
2016-06-21,12.9267,27.1912,42.5692,120.84,48.7293,87.4184,100.7098,83.8028,100.2078,69.038,16.38,177.1122,83.4573,99.8812,56.899
2016-06-22,12.8507,27.2603,42.5431,120.9,48.7757,87.5917,100.316,83.9557,99.9654,69.0623,16.42,176.8232,83.6828,100.0458,56.8124
2016-06-23,12.9521,27.9189,43.7199,120.11,49.1356,87.1743,102.2325,83.8723,101.3916,69.038,16.49,179.126,83.712,98.9015,57.0991
2016-06-24,12.69,26.2242,39.9661,126.0,48.3287,88.3794,98.347,84.2687,97.2155,69.2003,16.89,172.6937,84.2358,101.5567,56.5923
2016-06-27,12.6647,25.8868,39.199,126.68,47.6321,89.1433,95.1177,84.6234,95.2859,69.2409,16.87,169.6008,84.4832,104.0922,56.6323
2016-06-28,12.8676,26.6498,40.2268,125.32,48.23,89.1276,96.588,85.0894,97.374,69.2653,16.91,172.6597,84.7742,104.3091,57.826
2016-06-29,13.0536,27.3245,40.9641,125.84,48.8395,88.7653,98.7845,85.0615,99.0985,69.2409,17.37,175.5996,84.7232,103.5088,58.5263
2016-06-30,12.9775,27.5976,41.5749,126.47,49.1705,88.9622,100.6223,85.3606,100.245,69.2734,17.86,177.9958,84.8833,103.8902,59.1331
2016-07-01,13.1381,27.8626,41.5749,128.41,49.2679,89.1972,100.9811,85.8075,100.7484,69.2978,18.74,178.3697,85.5425,105.3327,59.1531
2016-07-05,12.7661,27.2683,40.7705,129.47,48.9879,89.6862,99.4934,86.1005,100.1332,69.3303,18.98,177.0867,85.6813,106.6514,59.8067
2016-07-06,12.8168,27.196,40.696,130.23,49.2038,89.702,100.2158,86.2539,100.9535,69.2978,19.1,178.1487,85.8859,106.8239,59.5466
2016-07-07,12.4533,27.1237,40.5322,129.74,49.2679,89.5837,100.427,86.2678,101.2518,69.2653,18.71,178.0383,85.7105,106.8164,58.9331
2016-07-08,12.5801,27.7101,41.1503,130.52,49.9212,89.7573,102.7676,86.749,102.8178,69.2653,19.22,180.6894,85.9006,107.6032,59.8867
2016-07-11,12.5294,27.9751,41.7536,129.29,49.9503,89.284,103.9555,86.5258,103.4051,69.1922,19.3,181.3266,85.484,106.659,60.2869
2016-07-12,12.7661,28.3687,42.3197,127.15,50.0903,88.7555,105.3458,86.0377,103.9271,69.1678,19.09,182.6437,85.199,104.9055,60.2802
2016-07-13,12.6055,28.3205,42.275,128.32,49.9445,88.9843,104.9323,86.3724,103.6754,69.1841,19.39,182.6182,85.3817,106.142,60.6136
2016-07-14,12.6562,28.7301,42.6399,127.33,50.0436,88.6136,105.0379,86.1632,104.3839,69.1434,19.25,183.6379,85.1625,104.5984,60.0734
2016-07-15,12.6224,28.6658,42.4239,126.84,49.9445,88.2745,105.3282,85.8355,104.2161,69.1109,19.08,183.3914,85.0675,103.6991,60.0934
2016-07-18,12.5632,28.9229,42.5282,127.04,50.1136,88.2508,105.5042,85.8355,104.9059,69.1516,19.1,183.8843,85.009,103.6017,60.2535
2016-07-19,12.4871,28.6257,42.1931,127.21,49.9795,88.4874,104.9763,85.9889,104.5237,69.1597,18.92,183.6973,85.0163,104.1862,60.5469
2016-07-20,12.4026,28.7703,42.5729,125.39,50.1078,88.306,105.6626,85.961,105.7448,69.1272,18.42,184.4621,84.8629,103.6168,60.5536
2016-07-21,12.3349,28.6819,42.4016,127.3,50.0378,88.5032,105.1611,86.0586,105.5025,69.176,18.88,183.7654,84.8994,103.8265,60.6737
2016-07-22,12.3096,28.8907,42.4835,126.35,50.2594,88.4322,105.9442,86.0098,105.9406,69.1516,18.67,184.5895,84.8263,104.0064,61.2071
2016-07-25,12.1743,28.6016,42.4314,125.47,50.0203,88.3612,105.7858,85.961,105.9499,69.1028,18.54,184.0882,84.6436,103.9315,61.0938
2016-07-26,12.1236,28.8265,42.6101,126.0,49.8278,88.4164,106.2962,85.8773,106.0711,69.1109,18.66,184.1732,84.7898,104.0963,60.7937
2016-07-27,12.0052,28.9229,42.7666,128.03,49.9795,88.795,106.5953,86.2329,106.8075,69.1597,19.37,183.9778,85.1186,105.3926,60.3202
2016-07-28,11.9714,28.9309,42.7219,127.66,49.7695,88.8423,106.3225,86.1492,107.1804,69.1516,19.21,184.1902,85.2356,105.1978,60.8804
2016-07-29,12.0728,29.0835,43.2283,128.98,49.8162,89.1815,106.5338,86.4631,107.4134,69.2409,19.35,184.4875,85.4256,106.0745,61.654
2016-08-01,11.8615,29.0273,42.9453,129.22,49.5367,88.8718,106.6218,85.9758,107.982,69.2174,19.43,184.3346,84.9201,104.9245,61.7874
2016-08-02,11.8446,28.8185,42.7293,130.27,49.4664,88.6586,105.1346,85.4933,107.1617,69.1929,19.6,183.1535,84.5019,103.8435,60.8004
2016-08-03,12.039,28.9148,42.5803,129.65,49.689,88.7059,105.9882,85.6052,107.516,69.2011,19.38,183.6889,84.744,103.9035,60.4469
2016-08-04,12.0898,29.0755,42.8261,129.87,50.0054,88.9193,106.085,85.9688,107.8235,69.2498,19.35,183.8843,85.0961,104.6842,60.2001
2016-08-05,12.1405,29.4128,43.0198,127.55,50.1167,88.3663,107.6161,85.6192,108.8583,69.1523,18.71,185.3882,84.8907,103.5957,60.2402
2016-08-08,12.2081,29.6216,43.1092,127.44,50.3218,88.3189,107.5633,85.6751,108.7371,69.128,18.74,185.2778,84.9494,103.7909,60.3469
2016-08-09,12.1743,29.8224,43.4518,127.96,50.4975,88.6349,107.6777,86.1785,108.9888,69.1686,18.87,185.3882,85.1548,104.8118,60.6737
2016-08-10,12.0306,29.8305,43.6007,128.56,50.4038,88.8718,106.9033,86.4232,108.7091,69.2011,19.16,184.9294,85.1768,105.2172,60.6069
2016-08-11,12.2166,30.216,43.9136,127.67,50.5268,88.4453,107.4137,86.1366,109.1752,69.1361,18.96,185.7876,84.9494,104.2788,59.9201
2016-08-12,12.3096,30.1036,43.8018,127.4,50.5678,88.7613,107.5193,86.5281,109.2498,69.1848,18.72,185.6262,85.1695,105.1572,60.1735
2016-08-15,12.5125,30.4168,43.9731,127.84,50.7202,88.5007,108.584,86.2624,109.7158,69.1686,18.83,186.1615,84.9494,104.1663,60.1134
2016-08-16,12.6139,30.2803,43.9061,128.47,50.6147,88.3506,107.7041,86.1086,109.1099,69.1442,18.82,185.2013,84.832,103.8885,59.3932
2016-08-17,12.6647,30.0875,43.8912,128.5,50.685,88.4927,107.3873,86.3463,109.3057,69.1442,18.68,185.5497,85.0888,104.5116,59.6333
2016-08-18,12.8253,30.3686,44.1147,129.11,50.8842,88.6507,108.1792,86.5561,109.3337,69.1929,18.77,185.966,85.2355,104.6768,59.4132
2016-08-19,12.783,30.1999,43.7869,127.97,50.7319,88.3506,108.1792,86.2974,109.3057,69.128,18.35,185.6941,85.0961,104.1287,59.0331
2016-08-22,12.6647,29.7983,43.8316,127.78,50.6499,88.548,108.4256,86.591,109.3896,69.1361,17.97,185.6857,85.2722,105.007,59.3532
2016-08-23,12.7154,29.6779,44.0178,127.76,50.8198,88.5401,109.1824,86.6889,109.5853,69.1442,17.93,186.0595,85.3896,105.1197,59.3866
2016-08-24,12.5632,29.7582,43.9136,126.34,50.6792,88.5085,108.2937,86.633,108.8769,69.128,17.62,185.1079,85.2575,104.8719,59.1265
2016-08-25,12.6139,29.7823,43.7348,126.23,50.7729,88.3663,108.5048,86.5491,108.6998,69.1035,17.63,184.9804,85.2135,104.4741,59.3932
2016-08-26,12.5717,29.5253,43.4741,126.05,50.7143,88.0268,108.2848,86.2764,108.8583,69.0385,17.72,184.6321,84.8834,103.866,58.8064
2016-08-29,12.5209,29.7502,43.6082,126.3,50.9663,88.3901,108.848,86.7658,109.0074,69.0791,17.9,185.5412,85.1915,105.2548,59.3866
2016-08-30,12.4026,29.6698,43.5486,125.03,50.9955,88.3822,109.0504,86.6539,108.6532,69.0873,17.67,185.2353,85.1182,104.8493,59.2732
2016-08-31,12.1658,29.3405,43.4592,124.78,50.7963,88.2795,108.4344,86.619,108.5413,69.0791,17.72,184.7085,85.1328,104.9995,59.3332
2016-09-01,12.0306,29.5654,43.7571,125.29,50.8969,88.4179,108.5136,86.619,108.821,69.1117,17.94,184.7169,85.205,105.1153,59.1865
2016-09-02,12.1658,30.0473,44.2636,126.57,51.1323,88.1885,109.5607,86.4647,109.1752,69.1117,18.44,185.5497,85.1092,104.258,59.7
2016-09-06,12.2504,30.6899,44.5615,128.71,51.1912,88.5998,109.6663,86.7662,109.8557,69.1605,19.05,186.1105,85.5142,105.0175,60.1601
2016-09-07,12.3603,30.5935,44.5839,128.27,51.0499,88.6472,110.3527,86.647,109.9209,69.1605,18.78,186.0936,85.6246,104.9424,60.5203
2016-09-08,12.5801,30.5132,44.4573,127.59,50.9558,88.2122,110.1327,86.0372,109.2778,69.1117,18.62,185.6687,85.3228,103.6263,59.78
2016-09-09,12.3857,29.4851,43.5933,126.75,50.4674,87.7931,106.6921,85.3923,106.5279,69.0873,18.11,181.2247,84.7338,101.9191,57.4125
2016-09-12,12.3857,29.6859,43.9508,126.59,50.644,87.8722,108.1792,85.3993,108.4388,69.1117,18.17,183.8248,84.7632,101.9717,58.0928
2016-09-13,12.225,28.9389,43.0645,125.75,50.2556,87.5479,106.1026,85.1189,107.4693,69.0873,17.93,181.1822,84.3877,100.8136,56.6343
2016-09-14,12.132,29.0273,43.0049,126.18,50.2438,87.7456,106.1202,85.175,107.982,69.128,18.02,181.1143,84.5202,100.964,56.8156
2016-09-15,12.1912,29.5253,43.3773,125.37,50.538,87.7693,107.3873,85.2311,109.6599,69.1849,18.04,182.9241,84.4981,100.5278,57.0305
2016-09-16,12.2081,29.3245,42.8187,125.06,50.5498,87.8642,107.2289,85.3292,109.6076,69.1524,17.86,182.217,84.638,101.34,57.0573
2016-09-19,12.1997,29.5574,43.0421,125.32,50.5792,87.714,107.9417,85.3011,109.131,69.1361,18.2,182.2512,84.535,101.0091,57.5744
2016-09-20,12.2419,29.5735,43.3028,125.44,50.5204,87.8484,107.4841,85.4133,109.3366,69.1198,18.27,182.2597,84.5202,101.3626,57.4871
2016-09-21,12.3941,30.4007,44.0625,127.27,50.9381,87.9908,109.0416,85.8479,110.4113,69.1361,18.85,184.3092,84.9178,102.1823,58.2257
2016-09-22,12.4618,30.6176,44.5094,127.57,51.1088,88.2518,110.6078,86.1984,111.2897,69.1198,18.9,185.4707,85.3375,102.9945,59.2666
2016-09-23,12.318,30.224,44.137,127.65,51.0499,88.2913,109.8247,86.1353,110.5795,69.1605,18.68,184.4545,85.5732,102.8968,59.4479
2016-09-26,12.4026,29.7823,43.7273,127.55,50.8264,88.5444,108.7341,86.2685,109.6543,69.2012,18.41,182.96,85.6099,103.5511,59.5889
2016-09-27,12.2842,30.208,43.9359,126.62,50.9735,88.6947,109.1753,86.4788,110.7384,69.2093,18.17,184.0958,85.6836,104.3107,58.9577
2016-09-28,12.5717,30.4811,44.2487,126.22,51.3147,88.6552,110.0135,86.5348,110.9252,69.2012,18.21,185.0096,85.7867,104.085,59.4412
2016-09-29,12.6477,29.9509,43.6976,126.07,51.1205,88.7105,108.4076,86.4998,110.1216,69.2256,18.11,183.3357,85.7719,104.3483,58.6488
2016-09-30,12.69,30.0795,44.0402,125.64,51.3442,88.4891,109.5988,86.3456,110.9439,69.1687,18.2,184.7192,85.7719,103.4157,58.2459
2016-10-03,12.7999,30.2883,43.921,125.32,51.3122,88.2831,109.2547,86.101,110.7851,69.1597,17.87,184.2751,85.6909,103.0744,57.1581
2016-10-04,12.7661,29.9509,43.9136,120.97,51.2236,87.8793,108.7165,85.7004,110.6169,69.1027,16.94,183.3357,85.2713,101.869,56.3791
2016-10-05,12.8422,30.3847,44.0923,120.78,51.3595,87.6813,109.3694,85.6091,111.0093,69.062,16.85,184.147,85.1313,101.3943,55.2376
2016-10-06,12.8676,30.4088,43.854,119.66,51.3891,87.4991,109.2547,85.6161,110.9533,69.062,16.44,184.2751,85.1755,100.8293,55.2577
2016-10-07,12.8337,30.2722,43.6305,119.74,51.5073,87.6258,108.3812,85.8199,110.7103,69.0865,16.6,183.6432,85.1534,100.897,55.1637
2016-10-10,12.9775,30.6015,43.7571,120.16,51.655,87.3961,109.6782,85.8199,111.4112,69.0539,16.73,184.5997,85.0356,100.3019,55.5062
2016-10-11,12.9014,29.8947,43.139,119.55,51.3654,87.3724,107.6753,85.5528,109.8225,69.0457,16.56,182.2682,84.9694,100.0758,54.969
2016-10-12,12.8084,29.8385,43.0421,119.74,51.3477,87.3724,107.587,85.6653,109.7291,69.0457,16.65,182.5074,84.9399,100.1738,55.6002
2016-10-13,12.8929,29.5735,42.8783,120.03,51.2177,87.5545,106.6958,85.8761,109.3366,69.0702,16.61,181.9096,85.0724,100.5505,56.0366
2016-10-14,12.9014,29.6216,42.9528,119.36,51.3359,87.2852,106.2635,85.4756,109.4674,69.0539,16.56,182.0035,84.9914,99.1416,55.7882
2016-10-17,12.9183,29.5895,42.8261,119.68,51.265,87.4753,106.14,85.7566,109.1684,69.1108,16.57,181.3716,85.3743,99.7745,55.9091
2016-10-18,12.9436,30.1116,43.2507,120.42,51.4718,87.6495,106.7488,85.9675,110.1403,69.1353,16.72,182.5074,85.4259,100.0984,56.265
2016-10-19,13.0282,30.2963,43.3698,121.11,51.6196,87.6892,107.1988,86.0799,110.1309,69.1353,16.79,182.9941,85.5437,100.1813,56.3858
2016-10-20,12.9098,30.208,43.4369,120.74,51.6255,87.61,106.8811,86.0518,110.0001,69.1027,16.64,182.6526,85.4112,100.2868,56.2583
2016-10-21,12.9606,30.1999,43.3401,120.83,51.6373,87.705,106.8282,86.101,110.4113,69.119,16.65,182.7379,85.5069,100.4374,56.0501
2016-10-24,12.969,30.3284,43.3326,120.56,51.6668,87.5862,107.5076,85.8551,111.7382,69.0946,16.7,183.515,85.3743,100.0004,56.1777
2016-10-25,12.9098,30.3606,43.3028,121.47,51.6373,87.5704,106.7046,85.7918,111.3832,69.0946,16.86,182.9002,85.5069,100.2642,56.0769
2016-10-26,12.8253,30.0393,43.1092,120.79,51.4304,87.3803,105.6458,85.4334,110.6262,69.0702,16.71,182.533,85.4185,99.5861,55.345
2016-10-27,12.9014,29.7823,43.057,121.01,51.2413,87.0793,104.437,85.0468,110.1216,69.0865,16.73,182.0462,85.0504,98.5012,53.8946
2016-10-28,12.8168,29.6618,43.0421,121.58,50.9931,87.0952,104.1458,84.9484,109.43,69.0865,16.87,181.5082,85.1461,98.2827,54.0222
2016-10-31,12.6477,29.8305,43.0645,121.94,50.8394,87.1665,104.5605,85.0257,109.3272,69.1353,16.97,181.5167,85.308,98.8854,54.9018
2016-11-01,12.7069,29.5895,42.8783,122.73,50.6411,87.1696,103.2811,84.9186,108.5049,69.1361,17.41,180.2016,85.3154,98.893,53.7065
2016-11-02,12.5547,29.2361,42.5878,123.64,50.4155,87.4313,101.9663,85.0455,107.6358,69.1768,17.56,179.117,85.3523,99.3232,52.9209
2016-11-03,12.5125,29.1558,42.5431,124.3,50.4274,87.3758,101.4722,84.8763,106.5798,69.185,17.42,178.2972,85.1092,98.5608,52.5113
2016-11-04,12.4279,28.8586,42.1335,124.39,50.4511,87.6455,102.1252,85.13,106.206,69.2093,17.46,178.1008,85.3302,99.4441,52.9276
2016-11-07,12.4787,29.9028,42.7144,122.15,51.1576,87.2807,104.6223,85.0736,108.7292,69.185,17.29,182.0291,85.286,98.5985,53.8543
2016-11-08,12.4618,30.0955,42.8336,121.64,51.0448,86.9714,104.8958,84.8834,109.4394,69.1117,17.4,182.8489,85.1387,98.1985,54.1363
2016-11-09,12.5209,29.1156,42.8708,121.56,50.6886,85.6469,108.1253,83.6362,109.944,69.0221,17.45,184.7875,84.5055,94.0317,53.3171
2016-11-10,12.4195,28.2883,42.7517,119.75,50.0237,85.1314,109.8547,83.5657,108.1685,68.9976,17.56,185.2487,84.3582,92.6428,52.424
2016-11-11,12.1828,27.7502,42.491,117.1,49.5547,84.9569,112.3783,83.2063,108.2152,68.9976,16.47,184.8217,84.1226,92.122,52.7396
2016-11-14,12.1574,27.5494,42.2601,116.11,49.9228,84.4651,113.9577,82.7764,107.1218,68.8918,16.0,184.9669,83.4747,91.5709,53.9886
2016-11-15,12.4279,28.1036,42.4463,117.12,50.5817,84.4651,114.3107,83.0301,108.6077,68.9162,16.19,186.4101,83.5262,92.0238,53.5387
2016-11-16,12.2758,27.8707,41.9994,116.77,50.3799,84.5445,114.3018,83.1499,109.2525,68.9081,16.09,186.06,83.7029,92.8542,53.3842
2016-11-17,12.3011,27.9108,42.3197,116.17,50.2433,84.1717,114.9725,82.6214,110.0468,68.8999,15.84,187.0164,83.563,91.4879,52.8403
2016-11-18,12.4026,27.7823,41.8579,115.15,50.2433,83.799,115.5813,82.1563,109.6356,68.8592,15.73,186.598,83.4379,91.2237,52.9948
2016-11-21,12.7492,28.0554,42.2154,115.58,50.647,83.8703,116.1195,82.2409,110.7757,68.8511,15.72,188.0071,83.6367,91.4501,52.8336
2016-11-22,12.7323,28.4811,42.3197,115.54,51.0211,83.9496,117.1784,82.4523,111.1122,68.8348,15.8,188.3743,83.7103,91.42,53.7603
2016-11-23,12.783,28.1759,42.1707,113.25,50.8311,83.6483,117.9107,82.1493,110.6636,68.794,15.52,188.4767,83.4305,91.0652,53.532
2016-11-25,12.69,28.3124,42.2973,112.61,50.8964,83.5769,118.299,82.1563,111.0187,68.7859,15.63,189.1771,83.2906,91.201,53.8408
2016-11-28,12.7323,28.4249,42.0739,113.8,50.8904,83.9576,116.7636,82.5298,110.7664,68.8266,15.77,188.2889,83.4157,91.8729,54.0893
2016-11-29,12.4787,28.465,42.342,113.27,50.8252,84.0448,116.7019,82.6426,111.1495,68.8348,15.78,188.6562,83.4967,92.2579,54.6064
2016-11-30,12.8591,28.5132,42.2973,111.75,50.8489,83.4817,116.1283,82.3326,109.8038,68.8104,15.66,188.2035,83.5409,90.7632,53.9819
2016-12-01,13.0958,28.1759,42.1335,111.54,50.611,83.1632,115.5636,81.8712,107.9068,68.7778,15.66,187.5118,83.3004,89.8049,53.1895
2016-12-02,13.1888,28.208,42.2377,112.14,50.9151,83.5365,115.5019,82.2456,108.1217,68.8511,15.83,187.6057,83.3447,90.4629,53.72
2016-12-05,13.2565,28.4409,42.6548,111.54,51.0463,83.5047,117.4872,82.4222,108.9628,68.8511,15.88,188.733,83.4628,90.3646,54.1161
2016-12-06,13.1973,28.5936,42.9453,111.43,51.3027,83.5365,118.7578,82.4151,109.2244,68.8348,15.85,189.3308,83.6251,90.2965,54.4653
2016-12-07,13.0958,29.0755,43.5858,111.83,51.5591,83.8145,119.9137,82.7614,110.6075,68.8592,16.23,191.8074,83.6988,91.0681,55.5532
2016-12-08,13.1212,29.204,43.5486,111.57,51.5532,83.4968,121.802,82.4222,110.8037,68.8511,16.14,192.2771,83.6177,89.994,55.9359
2016-12-09,13.1888,29.0514,43.7348,110.4,51.577,83.0679,122.0402,82.1043,111.6728,68.8429,15.97,193.4385,83.234,88.8745,55.8755
2016-12-12,13.2734,28.8586,43.5411,110.82,51.5055,83.0838,120.752,82.0266,111.1682,68.8185,16.19,193.2165,83.2192,89.041,56.2448
2016-12-13,13.3072,29.1799,44.0104,110.45,51.6307,83.1315,120.7607,82.2103,112.57,68.8104,16.04,194.506,83.1897,89.3587,56.218
2016-12-14,13.1804,28.3124,43.3624,108.83,51.2431,82.4404,119.2519,81.6874,112.3363,68.6799,15.93,192.9005,82.533,88.3602,54.9891
2016-12-15,13.1635,28.3606,43.2656,107.34,51.2669,82.2102,120.1431,81.7439,112.5139,68.6474,15.18,193.6947,82.0164,88.8065,54.6668
2016-12-16,13.2226,28.2321,43.2954,108.05,51.3147,82.3134,119.9225,81.6804,112.0968,68.6799,15.27,193.3159,81.9722,88.6023,55.486
2016-12-19,13.1466,28.0394,43.2283,108.59,51.4458,82.6946,120.7078,82.076,112.5561,68.7126,15.17,193.7368,82.3116,89.5553,56.0836
2016-12-20,13.2057,28.1357,43.3773,107.79,51.5174,82.5199,121.7314,82.0266,112.9872,68.7207,15.24,194.4841,82.3928,89.109,56.2112
2016-12-21,13.1296,28.0188,43.3893,107.85,51.6068,82.6549,120.9372,82.288,112.9029,68.7533,15.12,193.943,82.5994,89.5024,55.3584
2016-12-22,13.1127,27.6857,43.2915,107.59,51.7181,82.6191,119.8944,82.2937,112.5842,68.7704,14.98,193.608,82.8577,89.3423,55.2659
2016-12-23,13.1381,27.8482,43.4044,107.93,51.8139,82.6987,120.5324,82.4212,112.6592,68.7704,14.91,193.8914,82.9536,89.5243,55.4099
2016-12-27,13.341,27.97,43.3517,108.56,51.766,82.5794,121.0728,82.2724,113.2403,68.7378,15.13,194.3725,82.9166,89.2362,55.5264
2016-12-28,13.3495,28.1812,43.1862,108.86,51.6942,82.8816,119.8324,82.5771,112.3592,68.7623,15.2,192.7661,83.1307,89.8883,55.1905
2016-12-29,13.3664,28.6443,43.2915,110.29,51.766,83.1362,119.9387,82.8959,112.1999,68.8357,15.32,192.7232,83.234,90.2069,55.8761
2016-12-30,13.3917,28.4412,43.442,109.61,51.784,83.3828,119.478,83.0234,111.0471,68.8601,15.11,192.0187,83.507,90.3434,56.5822
2017-01-03,13.2311,28.7824,43.7129,110.47,51.9994,83.343,120.0716,83.0943,112.0406,68.8031,15.44,193.4876,83.5882,90.7301,56.7674
2017-01-04,13.3326,29.0017,44.2096,110.86,52.2806,83.4385,122.074,83.3777,112.6498,68.8194,15.58,194.6387,83.7727,91.079,57.5969
2017-01-05,13.4002,29.3186,44.5858,112.58,52.2028,83.9794,120.6652,83.824,113.2871,68.8683,15.76,194.4841,84.0604,92.5047,57.782
2017-01-06,13.3833,29.1967,44.4353,111.75,52.1908,83.5976,120.2223,83.3848,114.2806,68.8113,15.64,195.18,83.7136,91.6553,57.7889
2017-01-09,13.1804,29.1723,44.3676,112.67,52.1789,83.9158,119.4337,83.5477,114.6556,68.8683,15.7,194.5356,83.8464,92.3909,57.2678
2017-01-10,13.1212,29.3429,44.3751,113.15,52.1848,83.876,120.5766,83.4981,114.9086,68.8438,15.91,194.5356,83.9128,92.3303,56.781
2017-01-11,13.2649,29.6922,44.6084,113.5,52.2147,83.9714,120.7893,83.6257,115.2179,68.8764,15.87,195.0854,84.1785,92.6412,56.4314
2017-01-12,13.4594,29.8222,44.6761,113.91,52.2267,84.0192,119.859,83.6186,115.0398,68.9009,15.91,194.5958,84.2522,92.4364,56.7193
2017-01-13,13.434,29.7979,44.8417,114.21,52.2446,83.8362,120.7272,83.4485,115.4335,68.8683,15.94,195.0425,84.1047,91.9966,56.6371
2017-01-17,13.4255,29.7816,44.6761,115.85,52.1908,84.2578,119.0882,83.8099,115.0867,68.9172,16.28,194.3553,84.3703,92.9597,57.0758
2017-01-18,13.3072,29.6191,44.5482,114.87,52.2387,83.6612,119.478,83.2573,115.321,68.852,16.19,194.7848,83.9571,91.7691,57.1718
2017-01-19,13.2649,29.5298,44.4353,114.77,52.0711,83.343,118.5034,82.9738,115.2648,68.8275,16.12,194.0632,83.8907,91.1396,56.5891
2017-01-20,13.4171,29.5866,44.6912,115.05,52.1729,83.3828,119.1147,83.1226,115.5178,68.8683,16.19,194.7763,83.9055,90.9576,57.0004
2017-01-23,13.4171,30.0253,44.804,115.79,52.1729,83.8203,118.6186,83.5052,115.6115,68.9335,16.29,194.2694,84.2449,91.8677,57.4804
2017-01-24,13.4509,30.2122,44.9169,115.27,52.2087,83.5021,120.4349,83.2573,116.3895,68.8927,16.22,195.515,84.1047,91.2382,57.4941
2017-01-25,13.3664,30.5452,45.3835,114.32,52.3942,83.0885,121.569,82.9384,117.5611,68.8764,16.1,197.2073,83.8317,90.0931,57.117
2017-01-26,13.4255,30.4153,45.2029,113.26,52.3703,83.1998,121.0817,83.0376,117.6829,68.8846,15.93,197.0011,83.9571,90.3965,57.0073
2017-01-27,13.3156,30.4396,45.1276,113.49,52.4182,83.3033,120.6652,83.1368,117.9079,68.9172,16.22,196.6919,84.0973,90.7225,56.452
2017-01-30,13.2396,30.2772,44.804,113.97,52.3105,83.2794,118.9818,82.9951,116.9893,68.9172,16.23,195.472,84.0751,90.4495,56.068
2017-01-31,13.3156,30.334,44.8718,115.55,52.2566,83.5658,119.8147,83.1439,116.755,68.9335,16.63,195.4548,84.2522,91.079,56.4725
2017-02-01,13.4594,30.3503,45.0524,115.2,52.4501,83.4056,119.7438,83.0416,117.5611,68.9099,16.61,195.5322,84.0751,90.5158,55.7938
2017-02-02,13.4594,30.4803,45.0749,115.84,52.4802,83.4375,119.4426,83.0629,117.458,68.9343,16.56,195.661,84.0825,90.4779,56.4588
2017-02-03,13.4509,30.6671,45.2555,116.13,52.5703,83.5012,121.2677,83.1553,117.7954,68.9099,16.57,197.0097,83.994,90.4398,56.7674
2017-02-06,13.3664,30.594,44.932,117.7,52.5342,83.8995,120.3551,83.4181,117.936,68.9833,16.82,196.6575,84.2006,90.987,56.6713
2017-02-07,13.3072,30.4396,44.8868,117.46,52.4561,84.051,119.8235,83.5602,118.3671,68.9669,16.79,196.6661,84.1637,91.6558,56.4725
2017-02-08,13.3579,30.6265,44.9621,118.19,52.4922,84.3935,119.6109,83.8515,118.5639,69.0322,16.84,196.9239,84.3629,92.9022,56.9181
2017-02-09,13.4255,30.7646,45.1502,117.29,52.5643,83.8916,121.2943,83.5176,118.9951,68.9751,16.75,198.0921,84.2006,91.8306,57.0553
2017-02-10,13.5693,31.0489,45.2555,117.6,52.6004,83.8358,122.2158,83.4963,119.3887,68.9669,17.02,198.8738,84.267,91.7774,57.4598
2017-02-13,13.4171,31.1464,45.4361,116.8,52.6785,83.7084,122.5347,83.4607,120.0636,68.9507,16.89,199.9562,84.1342,91.4886,57.4804
2017-02-14,13.434,31.1789,45.3684,116.93,52.7145,83.4056,122.9422,83.2618,120.4666,68.9017,17.01,200.7551,83.935,90.8275,57.1787
2017-02-15,13.4509,31.4307,45.5415,117.45,52.7326,83.2463,123.6776,83.1978,121.1789,68.8773,17.04,201.8031,84.0456,90.4094,56.9867
2017-02-16,13.3664,31.317,45.6468,118.08,52.6905,83.5809,123.3321,83.4323,121.1414,68.9099,17.15,201.6313,84.0456,90.9034,57.3227
2017-02-17,13.341,31.187,45.5264,117.68,52.7446,83.8039,123.2524,83.6455,121.6663,68.9588,17.06,201.9491,84.2375,91.443,57.4324
2017-02-21,13.3241,31.5282,45.6769,117.75,52.9189,83.7641,124.2181,83.681,122.2661,68.9669,17.03,203.1517,84.2301,91.2834,58.1659
2017-02-22,13.2565,31.6257,45.6769,117.91,52.9429,83.8995,123.6688,83.7449,122.313,68.9833,17.11,202.9714,84.3851,91.4354,57.974
2017-02-23,13.2987,31.6338,45.7748,118.94,52.991,84.1226,122.9334,83.9581,121.8537,69.0159,17.24,203.1088,84.5843,91.709,58.2756
2017-02-24,13.2734,31.2601,45.4437,119.7,53.033,84.513,122.8448,84.3843,122.088,69.0485,17.4,203.3665,84.8278,92.7274,58.5499
2017-02-27,13.2396,31.1626,45.4738,119.12,53.0991,84.2103,124.0409,84.1854,122.238,68.9914,17.27,203.6844,84.5991,92.1802,58.8584
2017-02-28,13.2903,30.8621,45.406,119.23,53.0571,84.1704,122.1272,84.2422,121.8631,68.9588,17.37,203.1346,84.5991,92.5222,58.4539
2017-03-01,13.3495,31.3414,45.8801,119.06,53.2526,83.5841,124.3599,83.7442,123.194,68.9049,17.44,205.978,84.0899,90.9719,58.2756
2017-03-02,13.1381,30.789,45.5791,117.58,53.0836,83.3447,122.9334,83.616,122.5754,68.8314,16.8,204.6808,83.8243,90.6445,57.9603
2017-03-03,13.2057,31.0245,45.85,117.51,53.1078,83.4245,122.8448,83.7015,122.8004,68.8478,16.98,204.8096,84.0162,90.8805,57.734
2017-03-06,13.1888,31.0408,45.707,116.72,52.9388,83.4085,122.0031,83.5519,122.5285,68.8641,16.83,204.1998,83.9276,90.4465,57.4735
2017-03-07,13.1296,31.0733,45.549,115.78,52.5948,83.2889,121.2057,83.1387,122.3224,68.8396,16.55,203.5898,83.78,90.1724,57.1992
2017-03-08,12.8337,30.7808,45.3835,115.06,52.2447,83.0097,120.4083,82.8823,122.538,68.7824,16.32,203.2119,83.4184,89.685,56.1434
2017-03-09,12.7238,30.5371,45.5565,114.47,52.1059,82.7783,119.9298,82.4335,122.6316,68.7743,16.06,203.4696,83.1971,88.9692,55.3002
2017-03-10,12.6055,30.8783,45.9403,114.72,52.0878,82.9538,120.4615,82.6401,123.1471,68.8151,16.15,204.1826,83.352,89.2814,55.1288
2017-03-13,12.5886,31.3089,46.1811,114.74,52.13,82.7464,120.745,82.3623,123.3533,68.7824,16.07,204.2856,83.1602,88.7179,55.2659
2017-03-14,12.5378,31.1302,45.8274,114.12,51.9731,82.8342,120.1691,82.4335,123.0534,68.7743,15.99,203.504,83.1012,89.1443,55.2522
2017-03-15,12.6477,31.9425,46.4821,116.25,52.6913,83.5601,122.0297,83.1459,123.8126,68.9049,16.43,205.265,83.8538,90.2333,56.3697
2017-03-16,12.6308,32.1375,46.7079,116.73,52.5404,83.3288,122.1892,83.0247,123.7283,68.8559,16.4,204.8612,83.7948,89.7764,56.26
2017-03-17,12.6731,32.0806,46.8283,116.99,52.5585,83.5522,122.6765,83.2171,123.6851,68.8886,16.47,204.5014,83.9793,90.3399,56.5205
2017-03-20,12.6647,32.4543,46.7305,117.51,52.4559,83.7516,122.1449,83.4095,123.7978,68.9294,16.5,204.2771,84.1047,90.7282,56.4725
2017-03-21,12.597,32.0969,46.5197,118.54,52.0817,84.0308,118.6983,83.616,121.9193,68.962,16.61,201.6543,84.1637,91.4821,56.2257
2017-03-22,12.5886,32.2512,46.5273,118.83,52.2085,84.1904,118.7249,83.8297,122.7458,68.9784,16.62,202.1289,84.3039,91.8475,56.1946
2017-03-23,12.5632,32.2593,46.6326,118.67,52.2266,84.1026,119.416,83.7728,122.4359,68.9784,16.67,201.9131,84.208,91.7181,56.609
2017-03-24,12.6055,32.3406,46.7605,118.86,52.4076,84.1505,119.5022,83.8583,122.6895,68.9784,16.81,201.7665,84.4515,92.0455,56.5468
2017-03-27,12.5886,32.2512,46.8809,119.53,52.3533,84.3579,119.7243,84.0363,122.8867,69.0029,17.15,201.5594,84.6138,92.4643,56.0358
2017-03-28,12.6647,32.3406,47.1067,119.04,52.643,84.0707,120.6573,83.8583,123.6381,68.9703,17.18,203.0261,84.3334,91.8475,56.2775
2017-03-29,12.783,32.3975,47.1067,119.33,52.7517,84.3101,121.0482,84.1289,124.2111,69.011,17.25,203.2159,84.5548,92.3958,56.5952
2017-03-30,12.8337,32.2269,46.9412,118.47,52.9991,84.0707,121.9635,83.9081,124.4176,68.9947,17.15,203.863,84.3482,91.6496,56.6988
2017-03-31,12.8591,31.9994,46.8734,118.72,52.981,84.2383,122.1589,83.9936,124.3331,69.0029,17.25,203.3885,84.5991,91.9161,57.0372
2017-04-03,12.8084,32.1781,46.8057,119.35,52.9526,84.6529,120.8706,84.3707,124.258,69.0667,17.24,203.0348,84.8023,92.8432,57.2029
2017-04-04,12.9352,32.1944,46.7906,119.62,52.9707,84.5331,120.7284,84.1493,124.4552,69.0421,17.33,203.1642,84.7063,92.3396,57.2029
2017-04-05,12.9606,32.0969,46.5423,119.62,52.9283,84.6929,119.36,84.2565,123.948,69.0421,17.32,202.5602,84.8688,92.6219,57.2858
2017-04-06,12.9944,32.04,46.5498,119.18,52.995,84.637,120.4707,84.335,124.0138,69.0584,17.26,203.1297,84.8245,92.4846,57.5897
2017-04-07,13.0282,31.9831,46.5197,119.46,52.9707,84.3813,120.4174,84.1279,123.948,68.9686,17.03,202.9226,84.4919,92.1107,57.6725
2017-04-10,13.1296,31.8532,46.4671,119.46,53.0434,84.5331,120.684,84.285,123.995,69.0013,17.0,203.0434,84.5363,92.538,58.0317
2017-04-11,13.155,31.7801,46.6853,121.19,52.9404,84.9246,121.6436,84.6779,123.4596,69.0667,17.31,202.8018,84.6988,93.4156,58.4322
2017-04-12,13.155,31.9344,46.6477,122.02,52.9768,85.1883,119.9909,84.9565,122.9619,69.1156,17.46,201.9131,85.0165,93.9268,58.3286
2017-04-13,13.1973,31.7963,46.3467,122.6,52.8677,85.4439,118.818,85.0993,122.4734,69.1483,17.53,200.6018,85.1421,94.2168,58.1974
2017-04-17,13.1212,32.1294,46.6326,122.24,53.0253,85.3081,120.213,84.935,123.4878,69.1401,17.43,202.3791,84.9426,93.9268,58.9018
2017-04-18,13.0705,31.7232,46.4219,122.82,53.0131,85.7955,120.2397,85.435,123.3,69.1973,17.34,201.7751,85.1274,95.1554,59.0606
2017-04-19,12.8422,31.5282,46.2338,121.73,52.9647,85.5718,120.6573,85.1779,123.4972,69.1647,17.18,201.4042,84.9722,94.6365,58.9778
2017-04-20,12.7915,31.9182,46.6025,121.96,53.1404,85.38,122.1945,85.0564,124.5303,69.1565,17.06,203.0434,84.8835,94.2702,58.9847
2017-04-21,12.6647,31.9182,46.6326,122.31,53.098,85.42,121.9191,85.0564,124.5022,69.1892,17.02,202.3963,84.7653,94.2702,58.7706
2017-04-24,12.6224,32.3731,47.814,121.48,53.3465,85.2442,123.4385,84.9421,126.0049,69.1156,16.98,204.6223,84.7432,93.8047,58.1214
2017-04-25,12.6816,32.6574,48.1527,120.25,53.4435,84.8048,124.638,84.6064,126.916,69.0503,16.68,205.8129,84.6028,92.6753,58.3631
2017-04-26,12.6139,32.5356,48.0172,120.84,53.395,85.0285,125.2778,84.8136,126.7375,69.0748,16.57,205.6834,84.7801,93.1866,57.928
2017-04-27,12.5463,32.4949,48.0624,120.39,53.4314,85.0844,125.2422,84.8921,127.4983,69.0993,16.37,205.856,84.854,93.1561,57.7761
2017-04-28,12.5125,32.5437,48.0097,120.77,53.4132,85.1723,123.5629,84.9922,127.7237,69.132,16.3,205.4073,84.9796,93.3621,57.1753
2017-05-01,12.5378,32.7305,48.2054,119.67,53.4406,84.9882,124.2738,84.7286,128.8601,69.0846,15.99,205.925,84.6937,92.586,57.5137
2017-05-02,12.4026,32.9661,48.4537,119.65,53.4588,85.1643,123.6428,84.9792,129.0761,69.1091,15.93,206.0026,84.6937,93.0601,57.417
2017-05-03,12.3518,32.7468,48.3559,117.98,53.5075,84.9882,122.8786,84.9363,128.6629,69.06,15.59,205.7525,84.5085,93.1213,56.6504
2017-05-04,12.0559,32.3812,48.8149,116.79,53.2214,84.7962,122.7099,84.7715,128.7099,69.0519,15.43,205.994,84.19,92.6624,56.3742
2017-05-05,12.225,32.6493,49.3567,117.01,53.3128,84.8122,123.5007,84.8002,129.1794,69.0764,15.5,206.805,84.2567,92.7466,56.906
2017-05-08,12.1743,32.6412,48.988,116.75,53.3736,84.6041,122.9853,84.6498,129.4612,69.0437,15.41,206.7705,83.9307,92.2419,56.5054
2017-05-09,12.1151,33.0555,48.8675,116.05,53.3371,84.5081,122.9321,84.6641,129.912,69.011,15.3,206.5807,83.8567,92.2342,56.2015
2017-05-10,12.3096,33.2748,48.9428,116.04,53.5684,84.4761,123.6962,84.7787,129.9872,69.0273,15.35,206.9517,83.8863,92.1271,56.6435
2017-05-11,12.3603,33.3479,48.8224,116.5,53.5745,84.5401,122.8343,84.8217,129.8839,69.0355,15.45,206.5289,84.1381,92.1271,56.3604
2017-05-12,12.3603,33.486,49.0933,116.83,53.5563,84.9723,122.1856,85.2514,130.175,69.1173,15.57,206.1839,84.2715,92.8231,56.1325
2017-05-15,12.4279,33.8272,49.3416,117.14,53.678,84.9162,123.1364,85.2443,130.5883,69.1091,15.75,207.3227,84.0493,92.5707,56.2982
2017-05-16,12.4448,33.8597,49.6577,117.65,53.7571,85.0282,123.1808,85.3661,131.133,69.1091,15.93,207.1329,84.1085,92.9148,55.9184
2017-05-17,12.5294,33.2829,49.0933,119.79,53.5197,85.7084,119.8576,85.8889,127.7988,69.1827,16.0,203.4575,84.5974,94.2682,56.1463
2017-05-18,12.4956,32.7305,49.1761,118.81,53.5806,85.6844,120.293,85.8745,128.9165,69.15,15.71,204.2771,84.7307,94.3753,56.4571
2017-05-19,12.7407,33.4292,49.748,119.4,53.678,85.6604,120.8706,85.9247,129.4612,69.1663,15.94,205.6058,84.8789,94.5971,56.7609
2017-05-22,12.8253,33.4617,49.8082,119.9,53.8424,85.5644,121.688,85.853,130.5507,69.1418,16.23,206.6497,84.7456,94.3371,56.9819
2017-05-23,12.783,33.4942,49.8157,119.14,53.8363,85.3403,122.0879,85.588,130.6822,69.1173,16.15,207.107,84.6196,93.7024,57.0303
2017-05-24,12.7577,33.6241,49.8458,119.61,53.9276,85.5163,122.1678,85.7241,131.2833,69.1581,16.28,207.5902,84.6715,94.23,57.493
2017-05-25,12.4787,33.7866,49.8458,119.48,53.885,85.5644,122.2478,85.7599,132.401,69.1581,16.23,208.5823,84.5382,94.2606,57.4999
2017-05-26,12.5717,33.9085,49.7028,120.54,53.9154,85.6203,122.2123,85.8244,132.6357,69.15,16.4,208.5392,84.7381,94.4212,57.0855
2017-05-30,12.4702,33.7297,49.6502,120.14,53.9702,85.8364,121.2526,86.0249,132.7485,69.1745,16.47,208.358,84.9233,94.8876,56.7264
2017-05-31,12.3349,33.4698,49.7104,120.62,53.9641,85.8764,121.1282,86.1252,132.7015,69.1827,16.39,208.3062,84.9455,95.1247,56.7609
2017-06-01,12.2504,33.7541,50.0339,120.72,54.1212,85.8316,123.4651,86.1439,133.218,69.1696,16.38,209.9627,84.9069,95.1346,57.0579
2017-06-02,12.1912,33.9247,50.5833,121.61,54.1518,86.2082,124.2649,86.546,134.7396,69.2187,16.59,210.6616,85.2484,96.2611,57.6449
2017-06-05,12.1236,33.8841,50.3048,121.73,54.1029,86.064,123.4918,86.3018,134.7114,69.1614,16.63,210.5063,85.0257,95.6634,57.3963
2017-06-06,12.2081,33.9003,50.1619,123.1,54.0173,86.3365,123.3763,86.5532,134.1761,69.1859,16.76,209.8333,85.1222,96.1845,57.1201
2017-06-07,12.039,33.8597,50.1769,122.45,53.9072,86.1761,123.4918,86.4455,134.702,69.1614,16.65,210.2216,84.9218,95.7247,57.5206
2017-06-08,12.039,34.0628,50.0866,121.65,53.9501,86.0399,125.1801,86.2947,134.8429,69.145,16.49,210.3251,84.8327,95.4718,57.3825
2017-06-09,12.1067,33.8029,49.8985,120.54,53.9928,85.9598,125.8287,86.2085,131.4711,69.1205,16.28,210.0059,84.7585,95.3262,57.783
2017-06-12,11.9968,33.6241,49.7104,120.36,54.0845,85.9438,125.6243,86.23,130.7667,69.1123,16.04,209.9627,84.5803,95.2955,58.301
2017-06-13,12.0475,33.7866,50.0941,120.48,54.1824,85.9758,126.264,86.3234,131.828,69.1123,15.95,210.9895,84.7213,95.3109,58.4322
2017-06-14,11.8361,33.7785,50.0565,119.82,54.1885,86.4246,125.5177,86.9122,131.2551,69.145,15.95,210.722,84.7362,96.7822,58.5151
2017-06-15,11.8869,33.4292,49.5373,119.32,53.9806,86.2724,124.8779,86.704,130.6728,69.1205,15.88,210.3165,84.3205,96.6289,58.812
2017-06-16,11.9376,33.486,49.9587,119.34,53.8889,86.3204,124.5669,86.7758,130.1059,69.1532,15.79,210.3624,84.3947,96.8205,58.6601
2017-06-19,11.8615,33.8191,50.1619,118.43,54.054,86.08,125.4911,86.6681,132.2814,69.1123,15.61,212.1138,84.2982,96.6826,58.667
2017-06-20,11.7431,33.4453,49.7581,118.18,53.8644,86.2964,124.2204,86.862,131.2454,69.1205,15.59,210.6832,84.3872,97.5485,58.5289
2017-06-21,11.6163,33.5188,49.6969,118.52,53.5527,86.2884,123.9094,86.9051,132.5451,69.1286,15.54,210.6312,84.5209,97.7477,58.4115
2017-06-22,11.6332,33.6902,49.6893,118.92,53.6994,86.3685,124.3803,86.9769,132.5073,69.1369,15.68,210.5358,84.7956,97.9622,58.4667
2017-06-23,11.6839,33.8697,49.8116,119.43,53.9195,86.3926,125.2067,87.02,133.016,69.1778,15.79,210.7873,84.8624,97.9163,58.6696
2017-06-26,11.7093,34.1962,49.8957,118.36,53.9928,86.4647,125.3578,87.178,132.3943,69.1778,15.68,210.926,84.996,98.2841,59.0879
2017-06-27,11.8446,33.7963,49.8881,118.81,53.8217,86.0399,124.256,86.783,129.9928,69.1369,15.79,209.2267,84.5951,97.2343,58.5581
2017-06-28,11.9207,34.0574,50.324,118.9,54.0418,85.9598,126.1575,86.8764,131.867,69.1696,15.92,211.0993,84.6619,96.9124,58.6975
2017-06-29,11.9714,33.6249,49.8269,118.32,53.9072,85.6392,125.4111,86.6106,129.5784,69.1286,15.73,209.2441,84.3278,96.1002,58.0282
2017-06-30,12.2166,33.7799,49.8575,118.02,54.0356,85.4389,125.2156,86.5388,129.6255,69.1286,15.71,209.6342,84.2091,95.8779,58.0282
2017-07-03,12.3434,33.9758,49.7963,116.09,54.0092,85.1251,126.264,86.3516,128.26,69.0771,15.3,209.9896,84.0543,95.5693,58.7672
2017-07-05,12.1574,33.9105,49.7963,116.52,53.9662,85.1893,125.8109,86.4956,129.522,69.1016,15.18,210.4751,84.1808,95.5923,57.9375
2017-07-06,12.1658,33.5024,49.5746,116.47,53.8312,85.0288,124.168,86.2724,128.3542,69.1181,15.15,208.5505,83.965,94.8014,56.8499
2017-07-07,12.0475,33.5677,49.5822,115.28,53.7821,84.8923,125.3728,86.2004,129.7386,69.1098,14.73,209.9029,83.7044,94.2332,57.1706
2017-07-10,12.0982,33.886,49.7046,115.47,53.8435,85.0047,124.8284,86.3444,130.5862,69.1425,14.83,210.1284,83.6672,94.3714,56.6477
2017-07-11,12.2166,34.1635,49.8193,115.62,53.8066,85.117,125.1942,86.3804,130.9535,69.1672,14.99,209.9723,83.9352,94.5327,56.585
2017-07-12,12.1574,34.8246,50.2169,116.03,54.1566,85.3659,126.1581,86.7621,132.5073,69.1999,15.05,211.5502,84.1808,95.1853,57.2822
2017-07-13,12.1489,34.996,50.3622,115.82,54.1996,85.2775,126.2651,86.6108,132.7993,69.1672,14.87,211.9057,84.151,94.5864,57.3728
2017-07-14,12.2842,35.4367,50.714,116.77,54.353,85.398,126.4793,86.8124,133.8447,69.1999,15.08,212.894,84.1436,94.7016,57.9236
2017-07-17,12.2419,35.2735,50.6146,117.29,54.3715,85.5023,126.7738,86.8916,133.9106,69.2081,15.22,212.868,84.3148,94.9627,58.3907
2017-07-18,12.2927,35.3796,50.6604,118.11,54.396,85.8153,126.4436,87.266,134.8053,69.2245,15.38,212.9807,84.5529,95.7919,58.2652
2017-07-19,12.4026,35.6734,50.8822,118.08,54.4881,85.8153,127.7019,87.2372,135.5964,69.2245,15.4,214.1338,84.6199,95.8304,58.7045
2017-07-20,12.3857,35.6326,51.0887,118.24,54.5188,85.8394,127.7912,87.3164,135.7753,69.2245,15.42,214.2291,84.4115,96.1068,58.4326
2017-07-21,12.2166,35.6081,50.8898,119.26,54.4758,85.9919,127.2111,87.518,135.7188,69.2572,15.6,214.0384,84.5381,96.5138,58.3907
2017-07-24,12.2419,35.7142,50.7522,119.31,54.5188,85.9357,127.3896,87.4173,136.3404,69.2326,15.58,213.9864,84.5381,96.1375,58.2792
2017-07-25,12.3772,35.6244,50.821,118.92,54.5434,85.4542,128.5497,86.8988,135.9919,69.1917,15.59,214.5066,84.2106,94.8859,58.3559
2017-07-26,12.4956,35.9182,51.1345,119.88,54.6232,85.7271,127.8357,87.1869,136.4346,69.2408,15.75,214.5153,84.4562,95.0394,58.7603
2017-07-27,12.5717,35.7223,51.0198,119.79,54.5802,85.5906,127.0237,86.9708,135.5775,69.2245,15.68,214.3159,84.3967,94.571,58.83
2017-07-28,12.6393,35.706,51.0734,120.69,54.5863,85.735,126.6845,87.2012,135.4646,69.2654,15.81,214.0644,84.5976,95.1316,58.6696
2017-07-31,12.7154,35.7468,51.1804,120.75,54.5863,85.7591,126.283,87.2012,134.8901,69.2572,15.9,213.9431,84.5976,95.2468,58.7463
2017-08-01,12.5717,35.8529,51.4634,120.65,54.6406,85.9721,126.5239,87.5174,135.2009,69.2826,15.79,214.4199,84.6699,95.9155,59.0112
2017-08-02,12.597,35.8856,51.4863,120.4,54.6529,85.8918,125.1407,87.3803,135.5681,69.2498,15.67,214.5239,84.6252,95.9693,58.4744
2017-08-03,12.504,35.7387,51.5169,120.59,54.5481,86.1892,124.516,87.503,135.0407,69.2744,15.72,214.1078,84.8564,96.9621,58.3559
2017-08-04,12.5294,35.8692,51.5857,119.65,54.5604,85.956,125.1229,87.1637,135.2856,69.2498,15.38,214.4979,84.7371,96.1386,58.5511
2017-08-07,12.5547,36.1141,51.6086,119.51,54.5358,86.0043,125.3281,87.1853,136.1425,69.2744,15.33,214.8967,84.834,96.2464,58.4883
2017-08-08,12.5632,36.1222,51.3334,119.86,54.3015,85.9319,124.9355,86.7667,135.9072,69.2744,15.56,214.3678,84.8936,95.9001,58.2095
2017-08-09,12.6477,35.7958,51.2492,121.31,54.0919,86.0365,123.8557,86.8533,135.7282,69.2662,15.98,214.3592,85.0502,96.4233,58.0143
2017-08-10,12.4533,34.947,50.5228,122.21,53.7467,86.358,121.6068,86.8244,132.8182,69.2908,16.18,211.3334,85.2665,97.2467,57.5959
2017-08-11,12.4956,35.0286,50.431,122.79,53.8391,86.4545,121.7853,86.9832,133.8259,69.381,16.17,211.6456,85.2143,97.293,57.2403
2017-08-14,12.3857,35.3877,50.7981,121.92,54.1227,86.2455,123.6325,86.9255,135.5493,69.3236,16.13,213.7436,84.8788,96.7928,58.1955
2017-08-15,12.3265,35.4285,50.7598,120.98,54.1412,85.9882,122.6153,86.8244,135.6435,69.2908,15.74,213.7177,84.6252,96.3849,58.0212
2017-08-16,12.2927,35.7958,51.0504,121.87,54.1474,86.149,122.6509,87.0698,135.8789,69.3318,16.15,214.0904,84.7743,96.7389,58.2513
2017-08-17,12.3265,35.3388,50.4769,122.49,53.8453,86.4545,120.411,87.1565,133.1007,69.3482,16.12,210.7526,84.9831,97.4622,57.8887
2017-08-18,12.5463,35.6407,50.6146,122.3,53.9255,86.4705,120.4021,87.0987,133.0065,69.34,16.1,210.4231,84.998,97.4392,57.3031
2017-08-21,12.3941,35.7713,50.5993,122.76,53.9809,86.5268,120.3218,87.2215,132.837,69.3564,16.07,210.5879,85.0279,97.6777,57.9166
2017-08-22,12.4279,36.1712,50.844,122.21,54.2029,86.358,121.6247,87.1349,134.8618,69.3482,16.07,212.79,84.9235,97.3006,57.7493
2017-08-23,12.5378,36.3426,50.8516,122.67,54.209,86.6554,121.4283,87.4669,134.3815,69.4137,16.15,212.027,85.1546,97.9624,58.3419
2017-08-24,12.5294,36.4569,50.7369,122.29,54.2892,86.5188,121.8032,87.3008,133.986,69.3482,16.03,211.5329,84.9384,97.6008,58.1606
2017-08-25,12.504,36.6691,51.0428,122.74,54.3878,86.6635,122.1512,87.503,133.7034,69.3728,16.11,212.027,85.0801,97.9779,58.4395
2017-08-28,12.5125,36.5385,51.0428,124.69,54.394,86.7438,122.6688,87.503,134.1178,69.3482,16.5,212.0357,85.1472,97.9163,57.9933
2017-08-29,12.5125,36.4732,50.8363,124.42,54.3261,86.9448,122.6956,87.568,134.6452,69.381,16.42,212.2784,85.2814,98.2318,57.9306
2017-08-30,12.4195,36.5303,50.7675,124.36,54.4742,86.8725,123.4809,87.6402,136.2273,69.3973,16.46,213.2842,85.2591,98.201,58.2583
2017-08-31,12.7661,36.5875,51.1575,125.82,54.6221,87.0091,124.6945,87.7918,137.6871,69.3973,16.65,214.5673,85.4753,98.4934,58.5929
2017-09-01,12.783,36.8568,51.2263,126.06,54.6778,86.7531,125.3995,87.4443,137.4988,69.3826,16.73,214.8707,85.2788,97.7401,58.7951
2017-09-05,12.8084,36.3752,50.8822,127.46,54.554,87.3569,124.1948,87.9872,136.265,69.4482,16.91,213.3275,85.8318,99.29,58.6348
2017-09-06,12.9352,36.6119,51.1957,126.81,54.5168,87.1476,124.4537,87.676,136.6794,69.44,16.87,214.0557,85.7272,98.6808,58.7882
2017-09-07,12.9267,36.8813,51.6163,128.13,54.523,87.5259,124.1413,88.0162,136.9996,69.481,17.1,214.0298,86.0858,99.691,59.1646
2017-09-08,12.783,36.6364,51.6239,127.97,54.3497,87.4616,124.2394,87.7556,135.813,69.4646,17.02,213.7783,86.1008,99.4751,59.2134
2017-09-11,12.8084,37.1261,52.0292,126.19,54.523,86.9624,125.5423,87.4878,137.3763,69.399,16.77,216.0584,85.772,98.2876,59.7572
2017-09-12,12.8422,37.0853,52.1898,126.56,54.5911,86.7531,126.3097,87.3936,137.706,69.3662,16.89,216.7867,85.63,97.7709,59.0531
2017-09-13,12.9014,36.8894,51.9069,125.61,54.6097,86.576,126.6845,87.3068,137.8943,69.3498,16.76,216.8907,85.4731,97.3853,58.8997
2017-09-14,12.9098,36.9874,51.9986,126.16,54.684,86.5921,126.5686,87.524,137.0844,69.358,16.77,216.8214,85.6076,97.7863,59.3877
2017-09-15,12.969,37.2077,52.0445,125.53,54.7335,86.6968,127.0862,87.5963,137.5553,69.3498,16.62,217.1133,85.5627,97.8249,59.4993
2017-09-18,12.9521,37.3383,52.1133,124.36,54.7088,86.3586,127.9518,87.5095,137.375,69.3088,16.27,217.5751,85.5254,97.2619,59.1786
2017-09-19,12.9267,37.4199,52.358,124.62,54.7645,86.262,127.9518,87.5602,137.611,69.317,16.36,217.7929,85.4282,97.0229,58.7882
2017-09-20,13.0366,37.2485,52.2433,123.62,54.7583,86.093,128.3623,87.4516,137.1862,69.2595,16.19,217.8713,85.1891,97.0923,58.6278
2017-09-21,12.9859,37.2485,52.1363,122.68,54.6902,85.9802,128.2285,87.4516,136.3463,69.2431,16.03,217.2875,84.9948,97.0383,58.5162
2017-09-22,13.0366,37.0363,52.2969,123.24,54.7459,86.1332,128.7728,87.5674,136.2141,69.2595,16.05,217.3311,85.2115,97.3159,58.1035
2017-09-25,13.2565,36.4079,51.9986,124.53,54.7769,86.3908,128.9513,87.8931,134.7795,69.3006,16.21,216.8867,85.4506,97.9251,58.4416
2017-09-26,13.1381,36.31,51.8839,123.14,54.845,86.3184,129.3618,87.8787,135.1287,69.2842,15.91,217.0174,85.3834,97.7478,58.5402
2017-09-27,13.0874,36.1794,51.9222,121.98,54.8697,85.8756,131.8935,87.5384,136.3463,69.276,15.83,217.8626,85.1219,96.2749,58.0119
2017-09-28,13.0874,36.1549,52.0598,122.21,54.8697,85.8595,132.2423,87.6687,136.2991,69.2842,15.92,218.124,85.0621,95.9896,58.4063
2017-09-29,13.0197,36.5711,52.3657,121.58,54.9502,85.7548,132.5555,87.7483,137.2806,69.2677,15.74,218.8907,84.8753,96.2055,58.5261
2017-10-02,12.9098,36.5793,52.3198,120.77,54.9222,85.6573,134.1835,87.8303,137.4033,69.3195,15.67,219.8404,84.7616,96.0294,58.4416
2017-10-03,12.9183,37.1587,52.4957,120.83,55.0217,85.7782,134.4787,88.0263,137.6959,69.2784,15.71,220.3109,84.8439,96.122,58.357
2017-10-04,12.9352,37.1506,52.3963,121.17,54.9657,85.754,134.0494,87.9755,137.828,69.4098,15.69,220.5723,84.9186,96.1298,58.6529
2017-10-05,13.0789,37.4281,52.3657,120.52,55.0341,85.6653,134.4161,87.8521,139.1777,69.262,15.69,221.8792,84.8289,95.7666,58.8642
2017-10-06,12.876,37.2404,52.3275,121.09,54.9533,85.5605,134.2283,87.7796,139.3664,69.2374,15.85,221.6265,84.7616,95.4962,58.674
2017-10-09,12.8845,37.2159,52.3427,122.08,54.9596,85.6573,133.6737,87.8521,139.206,69.2374,16.02,221.2606,84.7915,95.7975,58.8149
2017-10-10,13.0366,37.5831,52.8398,122.4,55.0031,85.6896,134.0583,87.9102,139.3099,69.2538,16.15,221.8443,84.9411,95.9521,58.991
2017-10-11,13.062,37.7545,52.9698,122.79,54.9471,85.7863,133.9599,87.8667,139.7251,69.2456,16.25,222.1928,85.0457,96.1375,59.1882
2017-10-12,13.0451,37.7382,52.9239,122.89,54.885,85.8669,133.8615,87.8884,139.4703,69.2374,16.26,221.8618,85.2027,96.5471,59.5686
2017-10-13,13.1719,38.081,53.1992,123.82,54.9098,86.1571,133.6199,88.2368,140.0083,69.2784,16.41,222.1319,85.3223,97.2425,59.7235
2017-10-16,13.2057,38.0565,53.161,122.97,54.9409,86.0121,133.5037,88.1134,140.4896,69.2128,16.25,222.4281,85.128,97.1729,59.4277
2017-10-17,13.1888,37.8606,53.0233,122.13,55.0217,85.9798,133.119,88.0989,140.669,69.221,16.09,222.5849,84.9709,97.2965,59.4981
2017-10-18,13.1804,37.9504,53.1762,121.67,55.0777,85.7621,133.7541,87.9682,140.4991,69.1963,16.06,222.8027,84.8663,96.6552,59.4347
2017-10-19,13.1212,37.6158,53.0921,122.39,55.0839,85.8508,133.5484,88.0989,139.9799,69.2374,16.27,222.8637,84.9784,96.8252,59.2587
2017-10-20,13.1888,37.7545,53.0233,121.61,55.1336,85.496,134.1657,87.8594,140.3575,69.1963,16.08,224.0137,84.7841,95.7975,58.9205
2017-10-23,13.1888,37.4525,52.9086,121.8,55.0714,85.5766,133.1637,87.9465,139.442,69.1963,16.14,223.1425,84.7915,95.9675,58.6951
2017-10-24,13.3241,37.4525,52.9927,121.33,55.0714,85.3187,133.4411,87.7287,139.678,69.1799,16.02,223.5346,84.6719,95.3726,58.343
2017-10-25,13.341,37.3709,52.7863,121.35,54.916,85.1816,132.797,87.4965,139.1494,69.1635,16.01,222.4281,84.5822,94.9167,58.1739
2017-10-26,13.4002,37.1179,52.7786,120.33,54.8477,85.0687,133.0743,87.4893,138.7058,69.1635,15.85,222.7156,84.5448,94.5999,57.6949
2017-10-27,13.4678,37.6566,52.901,120.9,54.9969,85.3428,133.9957,87.7505,142.7454,69.2128,15.91,224.5365,84.814,95.2257,57.9555
2017-10-30,13.5016,37.4199,53.0233,121.13,54.9844,85.6492,132.5823,88.0409,143.0663,69.2456,15.91,223.7001,85.0383,96.1375,57.9063
2017-10-31,13.5355,37.7708,53.2451,120.67,54.9969,85.5928,133.5216,87.9174,143.6043,69.2045,15.79,224.0486,85.0756,96.1684,57.8992
2017-11-01,13.5439,37.9667,53.2986,121.11,54.9444,85.6445,132.636,88.0564,143.5571,69.1947,16.18,224.3448,85.164,96.5966,58.181
2017-11-02,13.6285,38.0157,53.4592,121.19,54.9132,85.7575,133.0296,88.0418,143.2834,69.2111,16.17,224.432,85.2913,97.0225,58.674
2017-11-03,13.713,37.8198,53.3751,120.62,54.9194,85.8948,132.9401,88.1437,144.6614,69.17,15.92,225.1813,85.3513,97.2858,58.5261
2017-11-06,13.9751,38.2442,53.4515,121.65,54.9257,85.9998,133.0921,88.1656,145.1522,69.2111,16.27,225.5299,85.4936,97.6497,58.9205
2017-11-07,13.8905,37.9994,53.2527,121.21,54.7696,86.032,131.4999,88.0928,145.2372,69.1783,16.01,225.3729,85.6134,98.0601,59.3995
2017-11-08,13.8652,38.1789,53.4286,121.63,54.5262,85.9271,131.6788,87.9764,145.8223,69.17,16.06,225.7563,85.561,97.8433,59.6954
2017-11-09,13.8905,37.9422,53.1227,122.13,54.2577,85.8948,131.2136,87.7436,145.0578,69.1618,16.07,224.9373,85.546,97.5645,59.7587
2017-11-10,13.8652,37.779,52.9774,121.13,54.3763,85.4587,131.1152,87.2414,145.0484,69.1372,15.95,224.8676,85.1715,96.0933,59.8221
2017-11-13,13.8229,37.6974,52.7557,121.31,54.3389,85.4183,131.151,87.256,145.2277,69.1289,16.09,225.0768,85.164,96.2947,60.125
2017-11-14,13.6369,37.4444,52.7174,121.56,54.108,85.5395,130.7932,87.2778,144.6992,69.1454,16.08,224.554,85.2689,96.9451,59.9982
2017-11-15,13.62,37.2485,52.4651,121.41,54.108,85.8463,130.2743,87.649,144.0196,69.1207,16.03,223.43,85.5086,97.9982,59.3924
2017-11-16,13.5777,38.0239,52.8857,121.4,54.6385,85.6283,132.1887,87.5471,145.86,69.1289,16.12,225.3294,85.3288,97.1464,59.8855
2017-11-17,13.7975,38.2116,52.6945,122.86,54.6011,85.7413,132.797,87.6562,145.3032,69.0879,16.31,224.6672,85.4786,97.8666,59.6249
2017-11-20,13.6876,38.4074,52.8092,121.31,54.6136,85.6041,133.7631,87.6562,145.19,69.0632,15.98,225.0506,85.3513,97.8278,59.4488
2017-11-21,13.7806,38.9216,53.2068,121.51,54.7259,85.6202,135.1586,87.9473,146.7661,69.0468,16.01,226.5231,85.3438,98.1375,59.8926
2017-11-22,13.8567,39.0195,53.3521,122.63,54.8133,85.8948,134.9797,88.2893,146.9455,69.1043,16.17,226.3226,85.5984,98.455,59.7587
2017-11-24,13.899,38.9379,53.788,122.32,54.8508,85.8221,135.0333,88.1874,147.4835,69.1043,16.08,226.8454,85.4936,98.184,59.8362
2017-11-27,13.8736,38.3666,53.4668,122.83,54.6823,85.8786,134.6219,88.1365,147.4174,69.1043,16.1,226.7321,85.4786,98.0447,59.5545
2017-11-28,13.8145,38.6523,53.7727,122.81,54.8508,85.8948,136.7419,88.2602,147.7949,69.1125,15.91,229.0324,85.4711,98.1762,59.3291
2017-11-29,13.7215,38.0402,53.5586,122.04,54.7821,85.6202,137.1982,87.9109,145.2183,69.096,15.64,228.8929,85.2389,97.2084,59.3502
2017-11-30,13.6623,37.6239,53.6121,121.1,54.7946,85.3537,137.4487,87.809,146.4358,69.055,15.51,230.8969,85.149,96.8831,59.4418
2017-12-01,13.7806,37.4117,53.398,121.59,54.7771,85.6692,136.8851,88.0804,145.8129,69.0707,15.53,230.4176,85.4733,98.1905,59.5827
2017-12-04,13.6115,37.4852,53.2068,121.18,54.7582,85.6287,136.3752,88.2191,144.1328,69.0295,15.44,230.1389,85.5034,98.2371,59.2868
2017-12-05,13.6115,37.4607,53.0921,120.32,54.7269,85.6934,135.0155,88.3869,144.2272,69.0213,15.23,229.3111,85.5936,98.7259,58.7938
2017-12-06,13.3833,36.9547,52.9851,120.07,54.6768,85.8713,134.3803,88.5547,144.8785,69.0542,15.1,229.3547,85.6839,99.0673,58.7374
2017-12-07,13.4255,37.0608,53.1227,118.49,54.7018,85.7177,135.3196,88.3796,145.3693,69.0624,14.87,230.0779,85.5711,98.2914,58.8853
2017-12-08,13.4932,37.4934,53.4057,118.48,54.7582,85.653,135.4449,88.2702,146.0111,69.0624,14.96,231.3325,85.5335,98.2992,59.1882
2017-12-11,13.527,37.6811,53.5433,118.01,54.7708,85.5963,135.3912,88.3358,147.1437,69.0295,14.85,232.0296,85.4658,98.0974,59.1812
2017-12-12,13.4086,37.4281,53.6121,118.15,54.7457,85.5236,134.9708,88.2702,146.9455,69.0295,14.86,232.439,85.5335,98.0586,59.47
2017-12-13,13.3495,37.8769,53.8186,119.17,54.7771,85.8713,135.7758,88.5766,147.2287,69.1035,15.15,232.4129,85.6839,98.7957,59.5686
2017-12-14,13.3917,37.5995,53.5204,118.93,54.6642,85.839,134.273,88.7371,147.1248,69.0789,15.02,231.4632,85.6839,99.2147,59.5545
2017-12-15,13.3917,37.6811,53.5051,119.18,54.6705,85.8228,136.1873,88.8612,148.7954,69.0459,15.15,233.3907,85.6839,99.5872,59.9278
2017-12-18,13.4509,38.1055,54.1398,119.73,54.7269,85.6287,138.0301,88.5985,150.0429,69.0459,15.22,234.8707,85.5335,98.6793,60.3222
2017-12-19,13.5524,37.9041,53.9412,119.82,54.614,85.2405,136.9387,88.1461,149.1538,69.013,15.22,233.9687,85.2776,97.3991,59.0403
2017-12-20,13.6285,37.9538,53.8484,120.14,54.6579,84.9898,137.2071,87.9126,148.9931,69.0213,15.25,233.8461,84.9918,96.3206,58.357
2017-12-21,13.6369,38.2024,54.0416,120.31,54.7152,85.0498,137.8078,88.1495,149.012,69.0163,15.22,234.3277,85.2148,96.882,58.131
2017-12-22,13.6961,38.5255,54.1807,120.94,54.7656,85.0822,137.5565,88.2153,148.8417,68.9916,15.4,234.2664,85.2675,97.0142,58.5316
2017-12-26,13.899,38.4924,54.1653,121.77,54.8474,85.1146,137.6373,88.3323,148.0378,68.9834,15.59,233.9862,85.3429,97.3018,58.8248
2017-12-27,13.9328,38.5918,54.2657,122.23,54.8726,85.4791,137.5025,88.8222,148.0567,69.0163,15.73,234.1,85.697,98.5693,59.018
2017-12-28,14.0004,38.8569,54.2966,122.85,54.8474,85.3738,138.0413,88.7637,148.2364,69.0246,15.88,234.5817,85.7271,98.4838,59.3327
2017-12-29,14.0427,39.0392,54.3353,123.65,54.9292,85.5114,136.9009,88.8807,147.319,69.041,15.99,233.6972,85.9456,98.6393,59.3541
2018-01-02,14.1104,39.7766,54.7371,125.15,54.9796,85.228,138.1939,88.2885,149.9011,69.0163,16.21,235.3698,85.7346,97.574,59.1324
2018-01-03,14.1949,40.1577,54.9999,124.82,55.244,85.317,138.3376,88.4493,151.3576,69.0163,16.17,236.8586,85.8175,98.0405,58.9607
2018-01-04,14.178,40.3565,55.6027,125.46,55.3384,85.2765,138.7058,88.42,151.6224,68.9834,16.23,237.8569,85.8401,98.025,57.945
2018-01-05,14.1273,40.7045,55.9118,125.33,55.3762,85.1713,138.9931,88.3908,153.1451,68.9834,16.22,239.442,85.825,97.7451,57.9737
2018-01-08,14.1188,40.7045,55.8963,125.31,55.3321,85.1308,139.2087,88.3835,153.741,68.9834,16.15,239.8798,85.7346,97.6829,58.2741
2018-01-09,14.2118,40.6382,55.9581,124.73,55.1622,84.7257,139.0201,88.0618,153.7505,68.9587,16.03,240.4228,85.4559,96.3766,57.523
2018-01-10,14.2625,40.3814,55.85,125.03,55.0425,84.7015,139.038,88.1203,153.3911,68.9834,16.02,240.055,85.4257,96.26,56.8793
2018-01-11,14.2541,40.6299,56.2363,125.44,55.2251,84.7582,141.4266,88.3323,154.441,68.9587,16.01,241.8065,85.3353,96.6565,56.6861
2018-01-12,14.3471,41.0193,56.8005,126.96,55.1307,84.7015,142.0192,88.3469,155.5759,68.9505,16.27,243.3828,85.4182,96.8198,56.2284
2018-01-16,14.2794,40.8619,56.7464,127.17,55.0992,84.742,140.2054,88.4274,155.1314,68.9422,16.25,242.5508,85.5613,97.2241,56.3357
2018-01-17,14.2964,41.4004,57.0401,126.14,55.1055,84.5557,141.5343,88.1861,156.8054,68.9175,16.06,244.8627,85.5011,97.0919,56.7291
2018-01-18,14.2964,41.4501,56.9705,125.86,55.0488,84.2884,140.5646,87.8425,156.8338,68.901,15.97,244.4512,85.4257,96.19,55.9995
2018-01-19,14.271,41.7898,57.2874,126.42,55.1055,84.0697,142.4144,87.5719,157.3257,68.9258,16.05,245.5633,85.2826,95.6846,56.2999
2018-01-22,14.3048,42.0301,57.581,126.65,55.1559,84.0372,143.1776,87.4915,159.0092,68.8928,16.04,247.56,85.2374,95.7779,56.8149
2018-01-23,14.4063,42.2289,57.7665,127.28,55.3195,84.2803,143.6355,87.8717,160.3238,68.934,16.08,248.0854,85.3655,96.19,57.6017
2018-01-24,14.5584,42.5852,57.867,128.83,55.2377,84.1182,142.7466,87.8132,159.2835,68.9175,16.56,247.9891,85.3052,95.669,57.3013
2018-01-25,14.4739,42.5603,57.6428,127.97,55.1999,84.3046,142.8004,88.2592,159.2267,68.901,16.31,248.0942,85.4634,96.4544,57.2011
2018-01-26,14.5838,43.1486,58.1529,128.07,55.244,84.0535,143.3123,88.1422,161.6669,68.8599,16.41,250.9666,85.4107,96.0966,57.0009
2018-01-29,14.5415,42.4941,57.6196,127.35,55.0488,83.8429,142.5041,87.9082,160.8819,68.8352,16.21,249.3027,85.2072,95.428,56.2355
2018-01-30,14.4401,41.9141,57.1405,126.8,54.86,83.6485,141.1392,87.6085,159.5577,68.8434,16.15,246.7456,85.0038,94.8682,55.8278
2018-01-31,14.457,42.2786,57.0632,127.65,54.9544,83.6727,140.4029,87.7913,160.2198,68.8434,16.35,246.8681,85.2148,95.428,56.8292
2018-02-01,14.6007,41.707,57.2255,128.07,54.8508,83.2411,140.8429,87.4035,158.8578,68.8154,16.25,246.5878,84.7785,94.045,55.6061
2018-02-02,14.364,40.6382,56.0663,126.39,54.5031,82.9328,138.1311,86.9563,155.6894,68.8237,15.66,241.2197,84.673,93.1723,55.134
2018-02-05,14.2287,39.2132,53.717,126.71,54.1996,83.6143,132.8242,87.0075,149.5511,68.9473,15.74,231.1313,84.9895,94.0527,53.496
2018-02-06,14.1442,40.4891,54.7758,125.38,54.5284,83.2493,134.4136,86.8316,153.514,68.8978,15.65,235.6851,84.6429,93.4684,53.5031
2018-02-07,13.9835,39.2132,54.1962,124.79,54.326,83.0059,134.5483,86.5897,151.5278,68.8484,15.41,234.4065,84.4545,92.5801,53.2742
2018-02-08,13.8398,37.8544,52.782,124.98,53.852,83.0789,130.5973,86.2158,145.1342,68.8566,15.46,225.6142,84.2812,92.4789,51.7435
2018-02-09,13.6369,38.4592,53.0061,124.77,53.7002,82.9328,131.7916,85.9372,147.6406,68.9143,15.39,229.0033,84.0174,91.8945,53.0382
2018-02-12,13.7215,39.064,53.8175,125.37,54.0669,82.9085,133.0397,85.9372,150.2605,68.8813,15.57,232.3661,84.0777,92.2997,53.0597
2018-02-13,13.7468,39.3623,53.6552,126.08,53.8962,83.0464,133.3271,85.9078,151.036,68.8813,15.62,232.944,84.138,92.7126,53.4316
2018-02-14,13.9582,40.3482,54.6058,128.23,53.991,82.5434,135.7246,85.5926,153.864,68.7824,15.91,236.0879,84.0626,91.6841,53.0454
2018-02-15,13.9835,41.1767,54.9458,128.38,54.4272,82.5677,137.2063,85.9958,156.7203,68.7577,15.91,239.1004,84.1079,91.9958,53.5604
2018-02-16,14.0089,41.0442,55.1931,127.96,54.6484,82.7625,137.6911,86.2524,156.0204,68.7742,15.73,239.1705,84.2435,92.4944,53.8536
2018-02-20,14.0512,40.4808,54.6753,126.24,54.4588,82.6732,136.5597,85.8859,156.3326,68.7659,15.54,237.673,84.1757,92.0893,53.217
2018-02-21,14.0343,40.4476,54.4126,125.66,54.2123,82.4298,136.7034,85.4167,155.888,68.7742,15.54,236.4907,83.9345,90.9595,52.1656
2018-02-22,14.1611,40.4725,54.6985,126.3,54.2502,82.5434,136.4878,85.5339,155.8691,68.7824,15.66,236.7972,84.0099,91.2322,52.7593
2018-02-23,14.2541,41.1933,55.1313,126.14,54.6105,82.8598,138.2658,85.9298,159.0565,68.7989,15.59,240.5717,84.3189,92.0425,53.6033
2018-02-26,14.3302,41.5744,55.649,126.45,54.7053,82.9572,139.1727,86.0398,161.1656,68.8072,15.68,243.3652,84.4243,92.0737,53.7535
2018-02-27,14.1864,40.3648,54.8221,125.13,54.56,82.6976,137.1703,85.6659,159.17,68.7577,15.48,240.3264,84.2134,91.9413,52.5017
2018-02-28,14.0343,39.7848,54.3044,125.0,54.4778,82.8923,135.0063,85.8272,158.1484,68.7742,15.46,237.8919,84.3339,92.5256,52.466
2018-03-01,14.0596,39.7103,53.3925,124.72,54.1167,83.2491,134.6471,85.739,155.5664,68.8699,15.54,234.4328,84.5901,93.1572,52.516
2018-03-02,14.0596,39.876,53.6475,125.39,54.4213,82.9402,136.8021,85.467,156.9946,68.8369,15.56,235.6413,84.5223,92.3999,52.4946
2018-03-05,14.1442,39.934,53.9334,125.18,54.4213,82.8346,138.0233,85.4376,158.7349,68.8369,15.49,238.3649,84.4696,92.15,53.0883
2018-03-06,14.1949,40.3068,54.2503,126.53,54.4974,82.8264,139.5139,85.5111,159.4064,68.8204,15.78,238.9691,84.447,92.236,53.3386
2018-03-07,14.0427,40.3482,54.2348,125.72,54.3642,82.8264,140.7441,85.4817,159.7753,68.8204,15.53,238.8815,84.447,92.1345,53.6676
2018-03-08,13.9582,40.3565,54.3507,125.42,54.4277,82.9971,140.4568,85.6508,160.6549,68.8369,15.55,240.0375,84.5298,92.6653,53.7678
2018-03-09,14.0934,41.2182,54.6985,125.54,54.6244,82.8183,142.7017,85.3493,163.776,68.8039,15.63,244.2148,84.4017,92.0564,54.0611
2018-03-12,14.0681,41.3176,54.7603,125.54,54.5355,83.0134,142.9531,85.4596,164.6462,68.8369,15.61,243.9082,84.462,92.5873,54.2971
2018-03-13,14.0258,40.9448,54.3971,125.78,54.3642,83.1515,142.2887,85.467,162.4046,68.8534,15.61,242.3318,84.5298,93.0557,54.3472
2018-03-14,14.0258,41.011,54.5285,125.7,54.3007,83.314,141.6152,85.6581,162.3763,68.8452,15.61,241.0883,84.673,93.8755,54.3972
2018-03-15,14.0174,40.8619,54.4976,124.9,54.3388,83.2815,140.9058,85.7463,162.2344,68.8534,15.45,240.8256,84.6806,93.8755,54.3829
2018-03-16,14.0681,40.7708,54.4589,124.6,54.4531,83.184,141.696,85.8419,161.752,68.8204,15.39,241.0868,84.5374,93.5397,54.762
2018-03-19,13.9751,40.3317,54.0184,124.87,54.2309,83.1027,140.3311,85.5552,158.3008,68.8204,15.39,237.8248,84.4846,93.2431,54.2899
2018-03-20,14.0681,40.779,54.0107,124.31,54.3388,82.9402,140.2952,85.2538,158.8219,68.7956,15.28,238.2292,84.3565,92.8683,54.104
2018-03-21,14.3217,41.0193,54.0957,126.48,54.3578,82.9971,141.1123,85.2023,158.1303,68.8452,15.65,237.772,84.5374,92.9699,53.7034
2018-03-22,14.2118,39.6523,53.0911,125.98,54.0341,83.3384,138.018,85.3493,154.2272,68.8782,15.44,231.8284,84.786,93.8911,53.3887
2018-03-23,14.3386,38.8486,52.5037,127.61,53.8945,83.4522,135.0479,85.0773,150.1632,68.8947,15.58,226.8871,84.8313,93.8208,52.4374
2018-03-26,14.3471,40.108,53.4466,128.28,54.2436,83.2246,138.0001,85.3787,155.743,68.8616,15.72,233.0945,84.6806,93.4617,53.0339
2018-03-27,14.2879,39.3789,53.0524,127.49,54.1928,83.6959,135.327,85.6876,150.7032,68.9112,15.57,229.1291,85.0046,94.461,53.2362
2018-03-28,14.2287,39.18,53.3616,125.73,54.1674,83.6797,135.282,85.9154,148.9695,68.9194,15.36,228.4521,85.0046,94.7109,54.5723
2018-03-29,14.3555,40.0003,53.8484,125.79,54.3515,83.8503,136.65,86.3051,151.6979,68.9441,15.41,231.3712,85.1854,95.1715,54.5073
2018-04-02,14.1611,39.2795,53.1065,127.26,54.1406,83.9358,133.3199,86.2586,147.3212,68.964,15.65,226.3771,85.27,95.3593,53.7706
2018-04-03,14.2372,39.6688,53.4466,126.3,54.2935,83.6672,135.228,86.0301,148.979,68.9309,15.46,229.2786,85.2171,94.6239,54.2256
2018-04-04,14.178,39.6854,53.632,126.45,54.4146,83.6183,136.947,86.0301,151.3284,68.8897,15.38,231.7316,85.1718,94.4282,54.7962
2018-04-05,14.2456,39.7848,53.9875,125.8,54.4592,83.4067,138.081,86.0596,152.1905,68.9062,15.45,233.5605,84.93,93.724,54.7745
2018-04-06,14.1442,39.006,53.632,126.39,54.3381,83.7729,135.327,86.3176,148.3822,68.964,15.43,228.3554,85.27,94.749,54.3629
2018-04-09,14.3217,39.0475,54.0725,126.82,54.542,83.7893,135.489,86.3619,149.4243,68.9558,15.56,229.4809,85.2549,94.9055,54.1895
2018-04-10,14.5669,39.8097,54.6521,127.12,54.7396,83.6427,138.045,86.384,152.721,68.9227,15.62,233.1296,85.2171,94.7334,54.1317
2018-04-11,14.6768,39.8263,54.4435,128.11,54.7587,83.7242,138.342,86.443,151.84,68.9227,15.69,231.9075,85.4664,95.0698,54.2473
2018-04-12,14.6176,39.8097,54.6521,126.62,54.9562,83.423,139.2871,86.207,153.6684,68.8814,15.52,233.8154,85.3304,94.3734,53.6406
2018-04-13,14.6261,39.412,54.7062,127.45,54.9881,83.4962,138.558,86.2365,152.8726,68.8649,15.68,233.1296,85.4514,94.5925,53.9223
2018-04-16,14.5753,39.4617,54.7912,127.63,55.0709,83.4555,139.8361,86.2439,154.0378,68.8566,15.72,235.0464,85.3758,94.6239,54.2545
2018-04-17,14.5838,39.5446,55.0385,127.75,55.0964,83.5044,141.3571,86.2513,157.3535,68.8566,15.8,237.561,85.5042,94.882,54.8901
2018-04-18,14.8543,39.8843,55.3245,127.85,55.0391,83.1788,141.7351,85.8089,157.6756,68.7988,16.18,237.7369,85.3304,94.1231,54.7745
2018-04-19,14.7952,39.6523,55.1158,127.6,54.867,82.9509,140.7541,85.4845,156.2262,68.7988,16.26,236.418,85.1944,93.3563,53.9801
2018-04-20,14.7698,39.1552,54.9072,126.63,54.7332,82.6741,139.9981,85.1379,153.7536,68.774,16.13,234.4133,84.8998,92.6835,53.4817
2018-04-23,14.7613,38.8403,54.8376,125.62,54.5866,82.5927,139.7911,85.1011,153.3652,68.7657,15.67,234.3781,84.8772,92.7069,53.4384
2018-04-24,14.6853,38.6581,54.6135,126.23,54.4783,82.495,138.9901,84.8504,150.1158,68.7823,15.76,231.2218,84.643,92.2844,53.6406
2018-04-25,14.7106,38.3598,54.5208,125.41,54.4847,82.316,138.7831,84.5849,150.2958,68.774,15.61,231.7933,84.5145,91.6664,53.5395
2018-04-26,14.7867,38.9149,54.7912,124.97,54.6758,82.552,139.4221,84.8356,153.4599,68.7905,15.58,234.1496,84.7336,92.3079,54.2401
2018-04-27,14.7782,39.1552,54.8453,125.5,54.6504,82.6904,139.2241,85.0273,153.5547,68.807,15.57,234.3694,85.0056,93.0199,55.1718
2018-04-30,14.8459,38.8735,54.6676,124.59,54.6121,82.7799,137.991,84.9536,152.4652,68.7823,15.38,232.5669,85.0735,93.1842,54.9551
2018-05-01,14.7613,38.6829,54.4744,123.71,54.6525,82.6503,138.6661,84.7236,154.2083,68.7517,15.24,232.9802,84.83,92.8486,55.4534
2018-05-02,14.7613,38.3764,54.4512,123.65,54.6332,82.6666,139.1881,84.6571,153.2989,68.7765,15.42,231.4152,84.9362,92.7467,55.2512
2018-05-03,14.8543,38.2935,54.6212,124.28,54.6268,82.8786,138.432,84.6719,153.2799,68.8261,15.46,230.9052,85.0425,93.1623,55.2151
2018-05-04,14.9558,38.4675,54.8144,124.54,54.6652,82.8867,140.1601,84.7902,156.1883,68.8013,15.54,233.8946,85.0652,93.3034,55.8218
2018-05-07,14.9473,38.2438,54.8221,124.57,54.7164,82.846,141.3482,84.694,157.4861,68.8013,15.52,234.6859,85.0804,93.1544,56.1973
2018-05-08,14.9896,38.4592,54.8299,124.59,54.6332,82.7074,142.0502,84.6645,157.3251,68.8096,15.51,234.6859,84.9286,93.0681,55.9157
2018-05-09,15.1249,38.5338,54.9612,124.33,54.7228,82.5198,142.8151,84.6497,159.0398,68.7765,15.53,236.9543,84.8755,92.5114,56.2912
2018-05-10,15.201,39.3374,55.3167,125.18,54.8828,82.691,143.5802,85.0785,160.6881,68.7765,15.74,239.1701,85.0425,93.2563,56.7318
2018-05-11,15.108,39.2712,55.4636,125.0,54.8636,82.6992,143.8591,85.2264,160.5366,68.7765,15.7,239.8998,85.0425,93.4916,56.5368
2018-05-14,15.2179,39.3209,55.564,124.49,54.8764,82.5198,143.3101,85.0711,160.8113,68.7765,15.56,240.0141,84.83,92.9976,56.0529
2018-05-15,15.2348,38.5089,55.1622,122.48,54.6076,82.0631,143.3371,84.4279,159.0303,68.7351,15.33,238.3611,84.5569,91.939,55.1429
2018-05-16,15.3193,39.0889,55.2395,122.29,54.678,81.8919,144.8312,84.317,160.0818,68.7351,15.41,239.3635,84.4354,91.5861,54.9768
2018-05-17,15.3362,38.4924,55.3245,122.36,54.71,81.8429,145.4972,84.1543,159.4661,68.7517,15.47,239.1613,84.276,91.1235,54.7023
2018-05-18,15.3447,38.1692,55.1235,122.41,54.6525,82.161,145.6862,84.5018,158.6419,68.7847,15.48,238.5633,84.5037,91.9076,54.7745
2018-05-21,15.4631,38.4012,55.4713,122.48,54.7292,82.2181,146.6492,84.5536,159.5324,68.7847,15.54,240.357,84.5341,91.9547,55.4245
2018-05-22,15.48,38.5338,55.4017,122.41,54.7676,82.1855,145.5872,84.4648,159.324,68.7847,15.58,239.6888,84.4961,91.8135,55.504
2018-05-23,15.5645,38.5172,54.7912,122.54,54.8124,82.5606,145.7762,84.8271,160.6692,68.8427,15.5,240.3482,84.7389,92.48,56.0601
2018-05-24,15.4631,38.3101,54.6212,123.59,54.8444,82.7726,145.8302,85.0638,160.6218,68.884,15.69,239.8558,84.8376,93.2171,55.9445
2018-05-25,15.2348,38.4675,54.2657,123.21,54.7548,83.0988,145.5692,85.3152,160.7829,68.9419,15.53,239.2843,84.959,93.7974,56.1396
2018-05-29,15.0911,37.5727,53.1606,123.19,54.5244,83.9959,145.3712,85.7662,160.0724,69.1403,15.44,236.5323,85.4599,95.8518,56.4068
2018-05-30,15.2855,37.871,53.9721,123.37,54.6909,83.637,147.6753,85.4335,161.2186,69.0577,15.55,239.6888,85.3005,95.2088,57.1723
2018-05-31,15.2432,37.8544,53.632,123.1,54.6396,83.5962,146.4962,85.3965,161.1144,69.0245,15.46,238.2204,85.3536,95.052,56.9773
2018-06-01,15.1418,38.3847,54.0957,122.49,54.7644,83.2874,147.4593,85.2326,163.6438,68.9716,15.44,240.5592,85.2288,94.5498,57.2301
2018-06-04,14.9642,38.7741,54.258,122.37,54.8801,82.9932,148.2423,85.0397,165.1217,68.9136,15.45,241.7023,85.0537,93.866,57.7285
2018-06-05,14.9896,38.4758,54.173,122.85,54.9444,83.2057,149.1603,85.0991,165.6333,68.955,15.52,241.8781,85.244,94.0861,57.5768
2018-06-06,15.0403,39.0558,54.6598,122.92,55.0793,82.8707,150.2403,84.7875,166.5995,68.9302,15.7,243.9004,85.0613,93.3237,57.714
2018-06-07,15.0995,38.4592,54.3507,122.86,55.0986,83.222,149.4213,85.0694,165.2448,68.9965,15.72,243.874,85.3201,94.2276,57.714
2018-06-08,15.0911,38.3847,54.4126,123.01,55.0665,83.1076,149.8713,84.9285,165.2543,68.9799,15.78,244.5949,85.1755,93.9446,57.9235
2018-06-11,15.0826,38.3847,54.7603,123.23,55.1693,83.0259,150.0963,84.8469,165.6996,68.955,15.94,244.9203,85.1755,93.7717,57.8368
2018-06-12,15.0742,38.2853,54.4126,122.82,55.2143,82.9769,150.7803,84.8543,166.5712,68.9219,15.87,245.2367,85.107,93.7953,58.1835
2018-06-13,15.1333,38.0284,54.4898,123.19,55.2336,82.8788,150.1863,84.7727,166.5617,68.8887,16.08,244.4542,85.0537,93.7481,57.0496
2018-06-14,14.9642,37.7716,54.3739,123.38,55.3943,83.1403,150.9873,85.1584,168.2479,68.9136,16.17,245.0697,85.2744,94.5262,57.5913
2018-06-15,14.6007,37.4733,54.0957,121.34,55.3622,83.2057,151.0323,85.0397,167.6606,68.9468,15.6,244.7571,85.3049,94.6126,57.5551
2018-06-18,14.7275,37.0176,53.7093,121.11,55.3558,83.2465,151.7433,84.9508,167.5638,68.9633,15.51,244.2536,85.3734,94.5262,57.5712
2018-06-19,14.5753,36.609,53.2159,120.8,55.2786,83.4671,151.7524,84.9952,167.0891,68.9881,15.36,243.3174,85.5104,95.0764,57.5129
2018-06-20,14.5584,36.7675,53.2553,120.26,55.3365,83.1975,152.9763,84.5205,168.2758,68.955,15.34,243.7325,85.2744,94.2432,58.1543
2018-06-21,14.4485,36.2504,52.877,120.05,55.2208,83.4181,151.5453,84.4538,166.8137,68.9965,15.36,242.2047,85.4267,94.7384,58.4313
2018-06-22,14.736,36.6257,53.4366,120.34,55.2272,83.4345,151.0413,84.5576,166.4435,69.0047,15.5,242.6462,85.5485,94.7305,58.8906
2018-06-25,14.5669,36.1337,52.6957,119.89,55.0986,83.5489,148.5753,84.476,162.6934,69.0295,15.37,239.3431,85.5865,94.9427,58.7375
2018-06-26,14.7106,35.9919,52.7903,119.26,55.0922,83.5897,149.4393,84.7579,163.358,69.0295,15.33,239.873,85.7083,95.0764,58.927
2018-06-27,14.7867,35.2998,52.2938,118.58,54.9765,83.9084,147.0452,85.0472,161.1365,69.071,15.12,237.8859,85.9899,95.9723,58.701
2018-06-28,14.7782,35.6,52.4908,118.22,54.8222,83.8267,147.4953,84.9359,162.5226,69.071,15.07,239.246,85.8757,95.9959,59.2259
2018-06-29,14.9473,36.1337,52.7825,118.65,54.6936,83.7613,147.3962,84.9804,162.9593,69.0544,15.15,239.5904,85.9062,95.6658,59.3717
2018-07-02,14.6345,35.7751,52.3017,117.46,54.7459,83.704,148.4133,84.9916,164.0511,69.0461,14.91,240.1027,85.9375,95.591,59.0436
2018-07-03,14.6176,35.8001,52.4593,118.65,54.7524,83.9168,149.0049,85.304,162.1523,69.071,15.03,239.2548,86.1209,96.103,59.4883
2018-07-05,14.7022,35.7084,52.9795,119.05,54.959,83.925,150.7031,85.5719,164.165,69.0627,15.1,241.2066,86.2202,96.3788,60.1953
2018-07-06,14.7698,36.2004,53.2632,118.86,55.1011,83.9987,151.9767,85.6909,166.7188,69.0793,15.08,243.2468,86.3424,96.6938,60.5161
2018-07-09,14.8459,36.8508,53.7755,119.15,55.185,83.7859,152.9342,85.7504,168.2188,69.0378,15.17,245.4371,86.1667,96.0715,60.035
2018-07-10,14.8121,36.7675,53.7519,118.93,55.1915,83.7204,152.2387,85.6537,168.3423,69.0295,15.12,246.3203,86.0368,96.0636,60.1589
2018-07-11,14.2964,36.0503,52.8534,117.64,55.1076,83.8923,150.947,85.8248,167.4878,69.0544,14.86,244.5186,86.1285,96.4339,59.9621
2018-07-12,14.3724,36.5423,53.2632,118.13,55.2819,83.8595,151.6786,86.0108,170.3739,69.0461,15.0,246.7354,86.0597,96.426,60.1443
2018-07-13,14.3978,36.5673,53.4287,117.61,55.2819,83.9987,151.227,86.0778,170.5163,69.0627,14.88,246.9297,86.2278,96.6701,59.9621
2018-07-16,14.0934,36.3672,53.4051,117.55,55.2432,83.8595,150.6399,85.9364,170.108,69.0461,14.85,246.7088,85.9986,96.2684,59.6413
2018-07-17,14.1104,36.634,53.4997,116.28,55.2626,83.8104,151.3082,85.8769,171.1429,69.0378,14.67,247.707,85.884,96.0872,59.2477
2018-07-18,14.2372,36.5923,53.5075,116.31,55.2883,83.7449,151.7328,85.862,170.8201,69.0295,14.63,248.228,85.7465,95.7013,58.9853
2018-07-19,14.2203,36.142,53.3972,115.81,55.2626,83.9741,152.8078,85.9959,169.9656,69.0627,14.42,247.2917,85.8687,96.3078,59.6778
2018-07-20,14.3217,36.659,53.6494,116.56,55.2883,83.6794,152.1844,85.743,169.9277,69.0627,14.59,247.0092,85.6624,95.1262,59.1019
2018-07-23,14.3724,36.4172,53.6494,116.0,55.269,83.2701,152.3742,85.4007,170.4688,69.0213,14.47,247.4684,85.2575,93.9525,58.978
2018-07-24,14.4485,36.9509,53.9647,116.04,55.3852,83.3274,150.7482,85.6686,171.1713,69.0295,14.58,248.7137,85.3033,94.2755,58.6792
2018-07-25,14.643,37.5513,54.3666,116.68,55.4885,83.2701,151.2993,85.7801,173.5638,69.0046,14.68,250.8334,85.3186,94.1258,59.1457
2018-07-26,14.643,37.1344,54.1223,115.77,55.495,83.1801,152.1122,85.862,170.934,69.0046,14.49,250.2416,85.2346,93.9446,59.3425
2018-07-27,14.5838,37.2678,54.2248,115.83,55.4756,83.3111,149.2759,85.9736,168.627,69.0129,14.57,248.5459,85.3645,94.1022,58.7083
2018-07-30,14.6683,37.2094,54.2169,115.65,55.495,83.2046,148.3184,85.8546,166.2441,69.0129,14.58,247.2477,85.3186,93.7792,58.7447
2018-07-31,14.5838,37.4096,54.2878,115.99,55.6113,83.3192,149.8268,86.1224,167.5163,69.0129,14.61,248.4664,85.4485,94.2912,59.7288
2018-08-01,14.3724,37.076,54.012,115.14,55.6612,83.1224,149.7276,85.8187,168.1524,69.0196,14.48,248.0513,85.2398,93.523,60.1516
2018-08-02,14.457,36.584,53.6573,114.52,55.6936,83.2208,150.8205,85.9232,170.4404,69.0611,14.43,249.4026,85.2858,93.6573,59.911
2018-08-03,14.5077,36.8675,53.6888,114.92,55.739,83.4341,150.2966,86.1918,170.9625,69.0695,14.5,250.4713,85.4547,94.1231,60.5598
2018-08-06,14.5331,36.584,53.4603,114.33,55.8428,83.4751,151.1367,86.2738,171.9688,69.0861,14.4,251.3897,85.47,94.1783,60.4796
2018-08-07,14.643,36.9593,53.878,114.59,55.8687,83.3028,151.4979,86.0052,172.5954,69.0611,14.43,252.22,85.3549,93.6889,60.3703
2018-08-08,14.4654,36.9092,53.8307,114.91,55.8363,83.3767,151.3625,85.8709,172.8042,69.0695,14.5,252.114,85.3626,93.7836,60.0204
2018-08-09,14.4063,36.8008,53.6731,114.74,55.7974,83.6063,151.7509,85.9381,172.6999,69.111,14.52,251.7696,85.5621,94.573,60.0496
2018-08-10,14.4063,36.0169,52.6012,114.69,55.7,83.9672,151.3263,86.0799,171.3802,69.1775,14.41,250.0827,85.8383,95.2599,59.5903
2018-08-13,14.3302,35.4249,52.412,112.96,55.6612,83.9426,150.4411,86.0575,171.1903,69.1608,14.1,249.1464,85.8229,95.0626,59.4737
2018-08-14,14.3555,35.6417,52.4041,113.07,55.7585,83.8606,151.9315,86.1694,172.2631,69.1608,14.17,250.7362,85.7155,94.8494,59.7653
2018-08-15,14.0427,34.6159,51.6475,111.19,55.6612,84.0657,150.0256,86.3484,170.1555,69.194,13.57,248.8639,85.8843,95.402,60.2245
2018-08-16,14.1526,34.8328,52.0101,111.1,55.7325,84.041,151.4167,86.4604,170.7157,69.1775,13.77,250.8775,85.8306,95.3941,60.7129
2018-08-17,14.2118,35.1997,52.3174,112.13,55.7974,84.0738,152.067,86.535,170.7536,69.2024,13.92,251.7608,85.8689,95.5126,61.2742
2018-08-20,14.2372,35.3581,52.6012,112.69,55.8233,84.3363,152.4916,86.7589,170.6017,69.2439,13.88,252.2995,86.0378,96.152,61.3179
2018-08-21,14.2625,35.8084,52.9243,113.02,55.9076,84.2215,154.244,86.5425,171.2283,69.2273,13.89,252.8911,85.984,95.8284,60.9461
2018-08-22,14.4654,36.092,53.1292,113.27,55.927,84.3774,154.6233,86.535,171.8929,69.2439,13.88,252.7411,86.1682,96.2073,60.6035
2018-08-23,14.4401,35.5082,52.7509,112.2,55.9206,84.3692,154.1536,86.5649,171.646,69.2356,13.65,252.4055,86.2372,96.3573,60.4505
2018-08-24,14.55,36.167,53.0583,114.16,56.0178,84.3938,154.9937,86.7365,173.241,69.2439,13.92,253.9246,86.3217,96.5468,60.8076
2018-08-27,14.6007,36.6841,53.7676,114.59,56.0373,84.2051,155.2195,86.6022,175.0068,69.219,13.99,255.9294,86.1912,95.9941,60.589
2018-08-28,14.5415,36.5506,53.7203,113.68,56.0114,84.0164,155.364,86.2738,175.2631,69.194,13.84,256.053,86.0224,95.4178,61.4054
2018-08-29,14.7022,36.7758,54.012,114.2,55.9789,83.9919,155.8156,86.1844,177.2853,69.1858,13.87,257.4308,86.0224,95.5441,61.4199
2018-08-30,14.6768,35.8168,53.4997,113.64,55.9335,84.1477,155.6892,86.2664,176.972,69.2356,13.7,256.3885,86.0991,95.7494,61.0263
2018-08-31,14.6937,36.0003,53.0741,113.51,56.0049,84.1641,156.2853,86.1396,177.1999,69.2522,13.65,256.3974,85.9994,95.5283,61.2669
2018-09-04,14.6092,35.2998,52.6248,112.93,55.8883,83.9718,155.5898,85.9809,176.4404,69.2364,13.31,255.9559,85.8808,94.9761,60.538
2018-09-05,14.55,34.7911,52.144,113.32,55.8297,83.9635,155.1743,85.9285,174.1618,69.2364,13.35,255.267,85.7962,94.7229,60.8878
2018-09-06,14.4654,34.8244,51.9864,113.54,55.8753,84.1361,154.1265,86.168,172.6049,69.2614,13.31,254.4986,85.8731,95.071,61.0628
2018-09-07,14.4993,34.6493,51.5687,113.23,55.8166,83.7581,154.0452,85.8087,171.9403,69.1865,13.32,254.004,85.6267,94.2639,60.3995
2018-09-10,14.55,34.3074,51.884,113.15,55.9274,83.8074,154.2349,86.0931,172.5194,69.1948,13.31,254.4456,85.6498,94.612,60.6692
2018-09-11,14.6937,34.3824,51.9312,113.22,55.9404,83.5033,154.4878,85.8986,173.8486,69.1532,13.28,255.2845,85.4728,93.8921,60.6619
2018-09-12,14.7952,34.5576,52.1519,114.17,56.0707,83.6019,154.1175,86.0707,173.3359,69.1532,13.39,255.3465,85.5497,94.1136,60.691
2018-09-13,14.6345,35.0246,52.5381,113.76,56.1749,83.5937,154.1536,86.2503,175.1872,69.1615,13.35,256.8567,85.4266,94.256,60.9899
2018-09-14,14.5415,34.9912,52.6169,113.02,56.227,83.4375,154.804,86.1455,174.6745,69.1365,13.23,256.9009,85.2726,93.805,60.6035
2018-09-17,14.5246,34.6743,52.6642,113.61,56.1879,83.454,153.16,86.0931,172.1587,69.1199,13.31,255.5407,85.288,93.805,60.8004
2018-09-18,14.6599,35.0079,53.2159,113.44,56.1814,83.1088,153.8013,85.7414,173.5827,69.1116,13.31,256.9273,85.1109,92.8238,60.5088
2018-09-19,14.7529,35.4916,53.4051,113.88,56.0772,82.9691,153.2413,85.6141,173.4498,69.0949,13.4,257.201,85.0185,92.2699,59.8017
2018-09-20,14.7529,35.8835,54.0671,114.27,56.1553,82.9773,154.6594,85.8387,175.3675,69.1199,13.45,259.2854,85.134,92.6972,60.363
2018-09-21,14.7867,36.0503,54.0908,113.49,56.1683,83.0102,153.9188,85.8536,174.4087,69.1033,13.44,259.0485,85.1417,92.6576,60.3411
2018-09-24,15.0065,35.6417,53.8465,113.47,56.1423,82.9198,153.3497,85.659,174.8937,69.1033,13.41,258.188,85.0571,92.4203,59.2575
2018-09-25,15.0403,35.7834,54.1144,113.65,56.0967,82.8376,153.5845,85.659,175.1315,69.1116,13.59,257.9484,85.0263,92.3253,59.2649
2018-09-26,14.9727,35.8585,54.1381,113.05,56.1553,83.1088,152.1807,85.9659,175.2552,69.1199,13.49,257.1767,85.1725,92.9742,58.5553
2018-09-27,15.0403,36.0336,54.0277,112.05,56.2595,83.1088,152.1898,86.0782,176.7388,69.1199,13.41,257.8953,85.2033,93.0374,58.8362
2018-09-28,15.1925,35.7918,53.5864,112.76,56.2986,83.1498,152.6516,86.0183,176.7008,69.1532,13.73,257.9219,85.1648,92.7921,59.6345
2018-10-01,15.48,35.8001,53.6494,112.57,56.4615,82.939,150.6411,85.8997,177.0622,69.134,13.62,258.8179,84.9113,92.111,59.0802
2018-10-02,15.5307,35.3498,53.3736,113.87,56.4157,83.1532,149.0109,85.9748,176.6628,69.159,13.79,258.6671,85.05,92.674,58.9471
2018-10-03,15.6744,35.0579,53.279,113.42,56.2652,82.5355,150.315,85.4718,176.8529,69.1257,13.78,258.8091,84.6416,91.0641,58.3188
2018-10-04,15.5053,34.1823,52.6563,113.48,56.0559,82.3214,148.2048,85.1189,173.4576,69.109,13.71,256.7862,84.4336,90.4217,57.831
2018-10-05,15.4715,34.0572,52.3411,113.8,55.8073,82.1238,146.8644,84.7886,171.3367,69.1007,13.75,255.349,84.2024,89.6446,57.8014
2018-10-08,15.4292,34.1073,52.0889,112.54,55.6829,82.1567,146.5565,84.6985,170.2905,69.084,13.53,255.349,84.1638,89.3433,58.6367
2018-10-09,15.5391,33.9822,51.9549,112.6,55.768,82.3131,145.9859,84.9388,170.8421,69.109,13.53,254.9765,84.4027,90.2473,58.718
2018-10-10,15.2348,32.9731,50.8515,112.88,55.3689,82.3544,141.7926,84.706,163.3286,69.1257,13.45,246.9031,84.3179,90.0014,57.8458
2018-10-11,15.0065,32.6396,50.1421,115.78,55.4147,82.692,139.0847,85.0589,161.3028,69.1507,13.67,241.4646,84.4567,91.0958,56.1901
2018-10-12,15.1249,33.5986,50.3234,115.23,55.7091,82.5932,139.1118,85.0739,165.7919,69.1507,13.74,244.8181,84.3257,90.7787,56.0423
2018-10-15,15.1587,33.24,50.2052,116.0,55.6699,82.6426,139.6281,84.9162,163.7851,69.1757,13.8,243.443,84.3796,90.739,56.4192
2018-10-16,15.2263,34.0739,51.0643,115.8,55.8596,82.6344,143.6765,85.1339,168.55,69.1507,13.78,248.7662,84.3873,90.9452,57.5797
2018-10-17,15.0911,33.6569,50.7727,115.79,55.7484,82.3955,143.0606,84.7135,168.6167,69.1507,13.74,248.8105,84.187,90.4059,57.3579
2018-10-18,14.922,32.773,49.953,115.92,55.5129,82.5438,140.3798,84.7135,164.7077,69.1924,13.7,245.2173,84.1253,90.3742,57.2471
2018-10-19,15.0065,33.0815,50.2367,116.01,55.5456,82.4449,138.8945,84.6084,164.5555,69.1507,13.74,245.0843,84.0482,90.176,57.7423
2018-10-22,15.0234,33.4401,50.016,115.71,55.5717,82.4614,138.5956,84.5033,165.402,69.134,13.68,243.9842,84.002,90.057,56.9366
2018-10-23,14.6937,33.0732,49.5431,116.39,55.5194,82.6755,137.3548,84.6234,164.7934,69.1757,13.83,242.7421,84.0251,90.3425,57.1879
2018-10-24,14.5923,32.0058,48.1402,116.66,55.2446,83.1203,132.1834,84.7435,157.2513,69.2841,13.79,235.3874,84.3025,91.0245,57.7275
2018-10-25,14.6514,32.6229,48.7471,116.4,55.3558,82.9226,135.0454,84.6384,162.6914,69.2591,13.74,239.6104,83.9481,90.6439,58.4666
2018-10-26,14.7613,32.2476,48.4161,116.77,55.1072,83.2932,133.5691,84.7811,158.5067,69.3007,13.81,235.3963,84.3719,91.191,57.0623
2018-10-29,14.6092,31.6889,48.2821,116.31,55.0549,83.285,132.8355,84.6835,155.2445,69.3257,13.59,234.0921,84.2872,90.9848,57.7866
2018-10-30,14.5331,32.306,48.8653,115.8,55.1857,83.1038,135.6068,84.4958,157.8028,69.2924,13.61,237.561,84.0637,90.5328,58.5775
2018-10-31,14.3386,32.6562,49.2279,115.15,55.1857,82.8979,135.8786,84.2556,161.5121,69.2591,13.41,240.0983,83.871,90.0729,57.8901
2018-11-01,14.2372,33.8237,49.8584,116.63,55.4389,82.9689,139.0122,84.5109,163.6425,69.2975,13.83,242.6535,83.7638,90.1563,58.1636
2018-11-02,14.2034,34.0405,49.9293,116.65,55.406,82.5067,139.4742,84.1719,161.0936,69.214,13.86,241.2162,83.5093,89.0354,57.6831
2018-11-05,14.1949,34.1323,49.9293,116.37,55.452,82.5562,139.3654,84.3226,160.6942,69.239,13.76,242.547,83.6635,89.3852,58.5406
2018-11-06,14.1357,34.0739,50.1343,116.04,55.5967,82.4654,140.0537,84.4657,161.9115,69.2223,13.65,244.0818,83.6327,89.3295,58.8362
2018-11-07,14.1019,34.716,50.8042,116.03,55.9188,82.4654,142.5625,84.6841,166.9904,69.1973,13.67,249.3073,83.6944,89.4488,59.5384
2018-11-08,14.0174,33.8154,50.3077,115.78,55.7808,82.3499,142.1821,84.4356,165.9251,69.1889,13.56,248.8549,83.5787,89.4409,59.5828
2018-11-09,13.8652,33.1899,49.9766,114.48,55.4651,82.6718,139.5465,84.4959,163.1289,69.2223,13.32,246.424,83.7792,90.1086,59.5754
2018-11-12,13.8314,32.7229,49.157,113.66,55.1233,82.9193,136.7843,84.4883,158.1928,69.2724,13.17,241.8195,83.9566,90.6969,59.6936
2018-11-13,13.4509,33.0982,49.3698,113.7,55.0312,82.9854,136.3495,84.3753,158.326,69.2808,13.15,241.367,83.8872,90.6412,59.6345
2018-11-14,13.5693,33.2984,49.4092,114.64,54.926,83.1587,135.3533,84.1494,157.1181,69.3309,13.28,239.7168,83.8949,90.6969,59.4867
2018-11-15,13.5439,34.0405,49.5668,114.77,54.9129,83.2165,137.2824,83.9912,159.8667,69.3643,13.42,242.2187,83.9643,90.6571,59.0802
2018-11-16,13.6285,34.1073,49.622,115.62,54.7485,83.4723,137.6084,84.1569,159.3056,69.4144,13.53,242.8486,84.3114,91.1818,59.7158
2018-11-19,13.6285,33.6486,49.1885,115.67,54.5776,83.5961,134.819,84.0741,154.1317,69.4729,13.55,238.7409,84.2728,91.4362,59.7971
2018-11-20,13.2142,32.9231,48.3373,115.67,54.4066,83.5796,132.2197,83.8707,151.3736,69.4562,13.45,234.3228,84.1494,91.468,59.1836
2018-11-21,13.3241,33.5319,49.0151,115.86,54.6828,83.5631,134.0672,84.0515,152.5244,69.4562,13.6,235.1212,84.1109,91.4362,59.2354
2018-11-23,12.9352,33.1399,48.6919,115.77,54.3803,83.6126,133.9404,84.0891,151.4211,69.4395,13.42,233.5509,83.9797,91.5316,59.1171
2018-11-26,12.9944,33.5485,49.4249,115.64,54.6367,83.5466,135.6793,84.1268,154.9211,69.4478,13.39,237.3215,83.8872,91.3249,59.228
2018-11-27,12.9436,33.782,49.2358,114.95,54.6104,83.6291,134.5563,84.0213,155.4442,69.4562,13.29,238.1199,83.6635,91.4282,59.4793
2018-11-28,12.9014,34.5909,49.9372,115.38,55.0641,83.6208,137.8801,84.2473,160.4469,69.4812,13.43,243.6027,83.7638,90.9831,60.0115
2018-11-29,12.9859,34.2907,49.685,115.74,55.0773,83.8354,137.5088,84.0063,159.9238,69.4979,13.43,243.0703,84.2574,91.3408,60.0262
2018-11-30,12.9267,34.2574,49.4722,115.54,54.9655,84.0005,138.2243,83.9535,161.0841,69.523,13.32,244.5519,84.2728,91.6826,60.5954
2018-12-03,13.2226,34.9495,50.1264,116.41,55.3459,84.1841,139.5465,84.2656,163.8993,69.4661,13.49,247.7902,84.4312,92.3336,60.9206
2018-12-04,13.2311,34.2073,48.8259,117.12,55.0025,84.5728,133.6053,84.2807,157.6127,69.5163,13.62,239.7612,84.686,93.8794,60.0189
2018-12-06,13.1212,33.8904,48.3688,117.14,54.811,84.7878,133.3155,84.5376,158.7254,69.5832,13.6,239.3975,84.6937,94.1742,61.5045
2018-12-07,13.2734,33.2567,47.8802,118.09,54.7053,85.0359,130.4354,84.5452,153.485,69.6585,13.73,233.8349,84.8173,94.3495,60.6989
2018-12-10,13.062,32.9064,47.5097,117.68,54.7449,85.0856,130.0551,84.8021,155.0923,69.6585,13.65,234.2784,84.6088,94.74,60.3071
2018-12-11,13.1381,33.1566,47.6595,117.54,54.8439,84.8706,129.9193,84.9532,155.6059,69.5916,13.66,234.3316,84.269,94.724,60.3367
2018-12-12,13.0958,33.6986,48.3609,117.79,55.0223,84.639,131.16,85.0439,156.9754,69.5832,13.82,235.5116,84.1454,94.3017,59.4054
2018-12-13,13.2649,33.6903,48.2742,117.53,55.1544,84.6886,129.3034,85.2705,157.0229,69.6501,13.86,235.4318,84.1608,94.0786,59.7487
2018-12-14,13.062,33.215,47.6516,117.06,54.9232,84.8209,127.3471,85.1799,153.1996,69.6919,13.7,231.0846,84.2226,94.4053,59.5767
2018-12-17,12.9098,32.9064,47.2733,117.87,54.5666,85.0691,124.511,85.2705,149.7282,69.7589,13.77,226.551,84.3694,94.9551,57.3327
2018-12-18,12.6393,33.1299,47.3115,118.15,54.4677,85.2787,124.3566,85.5753,150.6698,69.7999,13.75,226.3027,84.5891,95.5237,57.9236
2018-12-19,12.69,32.5797,46.8574,117.43,53.9766,85.5771,121.7667,85.507,146.9701,69.8167,13.69,222.9136,84.7361,96.7857,57.2878
2018-12-20,12.5717,32.8336,46.6662,119.24,53.5055,85.4693,119.7585,85.2266,144.8397,69.8083,13.85,219.285,84.4962,96.4343,56.4277
2018-12-21,12.4618,32.6051,45.8537,118.72,53.24,85.5439,116.6507,85.1432,140.3506,69.8585,13.74,214.792,84.4576,96.4183,55.6423
2018-12-24,12.3239,32.3004,45.32,120.02,52.8419,85.7594,114.3881,84.9461,136.8702,69.9172,13.87,209.1165,84.5814,96.8975,53.6601
2018-12-26,12.5979,32.9437,46.3715,119.66,53.7311,85.3533,119.8857,84.8779,145.4162,69.8502,14.11,219.6821,84.4111,95.8592,55.4553
2018-12-27,12.478,32.9013,46.5069,120.57,53.6979,85.5687,120.3855,84.8779,145.979,69.9256,14.3,221.3687,84.4111,95.8752,55.4478
2018-12-28,12.3753,33.2145,46.7539,121.06,53.7776,86.0329,120.7308,85.2796,145.9027,70.0261,14.42,221.0832,84.6587,96.6818,55.6273
2018-12-31,12.4095,33.0622,46.8256,121.25,53.8174,86.3561,121.6759,85.5146,147.133,70.0513,14.52,223.0196,84.7206,97.0493,55.7769
2019-01-02,12.4438,33.1468,46.73,121.33,53.7444,86.5384,122.3665,85.7799,147.7244,70.0596,14.56,223.2516,84.8521,97.5604,54.5652
2019-01-03,12.5465,32.5458,46.3078,122.43,53.7709,87.2263,120.1765,85.8178,142.8982,70.202,14.75,217.9241,85.3472,98.6706,54.9467
2019-01-04,12.7178,33.5954,47.7258,121.44,54.6734,86.5219,124.6655,85.7647,149.012,70.0513,14.73,225.2237,85.1693,97.5285,55.5899
2019-01-07,12.812,33.6716,47.909,121.86,55.2043,86.2815,126.8464,85.7723,150.7861,70.0009,14.67,226.9995,85.1151,97.241,56.136
2019-01-08,12.9405,33.7986,48.2197,121.53,55.5626,86.066,128.7911,85.9619,152.1501,69.9591,14.69,229.1322,85.1848,96.9854,57.2953
2019-01-09,13.1974,34.3995,48.7614,122.31,55.629,86.1157,129.8542,86.2878,153.3899,69.9926,14.78,230.2031,85.2853,96.8336,57.213
2019-01-10,13.1632,34.645,48.9526,121.59,55.848,86.0743,130.5266,86.0604,153.8287,70.0009,14.6,231.0152,85.0842,96.2107,57.9909
2019-01-11,13.1203,34.4757,48.618,121.8,55.6688,86.3312,130.563,86.2196,153.266,70.0429,14.64,231.1044,85.3085,96.5861,58.1555
2019-01-14,13.009,34.1879,48.3949,122.09,55.4896,86.2815,129.2635,85.9922,151.9116,70.0429,14.66,229.6944,85.1538,96.2266,57.961
2019-01-15,13.1118,34.4249,48.6498,121.88,55.6754,86.1986,130.354,86.0452,154.8779,70.068,14.6,232.3269,85.0765,95.8752,58.5145
2019-01-16,13.1803,34.8482,48.7853,122.27,55.7617,86.1489,131.3263,86.212,154.8493,70.0513,14.63,232.8891,85.0687,95.971,58.9259
2019-01-17,13.1889,35.0005,48.9605,122.11,55.9143,85.9914,132.5168,86.3863,156.0702,70.0429,14.57,234.656,84.9991,95.995,59.2102
2019-01-18,13.3259,35.1698,49.4544,121.02,56.0736,85.7179,133.8798,86.5379,157.6153,69.9842,14.37,237.7792,84.8985,95.4919,59.4121
2019-01-22,13.2317,34.5604,48.6897,121.45,55.702,86.0163,131.7625,86.6819,154.4583,70.0429,14.39,234.5667,84.9527,96.1388,59.2326
2019-01-23,13.2145,34.9159,48.9127,121.28,55.8148,85.9749,131.399,86.9017,154.6586,70.0261,14.42,235.0575,84.8521,96.0988,59.2401
2019-01-24,13.2488,35.2545,48.9685,121.09,55.8745,86.2484,132.1896,87.1291,155.66,70.0847,14.36,235.1825,84.9836,96.7298,59.442
2019-01-25,13.3173,35.72,49.5261,122.86,56.0139,86.0495,133.8889,87.2049,157.5199,70.0345,14.74,237.1725,84.8521,96.2666,60.1825
2019-01-28,13.1375,35.3476,49.2553,123.29,55.9276,86.0743,133.171,87.1898,155.5742,70.0429,14.79,235.3699,84.7361,96.1707,60.7734
2019-01-29,13.2659,35.4068,49.3668,123.98,55.8944,86.3229,132.853,87.3792,154.1053,70.0764,14.88,235.0575,84.9836,96.6579,61.2521
2019-01-30,13.3601,36.1771,49.9085,124.69,56.339,86.5219,134.3069,87.781,158.0255,70.1685,15.05,238.7787,85.4478,96.5861,61.7458
2019-01-31,13.2916,36.4818,49.9324,124.75,56.4784,86.9197,135.4519,88.3949,160.3908,70.2272,15.05,240.8757,85.9275,97.4167,62.3891
2019-02-01,13.4115,36.194,49.9165,124.5,56.451,86.4546,135.5609,88.1843,159.7136,70.1449,14.92,240.9918,85.6257,96.8283,61.9926
2019-02-04,13.4201,36.2533,50.0997,123.96,56.5844,86.2635,137.1784,88.0627,161.6975,70.1449,14.88,242.6873,85.4556,96.396,62.4564
2019-02-05,13.3601,36.7527,50.49,124.28,56.7843,86.4131,137.3238,88.42,163.1283,70.1449,14.87,243.7045,85.5716,96.8363,62.8154
2019-02-06,13.3773,36.2533,50.2351,123.44,56.731,86.4795,137.1512,88.2527,162.6418,70.1785,14.68,243.3833,85.5174,96.8843,62.404
2019-02-07,13.2488,35.8893,49.566,123.74,56.5377,86.7619,136.0243,88.2375,160.4576,70.2288,14.77,241.0632,85.649,97.5247,62.9201
2019-02-08,13.2659,35.6861,49.4066,124.21,56.5244,86.8781,136.1697,88.458,160.7724,70.254,14.83,241.3576,85.6876,97.941,62.9201
2019-02-11,13.1889,35.5676,49.3588,123.6,56.5511,86.7452,137.3056,88.2604,160.6198,70.2288,14.72,241.4915,85.5097,97.5568,63.0922
2019-02-12,13.2659,35.8639,49.9324,123.86,56.8244,86.629,139.0231,88.382,162.9947,70.2205,14.73,244.5969,85.5252,97.3086,62.6957
2019-02-13,13.343,35.61,49.9404,123.37,56.7444,86.4131,139.4138,88.1539,163.1092,70.1701,14.59,245.3912,85.5097,96.9404,63.0174
2019-02-14,13.3773,35.6777,49.9563,124.06,56.751,86.82,139.7319,88.2527,163.3095,70.2624,14.65,244.8468,85.7495,97.4927,63.2193
2019-02-15,13.6256,35.6269,50.6812,124.8,56.931,86.7369,141.9582,88.3592,163.9962,70.2288,14.82,247.5149,85.7495,97.6448,63.6457
2019-02-19,13.6599,35.9062,50.8724,126.7,56.951,86.8864,142.3489,88.4124,164.3205,70.2792,15.02,247.9433,85.9507,97.893,63.6307
2019-02-20,13.7027,36.1094,51.0158,126.48,56.9977,86.8698,143.0214,88.3364,164.2919,70.2708,15.07,248.443,85.9817,97.6128,63.2343
2019-02-21,13.7455,36.0332,50.9123,125.05,56.9444,86.6124,142.4762,88.0855,163.691,70.2456,14.83,247.5595,85.8346,96.7402,63.2941
2019-02-22,13.7798,36.431,51.0795,125.5,57.0577,86.8698,143.712,88.4808,164.9023,70.296,14.95,249.0945,86.059,97.3166,63.6681
2019-02-25,13.5742,36.8373,51.2309,125.37,57.1043,86.7369,143.7484,88.4504,165.5032,70.2876,14.9,249.4336,85.9971,97.0284,63.167
2019-02-26,13.6342,36.7103,51.4779,125.58,57.1777,86.9944,142.7579,88.5873,165.6749,70.3212,14.94,249.2551,86.1209,97.5087,62.9725
2019-02-27,13.7027,36.3971,51.2707,124.69,57.1977,86.6871,142.9578,88.3364,165.5701,70.3043,14.75,249.1481,85.9197,96.404,62.6583
2019-02-28,13.6684,35.9232,51.199,123.99,57.1644,86.4629,142.4671,88.2147,165.1885,70.2876,14.63,248.6839,85.7805,96.0758,62.8229
2019-03-01,13.5143,35.9655,51.4779,121.88,57.3264,86.1791,143.7938,88.0607,166.333,70.2405,14.2,250.2367,85.6103,95.1878,62.6284
2019-03-04,13.5571,36.0163,51.2867,121.56,57.2393,86.4454,142.4943,88.259,166.3617,70.2573,14.15,249.3265,85.7341,95.9338,62.9127
2019-03-05,13.6256,36.3718,51.3345,121.72,57.2125,86.4953,141.831,88.2895,166.4857,70.2658,14.2,248.9873,85.7031,96.1344,63.0847
2019-03-06,13.5485,36.1686,51.207,121.61,57.1188,86.7366,139.0503,88.3734,165.5414,70.3162,14.15,247.4792,85.8037,96.4874,62.793
2019-03-07,13.5143,35.4999,50.5538,121.51,57.0786,87.0279,137.8327,88.6632,163.5098,70.375,14.09,245.409,86.0435,97.1131,62.6583
2019-03-08,13.5057,35.246,50.5617,122.84,56.9849,87.1527,137.7964,88.7776,163.2618,70.4002,14.41,244.9183,86.1209,97.5222,62.7256
2019-03-11,13.5229,35.9062,50.9999,122.24,57.1724,87.0861,140.2044,88.8767,166.6573,70.3835,14.37,248.4698,86.1054,97.2334,63.6457
2019-03-12,13.6085,36.0924,50.968,122.98,57.2728,87.3274,140.2771,89.1207,167.573,70.4087,14.48,249.4068,86.2678,97.9152,63.9374
2019-03-13,13.6941,36.1348,51.4062,123.84,57.4268,87.2942,140.8314,88.9758,168.832,70.4171,14.51,251.0576,86.3684,97.7308,64.2515
2019-03-14,13.6342,35.9401,51.3982,122.41,57.3867,87.1693,140.2589,88.8004,168.5458,70.4339,14.24,250.897,86.3452,97.0248,64.3488
2019-03-15,13.6342,36.4649,51.9558,122.97,57.4402,87.4439,140.6315,89.1207,170.1101,70.4591,14.33,252.1366,86.6469,97.6666,64.1468
2019-03-18,13.7027,36.8712,52.1391,123.04,57.4202,87.3274,141.5311,89.075,170.5152,70.4423,14.39,253.0509,86.6392,97.6104,63.8252
2019-03-19,13.737,36.8881,52.2426,123.38,57.4536,87.2692,140.8132,89.0902,171.0885,70.4339,14.4,253.1136,86.5618,97.3938,63.6307
2019-03-20,13.8397,36.9473,52.2665,124.18,57.7014,87.8766,139.6397,89.6927,171.767,70.5348,14.54,252.3516,87.1343,98.4126,63.8252
2019-03-21,13.7712,36.9981,52.2346,123.68,57.688,87.8349,141.471,89.8605,174.4521,70.5348,14.5,255.2019,87.1266,98.6292,64.9621
2019-03-22,13.6513,35.9147,51.2309,123.97,57.4804,88.484,136.3232,90.4096,170.6204,70.6525,14.45,250.2903,87.3896,100.1614,64.4909
2019-03-25,13.7027,35.9993,51.3026,124.92,57.4603,88.7087,136.9245,90.5926,170.2954,70.7282,14.56,250.1019,87.3664,100.3218,64.5732
2019-03-26,13.7284,36.1094,51.5575,124.3,57.601,88.6338,138.3641,90.6307,171.0885,70.7198,14.47,251.9663,87.2117,100.2497,65.0893
2019-03-27,13.6513,35.72,51.5814,123.65,57.6411,88.8917,137.8266,90.7528,169.9897,70.7786,14.32,250.6487,87.2504,101.1721,64.9023
2019-03-28,13.6085,35.957,51.454,121.9,57.755,88.9,139.0566,90.8671,170.3815,70.7702,14.07,251.5988,87.32,101.5251,65.5321
2019-03-29,13.6171,36.3294,51.669,122.01,57.9023,88.7586,139.4848,90.7985,171.6714,70.7282,14.18,253.1852,87.4747,101.4289,65.4718
2019-04-01,13.7455,36.9304,52.3302,121.53,57.8881,88.1482,141.0064,90.4604,173.9456,70.6557,14.15,256.1879,87.1498,99.9882,65.4341
2019-04-02,13.7798,36.8119,52.3462,121.98,57.915,88.2984,140.642,90.5828,174.6049,70.6894,14.16,256.3134,87.2349,100.1731,65.8937
2019-04-03,13.7969,37.0658,52.7525,121.8,57.9352,88.0232,141.3708,90.3916,175.6082,70.6557,14.2,256.7167,86.9641,99.3048,65.8183
2019-04-04,13.8055,37.2944,52.6409,122.11,58.0226,88.1149,142.0633,90.5369,175.5414,70.6726,14.22,257.3979,87.026,99.5862,65.7129
2019-04-05,13.8483,37.5822,52.7763,121.98,58.1303,88.1566,143.3935,90.6823,176.4491,70.6641,14.17,258.6436,87.1266,99.7148,66.1724
2019-04-08,13.8997,37.5822,52.8082,122.51,58.0966,88.0148,143.1566,90.5522,176.8982,70.6473,14.31,258.8409,87.0415,99.3611,65.8033
2019-04-09,13.874,37.506,52.4736,123.15,58.0563,88.1733,141.4073,90.7434,176.2771,70.6557,14.28,257.5143,87.1266,99.6746,65.4567
2019-04-10,13.9939,37.6838,52.6728,123.53,58.3118,88.3817,143.3297,91.1871,177.2231,70.7147,14.28,258.3927,87.4438,99.9158,66.0594
2019-04-11,13.9254,37.2775,52.5613,121.95,58.3993,88.1816,143.1475,91.0953,176.8026,70.6726,14.02,258.3211,87.2426,99.3289,66.0142
2019-04-12,13.9682,37.5483,52.9277,121.83,58.4868,87.7731,143.6669,91.0418,177.5671,70.6304,14.05,260.0689,87.0802,98.6214,66.3306
2019-04-15,13.9425,37.3536,52.9516,121.6,58.4464,87.8898,143.2022,90.8964,177.5957,70.6388,14.06,259.8986,87.1266,98.8707,65.9916
2019-04-16,13.8911,37.633,52.9914,120.51,58.4127,87.5896,143.5393,90.644,178.2073,70.6304,14.07,260.0689,86.9254,98.2516,64.5
2019-04-17,13.8397,37.743,53.1428,120.28,58.2715,87.6063,142.2273,90.6287,178.8284,70.6557,14.05,259.4323,86.91,98.2918,63.9124
2019-04-18,13.8825,37.7176,53.1109,120.37,58.2984,87.8147,141.8082,90.7052,179.0577,70.6726,14.06,259.9432,87.1576,98.8063,64.4021
2019-04-22,13.9511,37.4721,53.0233,120.37,58.1975,87.6897,141.4346,90.5599,179.5642,70.681,14.08,260.1674,87.0724,98.3321,63.6939
2019-04-23,13.9682,37.5568,53.1269,120.12,58.3993,87.8481,143.5667,90.9347,181.8478,70.7147,13.91,262.5067,87.2736,98.5411,64.5377
2019-04-24,13.9168,37.0489,52.7604,120.47,58.3186,88.1816,144.0131,91.2407,181.2745,70.7568,14.0,261.9241,87.5753,99.345,65.0123
2019-04-25,13.8911,36.9981,52.7206,120.57,58.3455,88.0732,142.8195,91.1948,182.0103,70.7568,14.0,261.7629,87.5753,99.2003,64.8766
2019-04-26,13.7284,37.142,52.9357,121.37,58.4935,88.3067,144.2045,91.5161,182.1727,70.8326,14.1,262.9817,87.7687,99.5379,65.3889
2019-04-29,13.737,37.2182,53.1508,120.83,58.4665,88.1232,144.8969,91.1565,182.5263,70.8074,13.99,263.3941,87.5212,98.9028,64.7486
2019-04-30,13.7798,37.1843,53.1826,121.2,58.4733,88.2984,144.2226,91.1948,181.1121,70.8579,14.02,263.5285,87.6681,99.4093,65.3663
2019-05-01,13.737,36.905,52.8799,120.4,58.2815,88.2582,142.856,91.1656,180.5292,70.7954,13.75,261.5477,87.4785,99.8194,65.4191
2019-05-02,13.5828,36.9897,52.8002,119.94,58.322,88.0076,143.5211,90.8357,179.7457,70.7617,13.71,260.983,87.1226,99.3441,65.4868
2019-05-03,13.5914,37.4298,53.3659,120.65,58.4706,88.1246,146.2636,91.2423,182.6123,70.787,13.96,263.5374,87.3625,99.626,66.0443
2019-05-06,13.6342,36.6596,52.7604,120.81,58.4976,88.3501,146.4276,91.3651,181.4943,70.8292,13.98,262.453,87.494,99.8999,65.8334
2019-05-07,13.4629,35.9401,51.8363,121.21,58.1464,88.6509,143.5302,91.3574,177.9588,70.863,13.98,258.0701,87.5404,100.6653,64.6431
2019-05-08,13.48,35.8893,51.9001,120.91,58.1667,88.4838,142.8287,91.0505,177.5097,70.8545,13.89,257.7115,87.316,100.2302,64.5753
2019-05-09,13.4115,35.3222,51.6611,121.2,58.0788,88.7178,142.3093,91.1349,176.5542,70.8967,13.83,256.9317,87.4631,100.6411,64.7411
2019-05-10,13.4372,35.5338,52.0435,121.43,58.2409,88.6592,142.7011,91.1886,176.7739,70.9136,13.84,258.2224,87.6565,100.5042,65.4341
2019-05-13,13.3687,34.3488,50.8326,122.67,57.7074,89.1021,138.1546,91.2423,170.6395,70.998,13.84,251.7333,87.8423,101.2937,65.3663
2019-05-14,13.5485,34.8312,51.3424,122.46,57.8357,89.0185,139.8948,91.3728,172.5123,70.998,13.86,254.0098,87.9042,100.9956,65.6074
2019-05-15,13.6684,34.8989,51.5257,122.39,57.8897,89.3026,140.3504,91.6259,174.9489,71.0487,13.85,255.4977,88.0822,101.6159,66.0519
2019-05-16,13.7455,34.7297,51.9399,121.51,58.0654,89.1271,141.225,91.4802,176.7071,71.0065,13.65,257.8638,87.9428,101.2776,66.3155
2019-05-17,13.6171,34.1033,51.5973,120.65,58.0451,89.1689,139.257,91.4878,174.9011,71.0233,13.52,256.1968,87.8577,101.5032,66.1875
2019-05-20,13.677,33.9594,51.3902,120.64,57.991,89.0185,138.2912,91.273,171.9485,70.9896,13.55,254.5028,87.7416,101.2937,65.2307
2019-05-21,13.6856,34.3911,51.7328,120.36,58.1734,88.9183,140.1499,91.3497,173.7449,70.9558,13.53,256.7973,87.7881,101.1326,65.7882
2019-05-22,13.4886,34.2218,51.5257,120.24,58.2207,89.1856,138.9745,91.4648,172.971,70.9896,13.54,256.0086,87.819,101.7126,65.984
2019-05-23,13.206,33.7816,51.0556,121.17,57.9302,89.7287,136.1136,91.6643,170.3241,71.1162,13.68,252.8805,88.0048,102.8567,66.1347
2019-05-24,13.3858,33.8155,51.6053,121.3,57.8492,89.7036,137.3892,91.856,170.2381,71.0909,13.65,253.4541,88.1518,102.9453,66.3381
2019-05-28,13.4972,33.934,51.1034,120.83,57.7952,90.0963,136.2958,91.9174,169.5979,71.1499,13.46,251.097,88.1982,103.6865,65.6827
2019-05-29,13.4458,34.1541,50.7768,120.87,57.6398,90.0629,135.1569,91.9558,168.2028,71.1584,13.52,249.4118,88.353,104.0007,64.8089
2019-05-30,13.3087,34.3403,50.968,121.69,57.7614,90.3887,134.7833,92.4852,168.9099,71.2175,13.6,250.0931,88.6471,104.8949,65.0801
2019-05-31,12.9576,34.4588,50.506,123.33,57.3426,90.9902,132.8973,92.7,166.2153,71.3694,13.65,246.7229,89.2043,106.2081,65.4567
2019-06-03,12.9148,34.772,50.8007,125.11,57.4349,91.428,133.362,92.9855,162.5556,71.5038,13.87,246.0955,89.4447,106.9186,65.6149
2019-06-04,12.9919,34.8482,51.3823,125.15,58.0116,91.0932,136.8152,93.0163,167.1326,71.4531,13.89,251.4374,89.2658,105.6995,65.3212
2019-06-05,12.7264,34.5688,51.3663,125.47,58.1473,91.0932,136.8425,92.9547,168.3748,71.4869,13.88,253.6155,89.3202,105.1021,66.6847
2019-06-06,12.9491,34.5858,51.5734,125.88,58.2695,91.0764,136.4872,93.1317,169.7126,71.4446,13.92,255.2646,89.2658,105.4412,66.8127
2019-06-07,12.9919,34.8566,52.2267,126.59,58.4187,91.4364,137.453,93.5472,172.9901,71.5207,14.06,257.8191,89.5926,106.3535,67.0613
2019-06-10,12.9576,35.2206,52.3701,125.33,58.5069,90.9843,138.2639,93.2086,175.0062,71.4531,13.78,259.0023,89.1101,105.3524,66.8428
2019-06-11,13.0433,35.6184,52.633,125.18,58.5883,90.9843,137.8539,93.2933,175.2451,71.4277,13.81,258.9395,88.9934,105.417,67.0236
2019-06-12,12.8634,35.2375,52.2426,125.83,58.4527,91.2187,138.0088,93.4318,174.2322,71.4869,13.84,258.4823,89.0401,105.4977,67.2496
2019-06-13,13.0261,35.1783,52.2904,126.6,58.5883,91.4447,139.4666,93.6704,175.2642,71.563,13.96,259.549,89.0712,105.861,67.5359
2019-06-14,13.0775,34.7889,51.908,126.56,58.5477,91.5117,138.2457,93.7089,174.5189,71.5377,13.91,259.2621,88.9311,106.1274,67.5736
2019-06-17,13.0176,34.9262,51.9455,126.48,58.4595,91.495,139.1993,93.755,175.57,71.5038,13.9,259.3607,88.7599,106.3131,68.2968
2019-06-18,13.1717,35.7706,52.6372,127.12,58.8666,91.6707,140.8177,94.3784,178.1213,71.5123,14.05,262.0765,89.1257,106.8459,68.229
2019-06-19,13.146,36.0691,52.9627,127.89,59.1447,91.9219,141.3206,94.9787,178.7902,71.6645,14.17,262.6681,89.6393,106.9993,68.5981
2019-06-20,13.4115,36.5979,53.4266,131.11,59.4433,92.0726,141.9881,95.4943,180.4528,71.6983,14.45,265.1776,90.1451,107.2819,68.9446
2019-06-21,13.4458,36.4785,53.1987,131.98,59.2533,91.6959,140.7628,95.148,180.1853,71.6645,14.36,264.7922,89.7404,106.1032,67.9728
2019-06-24,13.5057,36.4273,53.3127,133.94,59.2465,92.014,139.053,95.3865,180.191,71.7068,14.46,264.468,89.9116,106.8943,67.7393
2019-06-25,13.5485,36.0521,52.9953,134.2,58.9955,92.1563,138.2026,95.1018,177.0978,71.7237,14.38,261.8741,89.756,107.2254,66.7374
2019-06-26,13.6171,36.3932,53.0604,132.97,58.9683,91.7796,137.8827,94.9094,177.9213,71.6392,14.32,261.6129,89.6704,106.5391,65.404
2019-06-27,13.6171,36.6491,53.1906,132.84,59.1312,92.0559,140.4703,95.4635,178.6013,71.6983,14.28,262.5406,89.8416,107.2899,66.2459
2019-06-28,13.4715,36.5979,53.4917,133.2,59.1515,92.0977,142.1801,95.7097,178.8311,71.6983,14.33,263.8916,89.8727,107.2173,66.4741
2019-07-01,13.4629,37.0329,53.744,130.62,59.1692,91.982,142.7287,95.8911,181.2444,71.6526,14.18,266.2873,89.6865,106.9665,66.4437
2019-07-02,13.2402,36.9391,53.8986,133.41,59.2987,92.309,141.8601,96.1535,181.9626,71.695,14.29,266.9808,89.7335,107.7915,67.5998
2019-07-03,13.3687,36.8708,54.2648,133.63,59.5236,92.4851,142.875,96.4159,183.332,71.7119,14.32,269.1154,89.9682,108.56,68.406
2019-07-05,13.3944,36.615,53.8498,132.14,59.2851,91.8981,143.259,95.5669,182.9586,71.5679,14.06,268.8091,89.6944,107.1202,68.1626
2019-07-08,13.3773,36.3932,53.5405,131.29,59.1692,91.8059,141.8967,95.4358,181.6753,71.534,14.05,267.3321,89.71,107.2658,68.406
2019-07-09,13.4201,36.2823,53.3127,131.75,59.1011,91.7472,142.0887,95.2351,182.5851,71.5086,14.14,267.6653,89.8039,107.2254,68.6342
2019-07-10,13.7113,36.5894,53.4998,133.83,59.2647,91.7975,142.3355,95.4512,184.4046,71.6357,14.26,268.9442,89.9603,106.6348,69.0296
2019-07-11,13.7198,36.5212,53.4836,132.7,59.1488,91.3446,141.6406,94.8878,184.2706,71.6018,14.17,269.5746,89.6787,105.2113,68.1322
2019-07-12,13.7541,36.5467,53.5487,133.53,59.2442,91.4453,142.7379,94.9804,185.3336,71.6102,14.26,270.7816,89.8352,105.3326,68.0409
2019-07-15,13.6085,36.6832,53.5975,133.53,59.2851,91.6382,141.9881,95.1425,185.9273,71.6272,14.42,270.8716,90.062,105.9392,67.9877
2019-07-16,13.4629,36.632,53.3778,132.4,59.1624,91.4369,141.9424,94.9418,184.9696,71.6018,14.54,269.9979,89.9134,105.6237,67.828
2019-07-17,13.343,36.5212,53.3045,134.58,59.0874,91.8646,140.9275,95.4435,184.0598,71.6695,14.94,268.1606,90.1012,106.7643,67.5998
2019-07-18,13.2488,36.7429,53.4673,136.48,59.1147,92.091,141.4577,95.6673,184.2706,71.7543,15.29,269.1424,90.289,106.7724,67.5998
2019-07-19,13.3259,36.5553,53.3127,134.47,59.0125,91.9233,140.644,95.5207,182.9202,71.678,15.17,267.6472,90.1481,106.5216,66.4969
2019-07-22,13.2831,36.5638,53.3696,134.45,59.2101,91.9652,140.516,95.8139,184.3759,71.6865,15.35,268.3047,90.1716,106.7238,66.4361
2019-07-23,13.3687,36.6064,53.7033,133.69,59.3124,91.8143,141.4486,95.8679,185.5825,71.6695,15.34,270.2231,90.1481,106.1414,67.1891
2019-07-24,13.3087,36.6661,53.744,134.37,59.3601,91.9485,143.7893,96.138,186.8849,71.6865,15.52,271.4931,90.1716,106.6025,67.2423
2019-07-25,13.2574,36.342,53.1987,133.42,59.2783,91.7891,142.052,95.8293,185.1133,71.6441,15.36,270.1961,90.0229,106.0929,66.8468
2019-07-26,13.2745,36.4188,53.3045,133.64,59.4078,91.7723,143.7345,95.9605,187.019,71.6526,15.31,272.0064,89.9603,106.3437,67.151
2019-07-29,13.3259,36.3506,53.4185,134.53,59.3192,91.8562,142.7743,95.8988,186.3774,71.6526,15.4,271.511,89.8821,106.376,67.3336
2019-07-30,13.403,36.0691,52.8,134.98,59.3465,91.8981,144.3196,95.8679,185.573,71.6611,15.5,270.8446,90.0151,106.6348,67.8736
2019-07-31,13.3173,35.6256,52.45,133.21,59.2442,92.1329,143.1493,95.9528,183.0065,71.6526,15.21,267.8814,90.1559,107.4923,67.6074
2019-08-01,12.9491,34.9262,52.3035,136.41,59.2148,93.1779,141.0737,96.7329,182.0967,71.8563,15.34,265.5487,90.4853,109.6271,67.6074
2019-08-02,12.9662,34.5851,51.8397,135.89,59.1258,93.3712,139.5102,96.8335,179.4153,71.8733,15.19,263.5493,90.548,110.6402,67.9344
2019-08-05,12.8548,33.3057,50.5457,137.79,58.5099,94.1776,135.3225,96.9032,173.0757,72.0176,15.33,255.6235,90.8617,112.553,66.5958
2019-08-06,12.7863,33.7833,50.8875,138.91,58.8863,94.3288,136.566,97.5068,175.4985,72.0515,15.38,259.2082,91.1989,113.4526,67.3336
2019-08-07,12.6236,33.9369,51.0828,141.02,58.8794,94.3288,136.5294,97.4914,176.4466,72.06,15.97,259.3614,91.2459,113.4931,67.9877
2019-08-08,12.6921,34.3548,51.5793,141.73,59.1121,94.3372,139.4736,97.7545,180.2868,72.0346,15.89,264.45,91.4812,113.7363,69.1818
2019-08-09,12.8035,34.0051,51.2212,141.26,59.03,94.1943,137.7181,97.4682,178.5917,71.9921,15.89,262.6486,91.3871,113.5094,69.0981
2019-08-12,12.7093,33.5957,50.8143,142.63,58.8247,94.7908,135.9351,98.0796,176.5423,72.0686,15.98,259.4513,91.7557,115.876,68.9156
2019-08-13,13.009,34.0222,51.2944,141.78,59.0847,94.4548,137.3981,98.0021,180.4113,71.9837,15.87,263.4862,91.6067,115.4789,69.0144
2019-08-14,12.812,33.0413,49.8865,142.75,58.5577,95.0849,133.5578,98.2885,175.0197,72.077,16.08,255.6956,91.7792,118.0806,67.9649
2019-08-15,12.7093,33.2631,50.0574,143.7,58.7288,95.6897,133.0275,98.7684,174.8186,72.2298,16.13,256.371,92.1869,119.3935,68.6417
2019-08-16,12.7007,33.7236,50.6596,142.78,58.9274,95.4377,135.8986,98.9463,177.6245,72.2213,16.02,260.1538,91.9203,118.4371,69.3491
2019-08-19,12.7606,33.8601,50.9689,141.11,59.0984,94.984,137.2701,98.6213,180.4495,72.1449,15.79,263.2881,91.5753,116.7433,69.8511
2019-08-20,12.7949,33.9283,50.798,142.21,59.1464,95.4041,136.374,99.194,179.0514,72.1958,16.05,261.2706,91.6929,117.9508,69.3567
2019-08-21,12.8377,34.2524,51.1561,141.76,59.3996,95.152,137.4987,99.3721,180.6411,72.1279,16.05,263.3961,91.5988,117.1647,69.6457
2019-08-22,12.7778,33.8089,51.0584,141.4,59.5091,94.942,137.1786,99.0083,180.0569,72.094,15.97,263.3151,91.5204,116.3866,69.9652
2019-08-23,12.6836,33.3057,50.4236,144.17,59.2353,95.5804,132.9727,99.3721,174.3589,72.2128,16.35,256.5512,92.0458,118.2994,68.984
2019-08-26,12.675,33.4848,50.8387,144.19,59.5296,95.4881,134.4356,99.3798,176.9925,72.1788,16.52,259.3882,91.9438,117.8212,69.5164
2019-08-27,12.7606,33.5445,50.798,145.57,59.5022,95.8997,132.4424,99.9138,176.6189,72.2043,17.03,258.3706,92.3751,119.6367,69.3187
2019-08-28,12.872,33.6384,50.798,145.16,59.6459,95.9333,133.9876,99.9138,177.251,72.2213,17.17,260.1898,92.5555,119.7907,69.5468
2019-08-29,12.9062,34.0136,51.2375,144.12,59.7076,95.7485,136.3374,99.6971,179.9612,72.1874,17.07,263.5132,92.6104,119.3368,70.0868
2019-08-30,12.7007,34.278,51.4409,143.75,59.6528,95.7737,136.0906,99.6816,179.5302,72.2128,17.15,263.3961,92.2575,119.3692,70.1401
2019-09-03,12.6322,34.0648,51.3433,145.75,59.4816,95.9841,134.0973,99.5877,177.7873,72.2689,17.89,261.8561,92.1469,119.5235,70.8398
2019-09-04,12.9319,34.6362,52.0675,146.66,59.6054,96.1355,135.1762,99.774,180.3538,72.3284,18.34,264.8282,92.3744,119.7021,71.4331
2019-09-05,12.9148,35.0286,52.3442,143.14,59.8391,95.3613,137.6906,99.0445,183.6577,72.1669,17.41,268.2327,91.9586,117.5343,70.9159
2019-09-06,12.9491,35.1821,52.5151,141.92,59.8941,95.4203,137.0598,99.4014,183.4757,72.1754,16.87,268.4398,92.037,118.3706,71.0756
2019-09-09,13.069,35.293,52.6698,141.39,59.9559,94.8312,138.8976,98.672,183.0926,72.0989,16.83,268.575,91.5663,116.2677,70.7333
2019-09-10,13.0861,35.3186,52.7593,140.18,59.9903,94.1412,140.6714,97.8416,182.5659,71.9799,16.85,268.5118,91.0406,114.2298,70.0032
2019-09-11,12.9919,35.5659,53.0523,141.03,59.9834,94.0487,143.5516,97.764,184.2802,71.9799,16.95,270.4213,90.9387,114.0268,70.0792
2019-09-12,12.9405,35.8218,53.3615,141.32,60.0178,93.8384,143.5882,97.6321,185.0463,71.9628,16.92,271.358,90.8681,113.2798,70.4519
2019-09-13,12.9405,36.0265,53.6626,140.15,59.9078,92.98,143.8351,96.7552,184.3855,71.8438,16.31,271.1779,90.3345,110.8603,69.699
2019-09-16,13.5143,35.745,53.1825,141.32,60.1209,93.3839,144.3745,97.2441,183.5619,71.9033,16.74,270.3402,90.8759,112.273,70.3074
2019-09-17,13.2574,35.745,53.3615,141.6,60.1552,93.628,143.9996,97.4924,184.443,71.9373,16.86,271.0246,90.9936,112.8819,71.068
2019-09-18,13.1717,35.6,53.2964,140.71,60.1209,93.6616,143.1127,97.733,184.3663,71.8948,16.55,271.1869,90.7111,113.361,70.8246
2019-09-19,13.2402,35.455,53.4754,141.28,60.0521,93.7037,142.4178,98.0124,184.6727,71.9033,16.62,271.1688,90.8916,113.702,71.0756
2019-09-20,13.2574,35.4891,53.3533,142.95,60.1278,94.2423,142.1161,98.6875,182.7191,71.9799,16.8,269.8876,91.3937,115.2041,71.0756
2019-09-23,13.2916,35.5233,53.215,143.75,60.1003,94.3768,142.0063,98.6177,182.7997,72.0223,17.51,269.8243,91.5192,115.1798,71.1897
2019-09-24,13.1375,35.148,53.0116,144.51,60.0178,94.8481,139.8629,98.9281,180.372,72.0989,17.44,267.7071,91.7232,116.5681,71.0317
2019-09-25,13.0604,35.1224,52.8569,141.83,59.9559,94.2254,141.3953,98.3693,182.3968,72.0053,16.71,269.2904,91.2447,114.863,71.1697
2019-09-26,13.0604,35.1139,53.0523,141.79,59.9147,94.4274,139.817,98.5788,181.725,72.0393,16.67,268.7294,91.2996,115.6019,71.7677
2019-09-27,13.009,34.6618,52.8732,141.06,59.846,94.562,138.6977,98.6021,179.47,72.0819,16.36,267.2817,91.1583,115.8862,71.3691
2019-09-30,12.8805,34.858,53.0685,138.87,59.9147,94.6377,138.8628,98.9281,181.1781,72.1158,15.92,268.5212,91.2368,116.1703,71.4917
2019-10-01,12.872,34.6107,52.5477,139.63,59.7767,94.8998,136.1376,99.0416,179.7003,72.1967,16.15,265.3273,91.4144,116.52,70.8171
2019-10-02,12.7606,34.3462,51.4735,141.26,59.4247,95.2285,135.11,99.0028,176.6105,72.2734,16.43,260.6405,91.4144,116.8047,70.5181
2019-10-03,12.7435,34.7898,51.8153,141.9,59.4592,95.7257,135.5596,99.3918,178.5488,72.4267,16.43,262.7758,91.7052,117.8701,71.2004
2019-10-04,12.8463,34.9433,52.2222,141.9,59.6455,95.9111,136.8442,99.8042,181.1781,72.4181,16.41,266.3316,91.9881,118.7404,71.6297
2019-10-07,12.8292,34.6533,52.1571,140.69,59.5972,95.5908,136.6056,99.2985,180.6311,72.3415,16.3,265.1826,91.7366,117.7563,71.4764
2019-10-08,12.8206,34.406,51.6688,141.92,59.3764,95.7931,134.3851,99.2128,177.9251,72.3841,16.61,261.0657,91.6502,118.0735,71.1008
2019-10-09,12.8548,34.6704,52.0431,142.05,59.5558,95.5487,134.9999,99.2518,179.6619,72.3415,16.6,263.5448,91.4616,117.4066,71.2387
2019-10-10,12.9405,35.0286,52.4093,140.81,59.6317,94.9503,135.5412,98.6682,181.0533,72.2564,16.37,265.3273,91.1708,115.6579,71.3537
2019-10-11,13.0946,35.5915,53.3452,140.03,59.8802,94.3015,137.8351,98.4893,183.3851,72.1882,16.37,268.0779,90.8879,114.2264,71.3231
2019-10-14,13.0347,35.438,53.1255,140.59,59.9216,94.5627,137.3305,98.816,183.3659,72.1967,16.49,267.7794,91.0372,115.056,71.3537
2019-10-15,13.0004,35.7535,53.744,139.61,60.0527,94.1077,138.9087,98.5515,185.6976,72.1797,16.27,270.4304,90.7307,113.6651,71.4457
2019-10-16,13.0176,35.8559,53.8254,140.41,60.0044,94.293,139.0555,98.6604,185.2371,72.2138,16.26,269.9962,90.8721,113.8034,71.4534
2019-10-17,13.069,35.9923,53.9556,140.61,60.0872,94.2593,140.6979,98.8005,185.7265,72.2138,16.4,270.7924,90.9979,113.5269,71.9211
2019-10-18,13.0604,35.8047,53.9312,140.46,60.101,94.3436,140.0281,98.925,183.9417,72.2393,16.41,269.6071,91.1394,113.5269,72.4731
2019-10-21,13.0433,36.1288,54.2241,139.79,60.1217,93.9981,141.3402,98.6993,185.573,72.2053,16.41,271.4348,90.8486,112.6729,73.0251
2019-10-22,13.0604,36.1544,54.0939,140.2,60.1355,94.2171,141.4962,98.8705,184.0952,72.2308,16.37,270.5481,91.1236,113.3317,72.8104
2019-10-23,13.2231,36.1629,54.3869,140.53,60.1907,94.2509,141.6705,98.925,184.4503,72.2223,16.39,271.3353,91.1865,113.4456,72.9714
2019-10-24,13.2916,36.1629,54.4846,141.53,60.2597,94.234,141.4687,99.1428,186.2447,72.2223,16.65,271.7787,91.2415,113.2178,72.7874
2019-10-25,13.3687,36.4188,54.5415,141.86,60.308,94.0318,142.221,98.9717,187.732,72.1797,16.89,272.8916,91.2572,112.6648,72.1664
2019-10-28,13.3173,36.632,54.7857,140.64,60.3011,93.6779,143.4506,98.676,189.584,72.1542,16.68,274.4298,90.8171,111.6399,71.7294
2019-10-29,13.2916,36.4444,54.7694,140.25,60.1907,93.7621,143.9185,98.4192,188.1158,72.1712,16.65,274.3484,90.5892,111.7131,72.1664
2019-10-30,13.206,36.6064,54.9973,141.02,60.1148,94.2171,143.4414,98.7693,189.0274,72.2138,16.73,275.1898,90.9271,113.3479,72.4271
2019-10-31,13.1289,36.3165,54.867,142.43,59.9078,94.8155,142.634,99.3685,189.1138,72.3415,16.92,274.457,91.2101,114.877,72.2968
2019-11-01,13.3687,36.8623,55.3553,142.56,60.1648,94.6366,145.0655,99.466,190.8315,72.2989,16.92,276.9995,91.3437,114.5234,72.2814
2019-11-04,13.4543,37.2291,55.6402,142.15,60.2896,94.1555,145.8454,98.9979,192.0117,72.2477,16.85,278.1123,91.2808,113.0161,71.7754
2019-11-05,13.4886,37.4423,55.5344,139.85,60.2272,93.6491,146.0289,98.4284,192.1173,72.1965,16.44,277.8047,91.1079,111.7451,70.5564
2019-11-06,13.343,37.3229,55.51,140.45,60.1579,93.9192,145.1847,98.9823,191.6855,72.2392,16.47,277.868,91.3988,112.4213,70.7097
2019-11-07,13.3344,37.5958,55.6809,138.27,60.1302,93.1681,145.5701,98.2099,192.3284,72.1538,16.0,278.8453,90.8878,110.3844,70.0044
2019-11-08,13.3687,37.2546,55.6483,137.39,60.1857,93.0415,145.9647,98.0773,193.096,72.1624,15.7,279.5328,90.8328,109.92,69.8357
2019-11-11,13.2831,36.9902,55.5751,137.06,60.151,93.1427,145.6894,98.1085,192.837,72.1795,15.75,278.9991,90.88,109.9933,69.9891
2019-11-12,13.2916,36.7514,55.5995,137.43,60.1648,93.185,145.7353,98.2021,193.3935,72.188,15.72,279.5872,90.8642,110.4985,69.4601
2019-11-13,13.3173,36.47,55.4042,137.98,60.1025,93.4382,145.1113,98.4361,193.4415,72.2221,15.83,279.6777,90.9428,111.2155,70.0964
2019-11-14,13.2745,36.4956,55.2495,138.56,60.0678,93.9108,145.0655,98.9511,193.2879,72.2903,15.9,280.0849,91.1551,112.3643,70.6407
2019-11-15,13.343,36.7855,55.5995,138.21,60.248,93.8348,145.8179,98.9667,194.7081,72.2647,15.85,282.1117,91.045,112.2421,71.0241
2019-11-18,13.206,36.7258,55.6646,138.62,60.1718,93.9952,145.4508,99.0759,194.8617,72.2989,15.92,282.3197,91.2258,112.4458,71.3691
2019-11-19,13.0861,36.8026,55.5913,138.69,59.957,94.1724,145.9922,99.271,195.1495,72.2903,16.02,282.2383,91.3909,113.3827,71.4917
2019-11-20,13.2574,36.6406,55.2414,138.76,59.8322,94.5184,145.4417,99.4114,193.9789,72.3245,16.04,281.1887,91.7446,114.556,71.4534
2019-11-21,13.3773,36.5638,55.1682,138.0,59.8461,94.2821,144.726,99.1773,193.5471,72.2903,15.99,280.7363,91.5402,113.8391,70.4491
2019-11-22,13.3687,36.5638,55.3228,137.74,60.0748,94.2652,145.1756,99.4504,193.6718,72.2818,15.9,281.3606,91.5716,113.9857,70.1884
2019-11-25,13.3687,36.9305,55.7622,137.08,60.2341,94.3074,148.2586,99.7937,195.9651,72.2903,15.78,283.5413,91.6738,114.3198,70.4107
2019-11-26,13.4458,36.8197,55.7297,137.74,60.3034,94.4847,148.3595,100.0512,196.3394,72.3245,15.99,284.1837,91.8704,114.9879,71.3461
2019-11-27,13.3773,36.8623,55.8762,137.01,60.3797,94.2399,149.4055,100.0433,197.7116,72.2818,15.84,285.4504,91.6896,114.6538,71.6834
2019-11-29,13.1118,36.2823,55.4855,137.86,60.248,94.1639,148.4329,99.8405,196.8096,72.3074,15.92,284.3918,91.4773,114.4094,71.3537
2019-12-02,13.0946,36.2738,55.2007,137.79,60.207,93.8259,146.9832,99.4071,194.7945,72.2852,15.8,281.9759,91.3467,112.8839,70.2727
2019-12-03,13.1032,36.0862,54.9973,139.11,60.1235,94.6626,146.5152,100.1738,193.2688,72.3877,16.05,280.0849,91.9132,115.2508,70.7251
2019-12-04,13.3087,36.3591,55.5018,138.92,60.3044,94.2992,147.5245,100.0407,194.2476,72.3535,15.76,281.8131,91.8502,114.1,71.0164
2019-12-05,13.3344,36.5212,55.396,139.0,60.3948,94.0794,147.6713,99.9312,194.6313,72.3194,15.85,282.3197,91.7165,113.545,71.0547
2019-12-06,13.4201,36.7344,55.9006,137.62,60.4783,93.7921,149.3964,99.8765,196.7137,72.2937,15.48,284.8984,91.6535,112.9166,71.2004
2019-12-09,13.403,36.5894,55.6076,137.58,60.4783,93.8681,149.1118,99.8608,195.8213,72.2937,15.5,284.0027,91.6772,113.1615,71.3384
2019-12-10,13.4629,36.7173,55.632,137.97,60.6244,93.7583,149.2037,99.8608,195.6581,72.2596,15.57,283.6859,91.6535,113.1696,70.9244
2019-12-11,13.403,37.2546,55.925,138.92,60.7496,94.1471,149.1578,100.252,196.6945,72.3194,15.75,284.4913,91.9761,114.0592,70.2037
2019-12-12,13.5229,37.9028,56.2993,138.43,60.8887,93.4033,150.4424,99.7904,198.1626,72.251,15.85,286.9433,91.5277,112.1821,69.2531
2019-12-13,13.5914,37.8858,56.69,139.05,60.9514,93.9527,149.8643,100.4397,198.8151,72.3365,15.84,287.1152,91.8974,113.4797,69.2684
2019-12-16,13.6856,38.2072,57.2957,139.04,61.0697,93.5132,150.9206,100.2128,200.811,72.2937,15.91,289.0878,91.685,112.4596,69.7667
2019-12-17,13.7455,38.5557,56.9665,139.01,61.2575,93.5216,151.6757,100.1346,200.9262,72.3108,15.88,289.1511,91.8109,112.3045,69.1074
2019-12-18,13.7541,38.7647,56.8924,139.02,61.3688,93.2681,151.9704,100.0642,201.0797,72.3194,15.9,289.1692,91.7086,111.3822,69.9497
2019-12-19,13.814,38.7822,56.8924,139.38,61.3367,93.3408,152.6243,100.163,202.3368,72.3339,15.94,290.3545,91.8575,111.5604,70.5696
2019-12-20,13.7969,38.8606,56.9336,139.52,61.2459,93.3408,152.8453,100.1317,203.1524,72.3339,16.04,291.6275,91.8102,111.7076,70.9571
2019-12-23,13.8004,38.9128,57.0241,139.95,61.2739,93.2562,153.1492,100.1787,203.689,72.3168,16.28,292.0729,91.6527,111.5441,70.6006
2019-12-24,13.8613,38.8257,56.9665,141.27,61.3227,93.417,153.4991,100.2807,203.7949,72.3254,16.58,292.082,91.763,111.8629,70.7866
2019-12-26,13.9657,39.1045,57.2134,142.38,61.4135,93.5524,153.4991,100.4611,205.5932,72.351,16.73,293.6369,91.826,112.1326,71.0966
2019-12-27,13.9918,39.2613,57.3121,142.33,61.3856,93.6879,152.744,100.6023,205.42,72.4024,16.58,293.5641,91.8575,112.2552,71.3213
2019-12-30,13.9657,39.0,56.8842,142.63,61.3437,93.6287,152.3572,100.7827,204.0737,72.428,16.74,291.9457,91.889,111.8465,71.391
2019-12-31,13.8787,39.0871,57.1476,142.9,61.3996,93.2901,152.569,100.367,204.4584,72.4195,16.68,292.6548,91.7944,110.7511,71.9025
2020-01-02,13.8961,39.8798,57.7236,143.95,61.6579,93.7217,152.6703,100.5788,207.8723,72.4537,16.81,295.3917,92.2433,112.0018,71.0578
2020-01-03,14.0614,39.1393,57.0077,145.86,61.595,94.3481,152.0717,100.9239,205.9682,72.5136,16.84,293.155,92.6685,113.7267,71.4995
2020-01-06,14.0875,39.0435,57.2299,147.39,61.5322,94.2465,152.2743,100.5866,207.2953,72.488,16.94,294.2734,92.4323,113.0809,71.5847
2020-01-07,14.0788,39.0174,57.0735,147.97,61.4764,94.1111,151.7679,100.3278,207.2664,72.488,17.17,293.4461,92.1488,112.525,70.7866
2020-01-08,13.87,39.2439,57.2381,146.86,61.5322,93.891,152.2375,100.1866,208.8243,72.4537,16.93,295.0099,92.0622,111.7811,71.0036
2020-01-09,13.8091,39.5052,57.3697,146.03,61.6928,93.9587,152.4217,100.6651,210.5938,72.4623,16.72,297.0103,92.0543,112.1735,70.9648
2020-01-10,13.8091,39.7143,57.1558,146.91,61.7137,94.1618,151.8507,100.9474,210.0552,72.4794,16.89,296.1555,92.33,113.1708,71.5073
2020-01-13,13.7047,40.3328,57.4521,145.82,61.7137,94.0518,152.8361,100.7042,212.4787,72.4708,16.78,298.1924,92.3142,112.8275,72.3674
2020-01-14,13.7656,40.1063,57.5097,145.69,61.7068,94.2381,153.3979,100.8298,211.642,72.4794,16.62,297.7377,92.4402,113.4079,72.0962
2020-01-15,13.696,39.7927,57.5097,146.54,61.7207,94.475,154.1346,101.0494,211.7285,72.5136,16.81,298.4106,92.5111,114.16,72.7471
2020-01-16,13.6786,40.0453,57.7483,146.31,61.7417,94.2804,156.1238,101.1906,213.7577,72.5136,16.77,300.8929,92.3614,113.8003,73.3283
2020-01-17,13.7221,40.2718,57.9212,146.58,61.6928,94.2042,155.7001,101.1749,214.8155,72.5393,16.82,301.8294,92.2118,112.8275,73.398
2020-01-21,13.6438,39.2526,57.4603,146.74,61.5601,94.5766,154.4109,101.6612,214.7192,72.5564,16.64,301.2384,92.5111,114.0128,74.0954
2020-01-22,13.461,39.5749,57.5755,146.79,61.6718,94.5935,154.3096,101.7161,215.2867,72.5735,16.66,301.2747,92.4481,114.4134,73.5995
2020-01-23,13.3479,39.1655,57.4356,147.12,61.4833,94.8305,154.2082,101.8494,215.979,72.5992,16.61,301.6202,92.637,115.2146,74.2194
2020-01-24,13.1478,38.8519,57.1887,147.98,61.225,95.1691,152.3112,102.022,214.1615,72.6249,16.91,298.9379,92.8418,116.1464,73.9637
2020-01-27,12.9041,37.5103,56.0036,148.99,60.813,95.8123,150.5798,102.2181,209.7379,72.7019,16.89,294.1461,93.0544,117.953,73.6072
2020-01-28,12.9651,37.8239,56.5303,147.66,61.3367,95.4907,151.8323,102.1632,212.9594,72.6676,16.32,297.2285,92.9127,117.0293,73.9017
2020-01-29,12.9041,38.0069,56.5386,148.46,61.3018,95.9478,150.9666,102.4926,213.3056,72.7361,16.41,296.983,93.2512,118.1737,73.6305
2020-01-30,12.791,37.4406,56.4892,148.47,61.3646,96.0409,150.9666,102.5553,214.0654,72.7446,16.68,297.9468,93.3536,118.1901,73.6847
2020-01-31,12.6866,36.6828,55.5345,149.33,61.1133,96.5233,147.8355,102.822,210.6707,72.8388,16.82,292.5367,93.7553,119.2692,72.7858
2020-02-03,12.4517,37.0922,55.6662,148.36,61.1035,96.4411,149.484,102.741,213.8538,72.8174,16.5,294.7098,93.5322,119.1726,73.026
2020-02-04,12.4691,38.0504,56.5962,146.43,61.4681,95.8817,151.7402,102.4894,218.7486,72.7403,16.45,299.2016,93.1301,117.5677,73.7777
2020-02-05,12.6605,38.2682,57.1393,146.61,61.7204,95.4664,154.0794,102.4265,219.4698,72.6888,16.46,302.6567,92.8542,116.2821,73.8242
2020-02-06,12.7127,38.3031,57.2957,147.4,61.7695,95.5342,153.7294,102.3793,221.3644,72.706,16.63,303.6752,93.0276,116.8061,74.0722
2020-02-07,12.6431,37.7717,56.7525,147.79,61.6784,95.9919,151.8415,102.7725,220.4123,72.7488,16.54,302.0567,93.406,118.2637,74.0567
2020-02-10,12.53,37.9807,56.8677,148.17,61.7625,96.1784,152.698,103.0163,223.0761,72.7831,16.61,304.3116,93.5479,118.5912,74.8858
2020-02-11,12.5735,38.4773,57.2545,147.66,61.8046,95.9495,153.757,102.8669,223.1146,72.7488,16.48,304.8391,93.272,117.9935,75.4515
2020-02-12,12.7475,39.0,57.4521,147.54,61.9659,95.7037,154.8161,102.8197,225.2879,72.7145,16.33,306.803,93.1774,117.3957,75.9009
2020-02-13,12.7562,38.486,57.0488,148.38,61.9869,95.7885,155.2213,102.749,224.9994,72.7316,16.46,306.4757,93.3745,117.846,76.3581
2020-02-14,12.7475,38.5034,56.95,149.0,61.9799,96.0258,154.6227,103.0006,225.6437,72.7659,16.56,306.9666,93.4454,118.3619,77.1485
2020-02-18,12.8432,38.2508,56.5879,150.91,61.8537,96.1784,154.2912,103.1972,225.7303,72.7917,17.01,306.1755,93.6504,119.1726,77.0633
2020-02-19,12.9651,38.5295,56.7772,151.79,61.8817,96.1614,155.0832,103.0556,227.894,72.8002,17.23,307.6396,93.611,119.1643,76.0249
2020-02-20,12.9128,37.9285,56.4398,152.41,61.9869,96.4411,155.4607,103.4016,225.7783,72.8174,17.14,306.3756,93.7923,120.0978,76.9315
2020-02-21,12.8606,37.7107,56.1764,154.7,61.9308,96.831,153.8859,103.606,221.4412,72.8773,17.28,303.2206,93.9657,121.2196,77.1562
2020-02-24,12.617,36.2995,53.9297,156.09,61.2647,97.5852,149.2537,103.6218,212.9017,72.9974,17.4,293.164,94.3993,123.0292,76.1024
2020-02-25,12.3821,36.012,53.0409,153.3,60.837,97.8565,143.9492,103.724,207.1125,73.0745,16.71,284.2806,94.2416,123.6843,74.0412
2020-02-26,12.2602,36.2995,53.1067,153.97,60.9001,97.8056,142.2823,103.3387,208.18,73.1259,16.68,283.235,94.1943,123.0292,73.243
2020-02-27,12.0514,35.4284,51.5349,154.0,60.0798,98.2802,137.2725,102.7882,197.7556,73.2116,16.47,270.5143,94.4702,124.3639,69.3453
2020-02-28,11.8426,35.2977,51.2221,148.38,60.3252,99.382,134.7584,103.9442,197.9095,73.4773,15.53,269.3778,94.62,127.1725,67.6715
2020-03-02,12.1123,36.0643,51.8805,149.2,60.783,99.3142,139.0868,103.8409,208.1223,73.4473,15.56,281.0436,94.8407,126.2368,70.5619
2020-03-03,12.1384,35.8204,51.4608,153.89,60.5224,100.4682,136.2503,105.0236,201.4484,73.7391,16.02,272.9966,95.8024,128.1967,70.3991
2020-03-04,12.1471,36.4563,52.9997,154.16,61.3534,100.2476,140.1274,105.1734,209.8533,73.7477,16.09,284.4716,95.6606,126.8355,73.057
2020-03-05,12.0166,35.6897,51.5925,157.49,60.5787,101.1386,135.6702,105.134,203.4775,73.9022,16.3,275.0152,95.9601,129.9926,71.4918
2020-03-06,11.625,34.958,50.8189,157.55,59.8956,102.1653,132.981,105.8673,200.0443,73.988,16.18,270.4689,96.5986,136.7579,70.2597
2020-03-09,10.7201,32.5711,46.8768,157.81,57.3181,103.0817,120.0513,103.2969,186.1484,74.3914,15.88,249.3468,94.6121,140.4645,64.8432
2020-03-10,11.0595,34.2262,48.6051,154.48,58.1984,101.1895,123.7994,100.9709,196.2843,74.0653,15.73,262.2492,91.9004,133.2646,67.5827
2020-03-11,10.8593,32.6321,46.1279,153.93,56.9308,100.1797,115.9256,97.6515,187.7351,73.9794,15.63,249.465,89.8193,128.3608,63.5218
2020-03-12,10.4243,29.3654,41.0583,147.79,54.6561,100.2306,103.1156,92.9916,170.5215,73.9623,14.62,225.5969,89.6064,129.1562,57.0868
2020-03-13,10.5374,31.4822,43.5437,143.28,56.3744,99.5772,110.0225,97.0207,184.9655,74.0567,13.69,244.8823,89.9611,126.2368,62.0692
2020-03-16,9.9022,27.5535,39.0503,141.64,53.2758,102.2077,95.4259,95.6409,162.8089,74.1768,12.0,218.0864,89.3384,134.4126,51.0658
2020-03-17,9.7455,29.4525,40.9514,143.56,53.7758,99.6451,99.8002,91.7222,175.1566,74.0052,11.88,229.8613,86.8395,125.4496,54.0177
2020-03-18,9.4236,26.9088,38.6059,140.7,51.4025,98.2619,92.0645,87.1334,169.829,73.9108,11.21,218.2228,85.7752,118.3727,48.8792
2020-03-19,9.6237,27.1179,39.2066,138.04,50.2475,98.5844,95.6561,82.8283,170.8484,74.0395,11.32,218.6864,87.4386,121.5954,49.051
2020-03-20,9.5193,27.3183,38.7211,140.11,49.1208,101.0961,93.3814,84.1608,164.1552,74.2369,11.62,209.2624,91.3328,130.7388,46.6066
2020-03-23,9.6324,26.6649,38.2685,146.3,48.332,102.2926,92.0,90.3818,164.2738,74.3228,12.31,203.9119,93.0513,136.1265,44.4434
2020-03-24,9.8413,28.6685,41.511,153.4,50.325,101.5968,100.4173,92.2347,176.9947,74.2198,13.29,222.387,93.1065,133.5926,48.4418
2020-03-25,10.0066,29.679,42.8607,151.3,51.7405,101.6562,101.6653,96.6501,175.6841,74.3056,13.51,225.7162,94.0051,133.2892,51.0502
2020-03-26,9.9718,30.8027,44.7782,153.24,54.1068,101.9022,107.9888,96.729,184.9357,74.3914,13.53,238.8957,94.486,133.9452,54.6503
2020-03-27,9.937,29.0518,43.5026,152.25,54.2476,102.6574,104.0597,96.5318,178.5752,74.3742,13.44,231.78,94.7934,137.5205,54.705
2020-03-30,9.9109,29.5309,44.3832,152.92,54.7124,102.8951,106.3524,97.7067,185.0706,74.4086,13.16,239.3071,93.2878,136.3889,55.8998
2020-03-31,9.7891,29.7313,43.9964,148.05,54.2758,103.0817,105.8162,97.3834,183.4901,74.3914,13.05,235.7403,92.9567,135.2819,54.5488
2020-04-01,9.5106,28.4594,42.0459,149.45,52.7859,103.5014,98.6053,95.9685,175.6937,74.4396,13.02,225.1308,93.5219,137.1773,50.9643
2020-04-02,9.6933,29.4176,42.8689,151.9,53.1964,103.5184,99.539,96.2214,179.2594,74.4567,13.53,230.3258,94.9509,138.0478,51.1361
2020-04-03,9.937,28.8601,41.8896,152.65,52.0569,103.5948,96.7193,95.7234,176.7152,74.4396,13.46,226.9966,95.7878,138.3762,50.3942
2020-04-06,9.9892,30.4369,44.1116,156.88,53.3238,103.1276,104.1244,97.6126,189.3494,74.388,14.03,242.2431,95.7246,138.0149,54.1271
2020-04-07,10.0588,30.5937,44.3585,156.04,53.3238,102.6688,104.3925,97.7628,189.2724,74.3708,13.99,242.4901,95.6615,136.5696,54.6269
2020-04-08,10.0327,30.9073,44.7206,154.65,54.7111,102.5414,109.1536,99.5255,193.291,74.4138,13.94,250.6301,95.0062,135.5759,58.352
2020-04-09,10.0588,30.794,45.7329,158.69,58.2924,102.7623,114.377,104.205,193.5705,74.4396,14.34,254.444,95.9457,135.8223,61.6241
2020-04-13,10.2328,30.8376,45.2967,161.41,57.4573,102.5414,111.2799,103.1932,195.6617,74.4482,14.4,252.1209,96.1194,134.5822,59.0314
2020-04-14,10.1458,31.5432,46.1032,162.68,57.6979,102.6773,113.5356,102.6873,204.1713,74.4482,14.65,259.5568,96.4036,134.5493,60.687
2020-04-15,9.937,30.733,44.663,161.85,57.16,103.5948,108.904,103.375,201.8295,74.474,14.49,254.0417,96.5062,138.1134,58.2817
2020-04-16,9.9109,30.8985,44.6877,161.71,57.1034,103.7053,108.0812,102.8612,205.5109,74.4911,14.51,255.2671,95.6694,139.682,57.6179
2020-04-17,9.9544,31.5867,45.8728,158.57,57.3935,103.4334,112.8423,103.2011,207.4768,74.4653,14.15,262.1633,95.2114,137.8096,59.4375
2020-04-20,9.7891,31.186,45.1897,159.7,56.5301,103.7053,111.511,102.6162,205.0194,74.4653,14.26,257.5446,94.9193,138.9183,57.2274
2020-04-21,9.3279,30.3236,44.3091,158.61,55.4967,103.9941,108.8485,102.2526,197.4543,74.4825,13.88,249.7247,95.4009,140.6675,56.1888
2020-04-22,9.4584,31.1512,45.058,161.73,55.9851,103.6713,110.1705,102.3158,203.3136,74.4567,14.09,255.2671,95.9773,139.2304,57.0478
2020-04-23,9.4323,31.0379,44.9181,163.34,55.9568,103.7393,111.2522,102.7505,202.8799,74.4482,14.21,255.2488,95.922,139.9695,56.5714
2020-04-24,9.3105,30.9944,45.4366,162.64,55.433,103.7647,113.1659,102.6794,206.0794,74.4482,14.21,258.8067,96.4668,140.2979,56.8135
2020-04-27,9.1364,31.6216,46.0374,161.56,55.6595,103.2125,117.6496,101.8494,207.737,74.4482,14.21,262.5383,96.2773,137.6864,58.758
2020-04-28,9.1452,31.6826,46.383,160.84,55.8293,103.6628,119.3599,102.1261,203.8243,74.474,14.1,261.331,96.6088,139.2714,59.2422
2020-04-29,9.3105,32.6059,47.5434,161.73,56.8131,103.6118,125.2304,102.798,211.0522,74.4653,14.28,268.1723,96.4904,138.5487,60.1325
2020-04-30,9.4845,31.9178,46.5558,158.8,56.9264,103.3655,120.4693,102.1024,210.9655,74.5943,13.98,265.6753,95.772,136.9309,59.4375
2020-05-01,9.3627,30.7679,45.5436,159.78,55.9445,103.5083,115.6897,101.6982,205.0194,74.4841,13.92,258.6421,95.7704,138.1034,57.4305
2020-05-04,9.4758,31.0989,45.5271,160.34,55.8663,103.5254,116.1889,101.8567,207.4094,74.4841,13.77,259.3555,95.8654,137.4539,57.1493
2020-05-05,9.7194,31.2731,45.6094,161.02,56.3498,103.4488,117.0856,101.722,209.7608,74.4756,13.93,261.7517,95.9762,136.5741,57.4305
2020-05-06,9.528,31.1773,45.3131,158.95,56.0298,103.0661,116.2259,100.5809,211.0522,74.5014,13.92,259.9773,95.5092,134.3704,56.3996
2020-05-07,9.5889,31.4299,45.9962,161.39,56.172,103.6954,117.816,100.8504,213.7698,74.5529,14.26,263.1145,96.1107,136.6152,57.204
2020-05-08,9.7891,32.092,46.778,160.42,56.7053,103.3553,122.3644,100.367,216.6995,74.5358,14.44,267.4681,96.0791,134.8389,58.5628
2020-05-11,9.6585,31.8829,46.7369,159.42,56.4493,103.0661,121.7543,99.4874,218.6366,74.51,14.44,267.5229,95.7466,133.7865,57.7116
2020-05-12,9.5802,31.761,46.1443,160.04,56.3782,103.4063,117.3815,100.4462,214.0589,74.5272,14.42,262.1908,95.8337,135.1597,55.0876
2020-05-13,9.4845,31.7,45.7905,161.58,56.0796,103.6189,113.4524,100.676,211.3798,74.5272,14.55,257.5537,95.9207,136.1053,53.7522
2020-05-14,9.6498,31.8219,45.3543,163.01,55.8876,103.7805,113.8223,101.5081,213.7794,74.51,14.81,260.6359,96.0316,137.4374,53.9397
2020-05-15,9.7455,31.3864,45.3954,163.93,55.9658,103.7125,115.6342,101.8646,215.1672,74.5529,15.51,261.8341,96.1978,137.0838,53.7288
2020-05-18,10.024,32.6147,47.2307,162.69,56.9541,103.0746,122.6603,102.4431,219.1762,74.4928,15.79,269.8094,96.1898,134.0743,56.9072
2020-05-19,9.9979,32.3533,46.5805,164.26,57.0252,103.3638,120.2382,102.5223,218.6269,74.5358,16.17,267.0381,96.0791,134.5759,56.1419
2020-05-20,10.1719,32.7802,47.5516,164.65,57.6296,103.3892,123.8806,103.6476,222.9925,74.5358,16.36,271.5746,96.3639,134.9788,56.6417
2020-05-21,10.1284,32.4056,47.0002,162.25,57.6154,103.4573,124.1025,103.5683,220.5639,74.5186,15.96,269.6997,96.2611,135.3159,56.6886
2020-05-22,10.0501,31.7348,46.8686,163.21,57.7576,103.6529,124.7034,103.5683,221.3253,74.5186,16.04,270.2118,96.3165,136.13,57.4539
2020-05-26,10.1545,32.4317,48.21,160.89,58.1914,103.3808,128.2996,103.4257,220.7278,74.5186,15.97,273.541,95.9604,134.3045,59.6015
2020-05-27,10.024,32.5363,48.7943,161.18,58.3122,103.4658,132.2842,103.8536,221.9324,74.5014,16.15,277.611,96.0553,134.0578,60.7885
2020-05-28,10.0762,32.3098,49.2552,161.72,58.3691,103.3722,129.1501,103.9408,221.6433,74.5358,16.19,277.0989,96.356,133.5644,61.0775
2020-05-29,10.2502,32.8673,49.0824,162.91,58.6037,103.704,128.4106,104.6143,224.8911,74.5358,16.66,278.3336,96.3956,134.5183,60.4683
2020-06-01,10.3111,33.6251,50.1769,163.66,59.047,103.6631,129.6401,104.5682,225.5656,74.5272,17.1,279.4585,96.5144,133.6126,61.8662
2020-06-02,10.4243,34.4266,50.646,162.6,59.6324,103.4928,130.7125,104.9019,227.0787,74.5272,16.84,281.7724,96.3006,133.1268,62.366
2020-06-03,10.4243,35.228,51.8558,159.6,59.9107,102.8799,133.865,104.8383,228.1002,74.4669,16.48,285.5224,95.9841,131.3566,64.3652
2020-06-04,10.5113,34.7315,51.6336,161.28,59.7251,102.4713,133.6709,104.5206,226.5004,74.4841,16.54,284.7724,95.62,129.4547,63.7249
2020-06-05,10.7201,35.6461,52.5224,158.01,60.2891,101.9605,138.8387,105.0608,230.9914,74.4583,16.2,292.071,95.6121,128.5325,66.138
2020-06-08,10.6505,35.8639,53.2055,159.72,60.3605,102.0712,141.5289,105.4103,232.7838,74.4411,16.59,295.6014,95.8179,129.0266,67.7779
2020-06-09,10.6853,35.62,52.5142,161.26,59.8893,102.4372,138.9127,105.1878,234.4703,74.4669,16.42,293.3972,95.9129,130.4921,66.6534
2020-06-10,10.7549,35.8813,52.399,163.57,59.8037,103.2034,135.1408,105.8789,237.2843,74.5099,16.96,291.7599,96.6489,132.427,64.9587
2020-06-11,10.4068,34.0084,49.5926,162.39,58.269,103.5694,124.8328,104.6159,225.5271,74.4755,16.44,274.9403,96.6805,134.93,60.7885
2020-06-12,10.4504,34.7315,50.4485,162.62,58.8472,103.3396,127.8281,105.1243,227.3196,74.5013,16.28,278.233,96.4194,133.6291,62.9673
2020-06-15,10.5461,34.416,50.6555,162.33,59.4182,103.2544,130.7835,106.6177,230.0854,74.4841,16.23,280.8304,96.4589,133.7032,63.8576
2020-06-16,10.6331,34.6351,51.2815,162.25,59.6609,103.0416,133.9281,106.3238,234.0366,74.4755,16.26,286.2357,96.4115,131.653,65.1149
2020-06-17,10.5809,34.968,51.4735,162.56,59.3825,103.2034,131.5071,106.1172,234.7787,74.5013,16.33,285.0468,96.3482,132.1965,64.17
2020-06-18,10.6418,34.9856,51.198,162.24,59.3611,103.4332,131.4607,106.3556,235.4147,74.4927,16.21,285.1566,96.7834,133.5961,63.4671
2020-06-19,10.7288,34.9768,50.9476,164.03,59.1612,103.4673,130.7835,106.435,235.3762,74.5099,16.49,283.5269,96.9734,133.7032,62.5456
2020-06-22,10.8419,35.4061,51.557,165.09,59.1184,103.3736,132.0914,106.3318,238.199,74.4927,16.5,285.3458,97.2187,133.7197,62.4831
2020-06-23,10.7897,35.7478,51.8407,166.48,59.2041,103.3396,132.6481,106.1331,240.2263,74.5099,16.76,286.6594,97.2741,132.8057,62.2255
2020-06-24,10.52,35.2747,50.5136,165.9,58.5973,103.5354,128.3439,105.8392,235.2738,74.5185,16.28,279.3471,97.1396,134.2301,60.4527
2020-06-25,10.6157,35.4236,51.2314,165.8,58.6187,103.5524,130.2826,105.9504,237.5135,74.5185,16.59,282.3418,97.2266,134.6171,61.2248
2020-06-26,10.4852,34.9943,50.4886,166.54,58.062,103.8333,126.7763,106.0457,231.9047,74.5444,16.63,275.6358,97.3928,136.058,60.0497
2020-06-29,10.6592,35.152,50.8976,166.63,57.7336,103.9355,130.9227,106.5382,234.434,74.5616,16.65,279.6871,97.5036,135.6299,61.2091
2020-06-30,10.7114,35.0381,50.8057,167.37,58.2619,103.7482,132.815,106.8401,239.0292,74.553,17.01,283.2697,97.3454,134.9712,61.9346
2020-07-01,10.7984,35.4324,50.9977,166.62,58.4432,103.5864,131.5534,107.2621,241.8191,74.528,16.82,285.2539,97.4087,134.709,63.3621
2020-07-02,10.8419,36.2385,51.557,166.98,58.8733,103.7141,132.0914,107.5248,243.4603,74.5624,16.71,286.8248,97.6777,134.8492,63.1807
2020-07-06,10.9289,37.7981,52.3999,167.98,59.2962,103.5608,133.0469,107.8035,249.4457,74.5366,17.05,291.2526,97.8677,134.2968,63.1492
2020-07-07,10.9376,37.1672,51.6321,169.04,58.9019,103.8931,130.6908,107.9468,247.7273,74.5538,17.01,288.2486,97.8915,136.1846,61.8952
2020-07-08,11.0769,38.131,52.0661,170.09,59.0597,103.7312,131.6648,107.7716,250.9903,74.5538,17.49,290.4533,97.7173,135.6405,61.8085
2020-07-09,10.9463,38.131,51.4735,169.63,58.9306,104.0635,129.0025,108.3767,253.1045,74.5711,17.38,288.7998,97.9706,137.8002,61.422
2020-07-10,11.0159,37.8857,52.0244,169.19,59.1314,103.859,131.0803,108.1777,254.8325,74.5452,17.43,291.7487,97.8677,137.1078,61.6113
2020-07-13,10.9028,37.6316,51.6905,169.4,58.8088,103.9697,129.42,107.8911,249.5905,74.5452,17.73,289.2225,98.0814,137.5611,60.8778
2020-07-14,10.955,37.6842,52.45,170.19,59.3106,103.9612,131.5627,108.5201,251.3571,74.5538,17.97,292.9704,98.0972,137.7589,61.3904
2020-07-15,11.0856,37.7981,53.0426,170.34,59.6475,103.9272,136.3863,108.735,251.8688,74.5624,18.17,295.662,98.0418,137.116,61.9898
2020-07-16,10.9985,37.2636,52.7004,168.73,59.7048,104.0038,135.5793,109.0376,250.1503,74.5624,17.78,294.6883,98.2397,137.7672,61.2485
2020-07-17,11.0159,37.4739,53.0093,170.12,59.8697,103.9783,135.9781,109.3321,250.4401,74.5797,18.01,295.5426,98.4217,137.4787,62.045
2020-07-20,11.0072,37.9558,53.268,170.94,60.2281,104.0465,135.3937,109.6347,257.5453,74.5624,18.53,297.9311,98.5562,137.8167,61.3037
2020-07-21,11.1639,38.3063,53.3765,173.0,60.5077,104.1572,137.3139,109.778,254.8615,74.5797,19.67,298.5649,98.7778,137.8991,61.4535
2020-07-22,11.2335,38.1398,53.5184,175.63,60.6295,104.1913,137.3881,110.1363,255.7593,74.5711,21.44,300.2643,98.7778,138.3112,62.3921
2020-07-23,11.2074,37.8331,53.0927,177.18,60.5865,104.2936,137.5272,110.2159,249.0789,74.5711,21.03,296.6817,98.8253,139.9269,62.1318
2020-07-24,11.2248,37.7981,52.8006,178.7,60.6439,104.2424,135.5051,109.9691,246.7137,74.5797,21.21,294.771,98.8015,139.9187,61.6744
2020-07-27,11.3292,38.3851,53.4934,182.23,60.7872,104.0805,136.915,109.6347,251.1158,74.5538,22.83,296.9206,98.8015,139.3993,62.258
2020-07-28,11.2683,38.0697,53.1511,183.75,60.6295,104.3276,135.5514,109.5232,247.9203,74.5711,22.77,295.0373,98.9836,140.3638,63.4962
2020-07-29,11.3292,38.683,53.7104,185.13,60.9664,104.464,138.5383,110.1204,250.7779,74.5883,22.57,298.666,99.2131,140.1247,64.7265
2020-07-30,11.1987,38.1923,52.9174,183.76,61.0954,104.6088,137.991,110.0009,252.0909,74.6141,21.76,297.6003,99.316,141.0479,64.3085
2020-07-31,11.2596,37.9295,51.7906,185.43,61.2101,104.6344,136.6924,110.1522,256.5895,74.6228,22.65,299.952,99.6088,140.9573,64.1902
2020-08-03,11.3727,38.1923,52.8006,185.64,61.2253,104.5832,138.9186,110.2998,260.0553,74.6227,22.74,302.0374,99.7434,140.2476,63.3385
2020-08-04,11.4336,38.7005,53.0927,189.59,61.2037,104.9413,139.8741,110.7067,261.0207,74.6313,24.25,303.204,99.965,141.5845,64.2849
2020-08-05,11.5293,39.1211,53.268,191.35,61.3116,104.5917,142.6569,110.5551,261.6674,74.6141,25.05,305.0872,100.0124,140.3467,63.9615
2020-08-06,11.6163,39.2438,53.3264,193.89,61.4484,104.7111,142.6012,111.0259,265.1331,74.6141,26.88,307.1266,100.1232,141.1306,64.064
2020-08-07,11.4597,38.4377,53.1094,190.81,61.2972,104.4894,144.8646,110.7147,262.0729,74.6055,26.19,307.3472,99.8542,140.1899,64.9789
2020-08-10,11.5206,38.5341,53.2847,190.15,61.326,104.3785,146.3674,110.4754,260.9531,74.5883,27.0,308.2657,99.7354,139.5627,65.0814
2020-08-11,11.3379,38.4289,53.4767,179.94,60.7719,104.0204,145.5232,109.7812,256.0104,74.571,23.33,305.721,99.5139,137.904,64.1429
2020-08-12,11.4597,38.9459,54.6619,179.1,60.7862,103.7134,146.1169,109.5099,262.4493,74.5538,23.42,309.9835,99.5772,136.6496,64.7896
2020-08-13,11.5206,38.832,54.4198,183.33,60.6207,103.5002,145.8108,108.5205,263.048,74.5452,25.45,309.4231,99.3239,135.189,63.9931
2020-08-14,11.5206,38.7619,54.086,182.54,60.5127,103.5514,145.718,108.0418,262.739,74.5538,24.58,309.4323,99.1577,134.6607,64.001
2020-08-17,11.7121,39.2525,54.495,186.5,60.8726,103.7219,146.4694,108.2652,265.7896,74.5624,25.62,310.4152,99.3714,134.9991,64.5215
2020-08-18,11.7382,39.2087,54.4616,188.18,60.9662,103.901,145.0687,108.5764,268.3479,74.571,25.88,311.0859,99.8146,135.9647,64.2139
2020-08-19,11.7034,38.7268,54.2195,182.24,60.7935,103.7645,145.078,108.2892,266.5426,74.571,24.88,309.7906,99.5139,135.1147,63.0861
2020-08-20,11.686,38.6042,54.0442,183.5,60.995,104.063,144.4843,108.6721,270.24,74.571,25.61,310.7552,99.4189,136.336,63.6855
2020-08-21,11.5728,38.7969,53.7688,182.03,60.9878,104.1398,143.4176,108.8716,272.113,74.5624,24.9,311.8575,99.7592,137.153,63.788
2020-08-24,11.6337,39.2262,54.4782,181.0,61.2685,103.9948,144.9203,108.6801,273.812,74.5538,24.6,315.0176,99.957,136.9301,64.1981
2020-08-25,11.7295,39.6205,54.5116,181.22,61.3332,103.7475,145.078,108.2094,275.9648,74.5624,24.76,316.12,99.9254,135.8821,64.3637
2020-08-26,11.7556,39.7257,54.8288,183.36,61.326,103.7048,144.1689,108.2492,281.8537,74.5624,25.57,319.2892,100.1232,135.3622,63.7722
2020-08-27,11.7121,39.3927,54.2696,181.24,61.2325,103.3381,144.5214,107.3876,280.9752,74.5538,25.16,319.9875,99.7275,133.0598,64.7108
2020-08-28,11.7904,39.9096,54.6535,184.39,61.2828,103.5087,145.7458,107.7147,282.4039,74.5796,25.61,322.0544,100.0441,132.9609,65.1366
2020-08-31,11.7817,39.0247,54.2362,184.83,61.1965,103.6196,144.1781,108.1934,284.6726,74.6055,26.23,320.8877,100.4952,133.8438,64.4742
2020-09-01,11.7991,39.6906,54.2946,185.05,61.5296,103.9592,145.8293,108.8771,289.5382,74.5874,26.14,323.91,100.5506,135.3746,64.5215
2020-09-02,11.6424,39.5855,55.0208,182.62,61.6019,104.1043,146.9888,109.3089,292.2798,74.596,25.55,328.595,100.5902,136.6635,65.7203
2020-09-03,11.538,38.832,53.7771,181.14,61.2189,104.2408,142.6476,109.069,277.4612,74.5874,24.74,317.2867,100.242,137.0518,64.9316
2020-09-04,11.4336,38.8495,53.8523,181.64,61.0527,103.6605,141.7386,107.9096,273.7638,74.5615,25.06,314.696,99.9333,134.4494,64.5925
2020-09-08,11.1552,38.1748,53.1929,181.29,60.713,103.8824,139.0114,108.0135,260.6056,74.5702,24.75,306.0977,100.0283,135.2756,63.8038
2020-09-09,11.2596,38.7443,54.1861,183.05,61.19,103.8312,141.1171,108.0854,268.2611,74.5788,25.18,312.1423,100.0837,134.9121,64.4347
2020-09-10,11.1465,38.1223,53.5518,182.46,60.901,103.9592,139.2804,108.1654,262.9128,74.5702,24.86,306.7223,100.1707,135.5977,63.646
2020-09-11,11.2248,38.4902,54.086,182.45,61.0238,104.1214,138.3528,108.2454,261.0883,74.5874,24.9,306.8786,100.1153,135.8869,63.2911
2020-09-14,11.2335,39.1123,54.3781,183.89,60.9587,104.0275,141.9983,108.5173,265.6351,74.5788,25.29,310.9205,100.052,135.8787,64.837
2020-09-15,11.2944,39.5241,54.7287,183.45,61.1249,103.9763,142.2673,108.6371,269.4003,74.5874,25.23,312.4914,100.1232,135.5482,65.6177
2020-09-16,11.5032,39.4716,54.7287,183.97,61.1249,103.9166,143.6124,108.7091,265.1042,74.596,25.23,311.2512,100.1232,135.1434,65.9648
2020-09-17,11.6337,39.3139,54.8038,182.96,61.0599,103.9507,142.5641,108.7331,260.9627,74.5788,25.23,308.5137,100.1787,135.5565,64.6792
2020-09-18,11.686,39.0072,54.3614,183.2,60.9082,103.8568,142.1931,108.5332,257.6322,74.5874,24.93,304.9618,100.0916,135.1351,63.2202
2020-09-21,11.3988,38.648,52.9842,179.52,60.4168,104.0446,137.2119,108.4293,258.25,74.5788,23.03,301.5678,99.9095,135.8208,61.3195
2020-09-22,11.3466,38.3588,52.9675,178.65,60.6263,104.0446,138.2693,108.4933,263.048,74.596,22.79,304.6391,99.9412,135.7135,62.0529
2020-09-23,11.2161,37.763,52.5252,174.79,60.0121,104.0446,134.15,107.7096,255.0159,74.596,21.17,297.5742,99.8383,135.8952,60.1838
2020-09-24,11.2683,37.5878,52.4751,175.44,60.0483,104.0958,134.15,107.4378,256.2034,74.5874,21.56,298.3674,99.9095,136.4156,60.5071
2020-09-25,11.2683,37.6228,52.6504,174.94,59.9399,104.1811,136.3288,107.3258,262.1599,74.596,21.3,303.1911,100.0441,136.4156,61.7549
2020-09-28,11.364,38.0434,53.4433,176.7,60.3301,104.164,139.6903,107.8696,267.6046,74.6046,22.02,308.2269,100.2499,136.0274,63.0187
2020-09-29,11.2335,38.0171,53.3849,178.19,60.3807,104.2408,139.0571,107.7336,266.3979,74.596,22.5,306.5483,100.4161,136.1844,62.5656
2020-09-30,11.364,38.6304,53.1261,177.12,60.6263,103.9592,139.4761,107.7176,268.2224,74.6046,21.64,308.8725,100.1153,134.8791,62.7564
2020-10-01,11.2248,38.9897,53.4349,178.7,60.8346,104.0182,141.7015,108.0173,272.4798,74.5874,22.09,310.8554,100.0971,135.1015,64.0121
2020-10-02,11.0856,38.5428,53.3264,178.54,60.8346,103.9157,142.3254,108.0334,264.8147,74.596,22.13,307.9041,100.113,134.597,65.1169
2020-10-05,11.3727,39.0598,54.136,179.41,61.2918,103.2581,146.2548,107.6728,270.4621,74.5701,22.62,313.3641,99.8112,131.9671,65.4904
2020-10-06,11.4162,39.1299,53.5601,177.3,61.1539,103.4972,145.8358,107.5847,265.6351,74.5701,21.73,308.9093,99.8271,132.6784,65.0613
2020-10-07,11.4597,39.5592,54.0192,177.22,61.3716,103.1984,149.0203,107.6166,270.2304,74.5615,22.09,314.2864,99.8192,131.7107,65.1566
2020-10-08,11.5728,39.8834,54.3948,177.85,61.5095,103.3862,150.715,107.8811,271.6689,74.5615,22.18,317.0718,100.2162,132.4219,66.2455
2020-10-09,11.6076,40.155,54.8205,181.08,61.6474,103.335,151.4972,108.1295,275.8199,74.5615,23.41,319.9033,100.2479,132.3971,65.9832
2020-10-12,11.4858,40.5054,55.1376,180.56,61.9594,103.446,152.5121,108.7546,284.3348,74.5788,23.33,325.0498,100.3115,132.819,66.2932
2020-10-13,11.5119,40.339,54.52,177.72,61.6837,103.6765,151.4972,108.6504,284.325,74.5701,22.49,322.9286,100.3115,133.77,65.1566
2020-10-14,11.5902,40.0674,54.4282,178.27,61.5313,103.7107,149.998,108.7546,281.9501,74.5701,22.54,320.8994,100.3115,134.0759,64.3619
2020-10-15,11.625,39.7782,53.7855,178.92,61.4877,103.5997,151.5437,108.6424,280.058,74.5874,22.59,320.5029,100.2797,133.8444,64.6957
2020-10-16,11.5467,39.9184,54.0359,178.3,61.4152,103.5399,151.1712,108.4581,278.5231,74.5788,22.42,320.3091,100.3194,133.4722,64.2347
2020-10-19,11.5554,39.8045,53.8356,178.39,61.1975,103.3692,149.3648,108.2497,273.976,74.5788,22.58,315.4393,100.0812,132.9677,63.2332
2020-10-20,11.686,40.2426,54.1027,179.25,61.4152,103.1471,149.6907,108.0253,274.565,74.5701,23.02,316.7029,99.9938,131.7025,63.6863
2020-10-21,11.5902,40.3565,53.8439,180.6,61.4079,103.0105,148.4057,107.849,274.3526,74.5701,23.29,316.1035,99.9621,131.2476,63.4955
2020-10-22,11.625,40.3477,53.8856,178.83,61.5168,102.6518,150.9664,107.6087,274.343,74.5443,22.96,317.8373,99.8112,129.883,63.4876
2020-10-23,11.538,40.5843,54.2362,178.64,61.5893,102.797,151.8417,107.8811,274.8836,74.5529,22.94,318.9165,99.9303,130.6769,63.8691
2020-10-26,11.3727,40.0586,53.2597,178.55,61.045,103.0703,148.564,108.1055,270.7614,74.5615,22.61,313.0229,100.0097,131.8927,62.9551
2020-10-27,11.451,40.2338,52.8423,179.02,61.0741,103.3008,147.2884,108.5463,272.8756,74.5615,22.73,311.9438,100.2082,132.7776,61.9457
2020-10-28,11.1465,39.2262,51.2648,176.13,60.5661,103.2923,142.7537,108.0093,262.2371,74.5615,21.78,301.282,100.0812,132.9016,60.4674
2020-10-29,11.0072,39.6205,51.5069,175.4,60.7403,102.8568,144.4577,107.7289,266.8227,74.5788,21.71,304.344,99.7398,131.6114,61.2781
2020-10-30,11.0072,39.1737,51.2398,176.2,60.8709,102.5237,142.5489,107.1679,260.0553,74.5701,21.99,301.1712,99.438,130.3131,60.8727
2020-11-02,11.2074,39.6731,51.9075,177.91,61.0159,102.6998,145.0909,107.5879,260.6345,74.5693,22.41,304.5469,99.8026,131.2891,62.3272
2020-11-03,11.277,39.8483,53.268,178.92,61.5407,102.4691,149.2065,107.6923,265.1429,74.552,22.44,309.9239,99.723,130.5275,63.5273
2020-11-04,11.3988,41.1012,53.8523,178.82,62.1164,103.3321,149.3741,109.3065,276.9784,74.5693,22.24,316.8504,99.8902,133.3589,63.6386
2020-11-05,11.451,41.8022,55.146,182.93,62.3351,103.315,153.555,109.716,284.1996,74.552,23.61,323.0299,99.9698,133.5907,63.9406
2020-11-06,11.4075,41.9949,55.2628,183.19,62.1164,102.9646,152.3538,109.3707,284.4119,74.5606,23.79,322.9562,99.516,131.9763,63.5035
2020-11-09,11.5467,42.2841,56.8737,175.08,62.5902,102.2042,157.8755,108.5436,278.6003,74.5347,22.5,327.0143,99.2295,129.2028,65.7527
2020-11-10,11.773,41.8022,57.3829,175.66,62.5027,101.9136,160.8086,108.2625,273.6092,74.5261,22.43,326.5347,99.325,128.4577,66.7144
2020-11-11,11.7643,42.0738,57.867,174.9,62.4808,102.076,160.7434,108.4632,279.7298,74.5089,22.52,328.9605,99.5001,128.9213,66.9687
2020-11-12,11.6685,41.7584,57.024,175.96,62.0581,102.6571,158.2759,108.8969,278.4169,74.5175,22.55,325.7692,99.7787,131.1153,66.0945
2020-11-13,11.6163,42.3454,57.9004,177.16,62.2695,102.5203,161.5535,109.0254,280.8593,74.5175,22.9,330.2793,99.7708,130.9414,67.8589
2020-11-16,11.7208,42.8711,58.5013,177.15,62.6193,102.4434,165.3991,109.3787,283.0508,74.5347,23.02,334.402,99.6354,130.6268,68.6219
2020-11-17,11.7556,42.8273,58.4429,176.5,62.6412,102.7083,166.172,109.7321,282.1529,74.5261,22.74,332.6035,99.8026,131.4796,68.6855
2020-11-18,11.773,42.6783,58.1341,175.49,62.5246,102.6741,163.8442,109.965,280.0677,74.5261,22.55,328.6007,99.8344,131.8605,67.3502
2020-11-19,11.773,42.7484,58.543,175.16,62.7359,102.7852,165.1012,110.5753,282.2591,74.5434,22.42,329.9842,99.938,132.5392,67.6125
2020-11-20,11.8339,42.985,58.7183,175.69,62.6193,102.9646,165.2781,110.479,280.3283,74.552,22.49,327.7245,100.1609,133.7149,67.2469
2020-11-23,11.8687,43.0989,58.6432,172.23,62.7141,102.7596,168.3695,110.6155,280.338,74.552,21.93,329.689,100.0812,133.1023,67.3741
2020-11-24,12.121,43.6772,59.5196,169.59,62.9036,102.5972,171.5354,110.3665,284.2768,74.5606,21.63,335.0016,100.1131,131.7776,67.7317
2020-11-25,12.2254,43.4319,59.4445,169.51,62.8744,102.6314,170.9487,110.4308,286.0241,74.5693,21.72,334.485,100.2802,131.3719,67.7715
2020-11-27,12.1993,43.8437,59.8535,167.79,62.9764,102.939,171.675,110.8243,288.6596,74.5693,21.05,335.4166,100.527,132.6469,67.4695
2020-11-30,12.1297,42.6959,58.5514,166.67,62.9108,102.8707,168.5558,111.2098,289.2485,74.5865,21.05,333.9315,100.6385,132.4814,66.7621
2020-12-01,12.0949,43.537,59.9286,170.18,63.0725,102.3234,170.12,110.7881,292.9555,74.546,22.3,337.5839,100.4098,130.528,67.6205
2020-12-02,12.1471,43.5983,59.9369,171.46,63.2481,102.1524,170.297,110.418,293.3321,74.5632,22.33,338.2942,100.4815,129.492,67.088
2020-12-03,12.1645,44.0977,60.0371,172.81,63.2847,102.426,171.256,110.8525,293.7471,74.5805,22.43,338.202,100.7604,130.5363,67.6523
2020-12-04,12.2167,44.5534,60.5462,172.32,63.5481,102.0242,175.2413,110.2409,294.9442,74.5719,22.48,341.1164,100.5452,128.6218,68.6855
2020-12-07,12.2167,44.5534,60.0538,174.89,63.5189,102.3405,175.409,110.3375,296.6144,74.5891,22.82,340.4154,100.8082,129.7821,68.0894
2020-12-08,12.2341,44.5709,60.2625,175.5,63.4677,102.4432,177.6623,110.2087,297.6184,74.5719,22.82,341.4116,100.9755,130.3954,67.851
2020-12-09,12.2428,44.1854,60.3459,172.5,63.3726,102.2978,176.368,109.8064,290.8799,74.5632,22.23,338.3495,100.8481,129.9644,67.4297
2020-12-10,12.4256,44.7549,60.4294,172.17,63.4896,102.5286,178.072,110.3536,292.0482,74.5805,22.32,338.2389,101.0792,131.1164,67.1356
2020-12-11,12.3908,44.4395,60.2458,172.49,63.4237,102.7339,177.1967,110.4662,291.4012,74.6237,22.26,337.8422,101.0712,131.5804,67.0721
2020-12-14,12.4256,44.2084,60.2828,171.54,63.4384,102.674,177.4041,110.3858,293.5155,74.615,22.16,336.3297,101.0712,131.2158,66.778
2020-12-15,12.5213,44.6864,60.8981,173.94,63.6359,102.5714,181.8408,110.6031,296.653,74.615,22.8,340.8766,101.2545,130.7766,68.145
2020-12-16,12.5909,44.8989,61.134,174.9,63.5408,102.4859,181.187,110.5145,298.2845,74.615,23.62,341.4116,101.2465,130.4285,68.2245
2020-12-17,12.7388,45.191,61.5638,176.74,63.6356,102.4115,183.3446,110.6758,300.2346,74.6167,24.15,343.3208,101.3047,130.0834,68.8842
2020-12-18,12.7823,45.1379,61.2436,176.44,63.687,102.3259,182.4573,110.5951,299.327,74.6081,23.96,341.9499,101.2569,129.6935,67.5012
2020-12-21,12.6518,44.474,60.4598,175.88,63.4593,102.3944,182.3639,110.3774,298.7672,74.6081,24.38,340.7272,101.2409,130.2079,67.1198
2020-12-22,12.5126,44.1199,60.3081,174.49,63.5401,102.5655,184.4375,110.6839,299.5795,74.6081,23.43,340.153,101.3366,130.8799,67.5887
2020-12-23,12.6692,44.5714,60.957,175.65,63.8267,102.3516,186.0067,110.7081,298.0709,74.6254,23.8,340.4587,101.3844,129.9755,67.1516
2020-12-24,12.704,44.3766,60.9823,176.35,63.9589,102.497,185.8853,111.087,299.386,74.6081,23.96,341.7832,101.4243,130.4899,67.7395
2020-12-28,12.6257,44.5005,61.4796,175.71,64.0397,102.5056,185.1941,111.1596,302.4035,74.6167,24.43,344.7194,101.496,130.548,68.1432
2020-12-29,12.6605,45.1645,61.8756,176.35,63.9589,102.4884,181.6073,111.208,302.6743,74.6167,24.39,344.0618,101.4482,130.3822,67.5618
2020-12-30,12.7388,45.7664,61.9599,177.7,64.0911,102.5569,183.4567,111.3531,302.6841,74.6254,24.76,344.5527,101.5279,130.6642,67.9333
2020-12-31,12.791,45.7399,61.488,178.36,64.1426,102.6253,183.1298,111.3773,303.4287,74.6167,24.57,346.3033,101.7431,130.855,68.5874
2021-01-04,12.7214,46.032,61.8082,182.33,64.0104,102.6511,180.7386,110.8128,299.1443,74.6254,25.35,341.5888,101.8547,130.6973,66.3585
2021-01-05,13.0782,47.1385,62.4487,182.87,64.0324,102.4115,183.5314,110.4581,301.6105,74.6254,25.67,343.9413,101.8228,129.7267,66.4554
2021-01-06,13.0956,46.7402,63.1651,179.9,63.9148,101.8126,191.0412,109.5631,297.4325,74.5822,25.34,345.9976,101.5199,127.0636,66.5685
2021-01-07,13.1565,47.1828,63.2325,179.48,64.0985,101.4532,194.4412,109.5469,304.6279,74.5995,25.26,351.1382,101.4562,125.9436,66.4393
2021-01-08,13.2609,48.431,63.8224,173.34,64.194,101.1623,194.0208,109.4663,308.5448,74.5909,23.51,353.1389,101.0576,125.5371,67.0853
2021-01-11,13.1652,47.7759,62.9881,173.0,63.8487,100.9656,193.8527,108.9986,304.0864,74.5822,23.21,350.7585,100.8424,125.3297,66.197
2021-01-12,13.4175,48.2451,63.2747,174.12,63.9295,100.9484,197.3274,109.2324,303.6028,74.5822,23.72,350.8326,100.9779,125.2302,66.3504
2021-01-13,13.3827,48.3513,63.1904,173.37,64.1206,101.2992,195.9169,110.0791,305.6531,74.5736,23.44,351.7774,101.2011,126.6406,67.158
2021-01-14,13.5045,48.8028,63.696,173.28,64.1059,101.0682,199.8306,109.6034,304.0187,74.5822,23.71,350.5455,101.2489,125.4542,67.5537
2021-01-15,13.3131,48.1123,62.7016,171.13,64.003,101.342,196.851,109.7727,301.6105,74.5909,22.95,347.989,101.3605,125.9519,68.329
2021-01-19,13.3566,48.909,63.1567,172.58,64.1866,101.4019,199.3729,109.9662,306.011,74.6167,23.38,350.7214,101.5996,126.3584,68.1352
2021-01-20,13.3653,49.7677,63.5865,175.39,64.3042,101.4447,200.2509,109.934,313.1291,74.6081,24.01,355.5749,101.7511,126.4829,69.4354
2021-01-21,13.3566,49.8562,63.637,175.28,64.2675,101.2992,198.5136,109.4986,315.634,74.6167,24.15,355.8992,101.9981,125.5952,69.1043
2021-01-22,13.1304,49.4224,63.3336,173.9,64.1426,101.4532,200.8207,109.4179,314.7248,74.6167,23.66,354.6394,101.8387,126.0017,69.2658
2021-01-25,13.2696,49.7942,63.2578,174.05,64.1573,101.8639,200.6246,109.8856,317.3264,74.6254,23.55,356.0381,102.1017,127.4867,69.7907
2021-01-26,13.2957,49.4313,63.3505,173.62,64.0618,101.8297,199.2328,109.8775,317.7907,74.6167,23.65,355.4824,101.9503,127.2461,70.2833
2021-01-27,13.2609,48.0592,61.9009,172.52,63.8781,101.9495,195.5807,109.684,308.9318,74.6167,23.42,346.7942,101.9184,127.5697,69.0396
2021-01-28,13.2,48.3955,62.297,172.68,64.0691,101.6842,194.9549,109.5066,310.7596,74.6081,24.72,349.7767,102.1177,126.8645,69.4111
2021-01-29,13.2174,47.1916,61.0076,172.61,63.9001,101.5046,192.0033,109.3373,304.2218,74.634,24.99,342.7742,102.0141,126.1012,68.6116
2021-02-01,13.4697,48.4664,61.7324,174.23,64.1051,101.6313,196.7202,109.553,311.8235,74.6427,26.76,348.4799,101.7909,126.2475,70.1783
2021-02-02,13.5742,49.0949,62.356,172.11,64.26,101.3744,199.5224,109.2622,316.9106,74.6168,24.54,353.4075,101.9423,125.4335,70.5983
2021-02-03,13.6699,49.3428,62.5077,171.85,64.3116,101.1262,200.1201,109.0037,315.6533,74.6254,24.93,353.6855,101.8865,124.3205,70.4206
2021-02-04,13.7395,49.3605,62.5752,168.15,64.4444,101.0919,204.202,109.1894,319.3864,74.6254,24.48,357.7053,101.8148,123.9882,70.9052
2021-02-05,13.8091,49.7854,62.9628,169.81,64.5402,100.8779,207.0322,108.8986,320.4696,74.6427,24.95,359.1132,101.7909,122.9501,71.1555
2021-02-08,14.0266,49.8739,63.4011,171.52,64.732,100.9207,212.3188,109.3672,322.6167,74.634,25.39,361.7066,101.8865,123.4899,71.5431
2021-02-09,14.0788,50.405,63.7466,172.08,64.614,100.9977,213.3183,109.1975,322.549,74.6168,25.28,361.4658,101.9423,123.5813,71.7935
2021-02-10,14.0527,50.5821,63.5275,172.71,64.5992,101.2546,211.9173,109.456,321.814,74.6254,25.07,361.3084,102.03,124.4035,72.1811
2021-02-11,14.0266,51.1221,63.9573,171.21,64.6287,101.1776,211.6743,109.1652,323.5837,74.6254,25.09,361.8919,101.9105,123.7224,72.3345
2021-02-12,14.2007,51.1663,64.3112,170.69,64.732,100.8436,212.2722,108.8097,325.3923,74.634,25.31,363.6796,101.7431,122.1859,72.3507
2021-02-16,14.3921,51.2903,64.7748,168.24,64.6287,100.1159,210.9364,108.0422,324.5123,74.6081,25.26,363.3645,101.2489,120.3255,71.7935
2021-02-17,14.4356,51.308,64.3955,166.33,64.6066,100.1844,209.2832,108.5835,322.9552,74.6254,25.4,363.4481,101.209,121.0895,71.7047
2021-02-18,14.3834,50.5998,64.0753,166.32,64.5181,100.1758,206.0421,108.3734,321.5431,74.6254,25.06,361.9011,100.7866,120.5995,71.3978
2021-02-19,14.3747,50.9273,64.2607,167.01,64.5255,99.7735,210.3387,107.5898,320.1409,74.634,25.26,361.2621,100.3562,118.9965,71.8096
2021-02-22,14.6966,49.4313,64.1005,169.51,64.3264,99.6108,208.975,106.9192,311.8428,74.6168,26.27,358.4833,100.3482,118.0912,72.4072
2021-02-23,14.7662,49.6526,64.1595,169.12,64.4812,99.6879,207.1349,107.0,310.9143,74.6254,25.71,358.9187,100.3721,117.7506,72.8595
2021-02-24,14.9925,49.3339,64.3618,169.0,64.5476,99.5509,212.0293,107.1616,313.4773,74.6081,25.94,362.8737,100.2924,116.9782,73.4167
2021-02-25,14.8707,48.2097,63.2662,165.82,63.9355,98.2239,204.1926,105.465,302.5487,74.4958,25.4,354.1299,99.065,115.0679,72.0115
2021-02-26,14.5574,47.5634,62.3729,161.81,63.7437,99.1057,203.9124,106.8627,303.8156,74.5908,24.66,352.3053,100.2924,118.872,70.9617
2021-03-01,14.4356,48.8382,63.5443,161.53,64.4594,98.9943,211.1606,106.9671,312.955,74.5839,24.6,360.8453,99.9577,117.3019,71.2766
2021-03-02,14.4965,48.3601,63.4769,162.41,64.3632,99.1742,207.0975,106.8457,307.9356,74.6012,24.8,358.0295,100.3642,117.3102,70.5902
2021-03-03,14.5835,48.2628,63.0892,160.62,64.156,98.6431,204.8559,106.0523,298.9993,74.558,24.28,353.2872,100.1091,116.0379,70.1864
2021-03-04,14.8097,47.1385,62.4909,159.04,63.9118,98.1548,199.1301,105.1861,294.1055,74.558,23.56,348.9153,99.7266,115.2895,69.3869
2021-03-05,15.1143,47.652,62.8954,159.14,64.1042,98.0178,203.352,105.0484,298.535,74.558,23.36,355.3341,99.8302,115.5141,70.146
2021-03-08,14.9055,46.3684,62.6763,157.49,63.6379,97.6323,204.3141,104.0689,290.0822,74.532,23.32,353.5651,99.2802,114.6159,70.7517
2021-03-09,14.9055,47.3864,63.519,160.84,63.7268,98.0948,208.6107,104.8542,301.5235,74.532,24.05,358.613,99.9019,116.2043,71.2201
2021-03-10,15.0012,47.1739,63.7887,161.66,63.9266,98.3004,212.2348,105.348,300.6627,74.558,24.32,360.8453,100.3562,116.4371,71.9308
2021-03-11,15.2274,48.6611,64.1258,161.52,64.1634,98.2662,216.9051,105.4127,307.5874,74.558,24.25,364.504,100.4439,115.5972,72.7707
2021-03-12,15.1578,47.7936,64.286,161.49,63.9858,97.5552,218.1847,104.1984,305.0921,74.5493,24.03,364.9948,99.6548,113.1441,73.9901
2021-03-15,15.1056,47.9087,64.3365,162.2,63.9932,97.6751,218.96,104.5546,308.3514,74.558,24.33,367.1714,99.9497,113.8093,75.0884
2021-03-16,15.0447,48.1123,64.4461,162.35,63.8452,97.6579,215.2985,104.4817,310.0439,74.558,24.1,366.7084,100.1569,113.3519,74.7815
2021-03-17,15.0447,48.1742,64.8253,163.51,63.934,97.4952,216.9891,104.5789,311.3205,74.5753,24.42,367.9588,100.0693,112.5037,74.8461
2021-03-18,14.3312,47.289,64.2354,162.56,63.4456,96.8869,210.3854,103.9798,301.7845,74.5666,24.1,362.6051,99.3599,111.3645,74.087
2021-03-19,14.6444,47.8733,64.4124,163.24,63.6898,96.827,211.9733,104.1336,302.8484,74.5666,24.31,361.9341,99.5512,112.0547,73.0775
2021-03-22,14.6183,47.7316,64.4714,163.0,63.9192,97.144,210.376,104.506,308.5278,74.558,23.94,364.8243,100.0294,113.3104,73.5944
2021-03-23,14.2094,46.8198,63.578,161.81,63.9858,97.6237,202.7448,104.8137,307.1819,74.5666,23.22,361.9529,100.2366,114.3332,73.4894
2021-03-24,14.5835,45.7487,63.2578,162.37,64.0228,97.7522,198.0559,105.1294,302.0012,74.5839,23.24,360.1127,100.4997,114.9486,73.0775
2021-03-25,14.2529,45.9612,63.7297,161.78,64.1338,97.6237,202.7518,105.0079,301.4782,74.5925,23.29,362.1387,100.428,114.0422,73.8216
2021-03-26,14.5922,47.1562,64.5556,162.24,64.3262,97.2982,206.4483,104.9351,306.0004,74.5925,23.23,367.9745,100.4519,113.643,75.4137
2021-03-29,14.6096,46.8287,64.3028,160.31,64.3632,96.9641,200.6369,104.6841,305.9133,74.5753,22.91,367.7886,100.1809,112.6784,74.9751
2021-03-30,14.3747,46.9792,64.2185,157.57,64.2078,96.8783,204.0152,105.0079,304.3736,74.5753,22.26,366.8129,100.0055,113.2688,75.0725
2021-03-31,14.453,47.2182,63.9404,159.96,64.5186,96.7413,206.7571,105.2832,309.0314,74.5493,22.7,368.2997,100.0294,112.6368,74.6177
2021-04-01,14.6966,47.6785,64.7748,161.98,64.6552,97.1699,209.3773,105.9435,314.2992,74.5485,23.15,372.277,100.3171,114.5062,75.9742
2021-04-05,14.4791,47.8644,65.7187,161.92,64.685,96.8957,210.5284,105.4243,320.5741,74.5312,23.09,377.6203,100.0294,114.0066,76.2666
2021-04-06,14.5313,48.13,65.0192,163.22,64.7963,97.3671,209.9107,106.1301,320.3515,74.5485,23.34,377.3973,100.0854,114.7811,76.4616
2021-04-07,14.5748,47.4218,65.154,162.76,64.7741,97.3071,206.5231,105.9192,321.1261,74.5571,23.33,377.834,100.1493,113.9816,76.5184
2021-04-08,14.6531,47.8113,65.5248,164.51,64.7963,97.6414,208.2731,106.3085,324.4767,74.5831,23.62,379.6276,100.373,114.9226,76.2341
2021-04-09,14.6009,47.4041,65.7271,163.27,64.7518,97.3842,208.3012,106.0895,326.4424,74.5571,23.41,382.3875,100.1572,114.5062,76.1448
2021-04-12,14.6096,47.1208,65.3647,162.28,64.685,97.3242,207.487,106.0651,326.0164,74.5398,23.04,382.5269,100.1732,114.4563,76.5915
2021-04-13,14.7662,47.3156,65.7439,163.43,64.7295,97.7271,206.9442,106.5356,329.822,74.5658,23.51,383.6607,100.5407,115.3139,76.9733
2021-04-14,15.1056,47.5546,65.7945,162.72,64.6998,97.6071,208.9843,106.3896,325.8614,74.5658,23.59,382.3503,100.5407,114.9476,76.5672
2021-04-15,15.2013,47.9883,66.3423,165.35,64.9597,98.2328,209.892,107.0466,330.8,74.5831,24.03,386.4578,101.084,116.8711,77.9075
2021-04-16,15.1752,48.1123,66.8227,166.35,64.826,97.9671,210.2289,106.3166,331.1874,74.5744,24.09,387.7495,101.0521,115.9635,78.078
2021-04-19,15.1926,47.9352,66.7047,165.89,64.7221,97.8642,207.4963,106.0408,328.1564,74.5658,23.98,385.8445,100.8763,115.6304,78.2324
2021-04-20,15.1665,47.5457,65.508,166.48,64.6107,98.1557,203.2478,106.2436,325.7646,74.5831,23.96,383.0195,100.9403,116.1633,78.8741
2021-04-21,15.1056,47.8379,66.1822,168.13,64.826,98.2071,208.2169,106.6086,328.5534,74.6003,24.7,386.6436,101.0361,116.3965,79.394
2021-04-22,15.2274,47.6697,65.963,167.04,64.7072,98.2843,207.356,106.7141,324.5929,74.5917,24.21,383.1124,101.156,116.9045,78.9634
2021-04-23,15.3492,48.3601,66.6373,166.4,64.8781,98.1557,211.2676,106.8033,328.6794,74.5744,24.14,387.2662,101.2039,116.6297,79.4265
2021-04-26,15.4536,48.4221,66.6878,166.84,64.8483,98.0528,213.4668,106.7546,330.8194,74.5571,24.3,388.0747,101.2598,116.4631,79.662
2021-04-27,15.5842,48.3955,66.4687,166.42,64.7592,97.6671,213.7849,106.276,329.3862,74.5485,24.39,387.9911,101.2518,115.4472,79.6539
2021-04-28,15.6103,48.7585,66.6373,166.91,64.8854,97.7956,214.1499,106.2922,328.2726,74.5658,24.4,387.8795,101.5714,115.5221,79.4833
2021-04-29,15.7147,48.6434,66.6626,166.22,64.9597,97.6242,213.3545,106.1625,329.454,74.5831,24.25,390.3514,101.5234,115.1807,80.1656
2021-04-30,15.5842,47.7847,65.8282,165.66,64.93,97.7099,210.4535,106.3815,327.2946,74.5917,24.01,387.7866,101.4595,115.4472,80.4825
2021-05-03,15.7582,47.7847,66.553,167.81,64.9553,97.8763,211.4829,106.6375,325.5515,74.5848,24.96,388.623,101.7123,115.5164,80.3281
2021-05-04,16.0018,47.2447,65.567,166.58,64.9181,98.005,208.9562,106.7025,319.6929,74.5848,24.57,386.2255,101.9449,116.3003,79.8082
2021-05-05,16.0627,47.4661,66.4603,167.27,65.0448,98.1251,208.1233,106.8325,318.6181,74.6021,24.57,386.3462,102.4022,116.4921,78.4842
2021-05-06,16.1411,47.9175,67.0081,170.06,65.0224,98.168,208.3012,107.0357,321.0197,74.6021,25.37,389.4314,102.2818,116.6839,78.9228
2021-05-07,16.2977,48.4133,67.7666,171.59,65.0671,98.2023,210.9214,107.0764,323.6245,74.628,25.47,392.2657,102.4984,116.1085,79.9626
2021-05-10,16.1846,47.5457,67.4042,172.11,64.9181,98.005,205.5592,106.4993,315.4515,74.6021,25.35,388.3814,102.5465,114.9327,79.9382
2021-05-11,16.3586,47.413,66.5193,172.14,64.8511,97.8421,204.9042,106.1092,315.0158,74.5935,25.67,384.9151,102.2738,114.2822,78.9309
2021-05-12,16.3412,46.1028,65.4574,170.43,64.5381,97.3703,198.2506,105.5322,306.8622,74.5848,25.09,376.7375,102.0973,113.0814,76.9327
2021-05-13,15.8887,46.0408,65.9462,171.13,64.7691,97.6962,201.9003,105.9305,309.2347,74.6021,25.16,381.2631,102.1214,113.2564,77.9318
2021-05-14,16.0192,46.873,67.0502,172.69,64.9777,97.9107,206.8319,106.5075,316.0616,74.6021,25.46,387.1175,102.4824,114.3155,78.8578
2021-05-17,16.2194,46.8287,66.9238,174.7,64.8584,97.8163,207.1127,106.3856,314.1443,74.6021,26.19,386.1325,102.6829,114.0737,78.9391
2021-05-18,16.1411,47.4572,67.0671,175.04,64.702,97.8163,205.5405,106.0361,312.0236,74.6107,26.15,382.8057,102.5305,113.7818,78.9553
2021-05-19,15.8104,47.3156,66.4771,175.16,64.5307,97.5247,203.959,105.8491,312.3819,74.5848,25.73,381.8021,101.8326,113.5066,78.7035
2021-05-20,15.6451,47.59,67.3536,175.96,64.8063,97.9278,205.3159,106.5725,318.4244,74.6194,25.79,385.9095,101.9529,114.4407,79.5889
2021-05-21,15.793,47.0411,67.4463,176.04,64.9032,97.9621,205.8493,106.6456,316.662,74.6021,25.53,385.5935,102.1374,114.8076,79.5077
2021-05-24,16.0105,47.4307,67.8593,176.35,64.9777,98.0565,207.1875,106.9382,321.988,74.6194,25.75,389.5244,102.3861,115.2329,80.4987
2021-05-25,15.9583,47.8998,67.8761,177.95,64.9851,98.4167,205.1849,107.3364,322.4334,74.6194,25.99,388.6602,102.6749,116.3003,80.4743
2021-05-26,15.9844,48.2539,67.834,177.64,65.0075,98.3052,209.0123,107.2796,323.5567,74.6367,25.67,389.4314,102.4422,116.1002,80.8317
2021-05-27,16.2368,48.2628,67.9604,177.71,64.9777,98.1337,211.1647,106.9544,322.3462,74.6367,25.85,389.6358,102.4342,115.6332,80.6449
2021-05-28,16.1846,48.5726,68.1205,178.38,64.9553,98.1251,211.0243,107.0439,323.3631,74.6367,25.9,390.3329,102.4984,115.4497,81.1323
2021-06-01,16.4717,49.5729,68.3649,177.9,65.1504,98.1071,213.42,107.0577,322.2882,74.6211,25.84,389.989,102.7976,115.4238,82.5944
2021-06-02,16.5587,49.6526,68.5925,178.77,65.2327,98.2186,213.6727,107.2287,322.9176,74.6298,26.15,390.6023,102.6686,115.691,83.5611
2021-06-03,16.4195,49.1214,68.2554,175.27,65.0981,97.9697,211.8853,106.8053,319.5574,74.6038,25.46,389.1526,102.3218,115.2568,83.2524
2021-06-04,16.6022,49.5641,68.8369,177.16,65.2402,98.5105,212.8024,107.5626,324.9803,74.6298,25.78,392.7119,102.8138,116.8352,83.293
2021-06-07,16.6283,49.3162,69.0644,177.87,65.2626,98.4332,215.6566,107.473,325.9486,74.6211,25.9,392.3308,102.588,116.476,84.2759
2021-06-08,16.7937,49.0772,69.0307,177.32,65.3074,98.7165,217.9399,107.8802,326.1035,74.6384,25.61,392.4143,102.6928,117.2945,84.9744
2021-06-09,16.7153,48.9355,68.8453,176.98,65.3598,99.0255,216.4894,108.271,326.1809,74.6211,25.78,391.8289,102.7008,118.3301,85.0882
2021-06-10,16.7763,49.3276,69.035,177.74,65.4794,99.3774,214.884,108.7596,329.5799,74.647,25.97,393.6503,103.2332,119.0399,85.6974
2021-06-11,16.7241,49.1587,69.1973,175.74,65.5018,99.2315,217.152,108.8492,330.4417,74.6298,25.87,394.3008,102.967,118.8478,85.3562
2021-06-14,16.6283,49.2921,69.3169,174.71,65.442,98.9225,216.5147,108.4501,333.6082,74.6038,25.84,395.1837,102.9105,117.9375,85.6892
2021-06-15,16.5587,48.9542,69.4023,174.05,65.4345,98.9397,215.8962,108.5316,331.4294,74.5951,25.65,394.4587,103.0799,117.7956,84.7714
2021-06-16,16.463,48.2874,68.9752,171.11,65.3448,98.2616,215.4369,108.2222,330.2191,74.526,25.26,392.2564,102.1444,117.6954,84.219
2021-06-17,16.0366,48.5541,68.4967,165.85,65.3897,98.6135,213.0189,108.8248,334.412,74.526,24.05,392.1263,102.5315,119.4574,84.1134
2021-06-18,16.202,48.2163,67.0786,164.93,65.3598,99.1714,208.1829,109.3948,331.7878,74.4654,23.88,386.8364,102.5718,121.704,82.6838
2021-06-21,16.4021,48.4208,67.9586,166.95,65.4869,98.8538,212.6347,108.7596,333.8498,74.4827,24.08,392.3744,102.3944,119.6663,84.3896
2021-06-22,16.4282,48.1985,67.9671,166.25,65.5317,99.034,213.6001,108.9388,336.9618,74.526,23.85,394.472,102.9589,119.9585,83.951
2021-06-23,16.5326,48.4919,67.5314,166.14,65.4644,98.8366,214.3029,108.7678,337.1266,74.4741,23.93,393.9966,102.9831,119.6496,83.8047
2021-06-24,16.5935,48.9364,68.1807,166.04,65.6663,98.8195,217.3302,108.9795,339.2111,74.4827,24.04,396.3274,102.7896,119.8416,83.6239
2021-06-25,16.5239,49.3454,68.3259,166.59,65.7336,98.6135,217.6956,108.6945,338.7941,74.4741,24.18,397.7351,102.8944,118.5973,84.1884
2021-06-28,16.5152,49.3899,67.8902,166.58,65.7261,98.9225,215.9712,109.1586,342.9145,74.5,24.21,398.537,103.0476,119.8166,83.943
2021-06-29,16.5935,49.3543,67.9073,164.83,65.8083,98.974,214.9402,109.2889,344.1553,74.4914,23.89,398.7514,103.1041,120.017,83.7139
2021-06-30,16.7502,49.0342,67.3862,165.63,65.8158,99.1285,214.9683,109.4111,343.6125,74.5087,24.22,399.087,103.2412,120.5515,83.2722
2021-07-01,16.8111,48.7586,67.5485,166.2,65.9448,99.0572,216.8615,109.3156,343.7481,74.494,24.11,401.2966,103.341,120.5582,83.6321
2021-07-02,16.9677,48.7053,67.7792,167.29,66.0498,99.4179,214.7997,109.6256,347.694,74.5285,24.55,404.364,103.7794,121.2857,83.8857
2021-07-06,16.5065,47.8517,67.3349,168.12,66.0123,99.9419,211.6787,110.0254,349.1967,74.5545,24.23,403.6274,104.0473,122.7073,84.4993
2021-07-07,16.3064,47.7984,67.7023,168.76,66.0348,100.2339,209.7106,110.4007,349.9334,74.5631,24.24,405.0538,103.9743,123.7944,84.7938
2021-07-08,16.4456,46.8026,66.8309,168.65,65.8923,100.4915,207.7799,110.4578,347.82,74.5978,24.01,401.7534,103.8362,124.2794,84.5565
2021-07-09,16.637,47.6117,67.9671,169.21,66.0048,99.9848,212.1661,109.9928,349.9917,74.5718,24.19,406.0421,103.8525,122.5316,85.9473
2021-07-12,16.6631,47.6561,68.2576,169.0,65.9823,99.9333,212.3442,109.9357,351.3586,74.5545,24.28,407.4965,104.1285,122.3728,86.6836
2021-07-13,16.8024,47.7006,67.8988,169.22,65.7873,99.624,208.3423,109.5278,351.3586,74.494,24.08,406.1074,104.1285,121.4362,85.4728
2021-07-14,16.637,47.9051,68.0525,171.04,65.8923,100.0535,205.1276,110.0336,351.9887,74.5459,24.33,406.7133,104.4045,122.816,86.07
2021-07-15,16.55,48.0206,67.4033,171.07,65.8473,100.4744,203.9655,110.2702,349.5166,74.5545,24.38,405.3242,104.7211,124.1707,86.2091
2021-07-16,16.55,47.6472,66.9078,169.41,65.7573,100.4572,201.4537,110.1151,346.6857,74.5459,23.77,402.1451,104.7211,123.9366,86.1518
2021-07-19,15.8887,46.847,65.6947,169.61,65.3148,101.3161,198.4359,110.9065,343.8452,74.5804,23.29,396.2062,104.7617,126.6543,84.5811
2021-07-20,16.1237,46.9982,66.1731,169.39,65.6448,101.1872,204.5934,110.7515,347.8394,74.615,23.14,401.8839,104.7455,125.4334,86.5772
2021-07-21,16.4456,47.3005,67.1812,168.76,65.8023,100.6032,208.1174,110.3599,350.5249,74.5891,23.42,405.1378,104.4775,123.8446,86.569
2021-07-22,16.5761,47.3894,67.2068,169.09,65.8398,100.8351,204.809,110.8168,352.8419,74.5978,23.56,405.9862,104.7698,125.0153,85.8818
2021-07-23,16.6631,46.687,67.6766,168.56,65.9673,100.6805,205.7649,110.7678,356.9622,74.6064,23.35,410.1629,105.2407,124.1791,86.5936
2021-07-26,16.785,45.7979,67.7706,168.16,65.8698,100.6118,206.3648,110.523,357.2433,74.5891,23.36,411.1698,105.6953,123.8111,86.6345
2021-07-27,16.6892,44.8732,67.4972,168.44,65.7798,101.0412,203.9561,110.9963,353.3073,74.6064,22.96,409.2958,105.6709,125.1323,87.1253
2021-07-28,16.7676,46.0913,67.7877,169.29,65.8323,101.1271,206.9552,111.1921,354.6646,74.615,23.17,409.1281,106.0281,125.1407,86.8226
2021-07-29,17.0634,46.3225,68.2576,171.17,65.9748,100.8179,208.5485,110.8738,355.2948,74.615,23.72,410.8248,105.8414,124.4467,86.839
2021-07-30,16.9677,45.8779,67.9073,169.82,65.8848,101.1014,207.1707,110.9637,353.443,74.6323,23.63,408.8297,106.0037,125.032,86.9535
2021-08-02,16.785,46.2069,68.249,169.61,65.7215,101.5448,206.1398,111.2848,353.4721,74.66,23.53,407.972,106.0421,126.1472,86.7654
2021-08-03,16.7066,46.4025,68.736,169.49,65.7968,101.5706,206.9927,111.3993,355.6147,74.66,23.68,411.291,106.1401,126.2141,86.8717
2021-08-04,16.4369,46.6425,68.5309,169.53,65.6764,101.5448,204.4153,111.4238,356.1285,74.6341,23.54,409.2679,105.936,126.4738,86.6017
2021-08-05,16.6805,46.5714,68.8641,168.86,65.8269,101.1753,208.0892,110.9661,358.3873,74.5995,23.3,411.8597,105.5603,125.8291,87.6162
2021-08-06,16.5413,46.1802,68.6078,164.64,65.7516,100.5823,209.3638,110.0589,356.8168,74.5735,22.52,412.5404,105.3234,123.7276,87.4607
2021-08-09,16.3064,46.3313,68.5736,161.72,65.6011,100.3674,208.2111,109.5848,357.4761,74.5476,21.75,412.2047,105.1357,123.2838,86.9944
2021-08-10,16.6022,46.3936,68.7274,161.77,65.4507,100.1783,208.6234,109.3396,355.6436,74.5216,21.62,412.7175,105.2337,122.7145,86.1682
2021-08-11,16.7502,46.5181,69.1973,164.0,65.556,100.2901,209.645,109.5113,355.0329,74.5562,21.84,413.743,105.4051,122.6391,86.6754
2021-08-12,16.6892,46.1091,69.1375,164.04,65.6688,100.1869,209.1482,109.6666,356.3126,74.5562,21.5,414.983,105.3234,122.4382,86.8635
2021-08-13,16.5935,45.9935,69.5561,166.39,65.8118,100.7627,207.2457,110.4022,357.5632,74.5649,21.97,415.7381,105.593,124.3722,87.338
2021-08-16,16.55,45.5756,69.1973,167.22,65.8344,100.9862,205.315,110.4676,357.7184,74.5822,22.1,416.7171,105.6991,124.6737,87.2317
2021-08-17,16.3673,44.7398,68.548,166.97,65.6839,100.9346,202.8127,110.2714,354.5676,74.5649,21.9,413.9854,105.4133,124.6234,87.1417
2021-08-18,16.1759,44.811,68.2832,167.1,65.5334,100.8831,201.0413,110.1978,351.155,74.5649,21.76,409.4543,105.4296,125.0421,86.3481
2021-08-19,15.9496,44.0463,67.6083,166.61,65.5259,101.1065,198.6327,110.4512,352.8516,74.5649,21.51,410.0884,105.4705,125.963,86.7654
2021-08-20,15.5755,44.0108,67.8731,166.7,65.6839,101.012,201.988,110.5247,356.5066,74.5649,21.35,413.3514,105.1438,126.0467,87.1989
2021-08-23,16.1411,44.6776,68.5053,168.73,65.8871,101.0378,205.8305,110.6065,361.8387,74.5649,21.88,416.9874,105.3888,125.963,87.0353
2021-08-24,16.4804,45.6912,68.6505,168.65,65.9774,100.7627,207.8549,110.3531,362.9438,74.5562,22.08,417.6494,105.3888,124.9834,86.6508
2021-08-25,16.6283,45.7445,68.6762,167.48,66.0451,100.3674,208.5859,110.0671,363.3608,74.5476,22.09,418.5258,105.348,123.9453,86.5936
2021-08-26,16.4978,45.3089,68.3174,167.67,66.0074,100.3674,206.3741,110.0344,361.0534,74.5476,21.85,416.0552,105.3643,124.2885,86.6263
2021-08-27,16.7066,45.869,68.941,170.19,66.1881,100.694,212.1942,110.6473,364.5629,74.5995,22.33,419.7751,106.1564,125.1342,87.5344
2021-08-30,16.7676,45.9668,68.9239,169.35,66.2708,100.8917,211.3226,110.8354,368.6542,74.6168,22.26,421.6211,106.1401,125.4607,88.4097
2021-08-31,16.6892,46.5981,68.8897,169.69,66.2859,100.7026,211.735,110.5819,368.3536,74.6081,22.14,420.9964,105.8298,124.6067,88.8269
2021-09-01,16.6109,47.1938,69.5134,169.7,66.3425,100.7456,213.1595,110.7244,368.9643,74.6021,22.37,421.2202,105.8758,124.8155,90.2504
2021-09-02,16.8024,46.9804,69.7953,169.25,66.4255,100.866,214.6403,110.9209,368.7899,74.6021,22.14,422.5162,105.9169,125.3603,90.7249
2021-09-03,16.8198,47.2293,70.1114,171.06,66.4331,100.6252,213.6469,110.5198,369.9242,74.6021,22.88,422.4135,105.7689,124.2202,90.7412
2021-09-07,16.6283,47.505,70.1626,167.71,66.2595,100.2296,212.1754,109.9957,370.4476,74.5761,22.51,420.9032,105.5058,123.1723,89.7186
2021-09-08,16.7502,46.8115,69.6073,167.29,66.3349,100.5048,209.8605,110.3478,369.1582,74.5934,22.17,420.3904,105.9334,124.0106,90.1686
2021-09-09,16.6283,46.7226,69.4877,168.03,66.3953,100.7886,209.7575,111.0683,367.8882,74.6107,22.27,418.591,106.4926,125.5113,88.3361
2021-09-10,16.8459,46.6692,69.334,167.18,66.2972,100.4704,207.7049,110.749,365.0962,74.5848,21.99,415.2906,106.1965,124.4046,87.0435
2021-09-13,16.9764,46.7937,69.8807,167.74,66.4633,100.5908,208.8859,111.0191,364.844,74.6021,21.99,416.3535,106.1965,125.1592,87.6325
2021-09-14,16.9677,46.4025,69.5902,168.82,66.4331,100.9692,206.2242,111.3549,363.8067,74.6107,22.1,414.1067,106.2541,126.6765,87.4771
2021-09-15,17.2461,46.3936,69.7953,167.83,66.5312,100.7972,208.0892,111.2238,366.5116,74.6107,22.07,417.5655,106.3117,126.2322,87.7552
2021-09-16,17.1243,45.869,69.6842,164.03,66.5085,100.479,208.2392,111.0683,366.7637,74.5848,21.25,416.9035,106.139,125.6537,87.8289
2021-09-17,16.9851,45.6734,68.7701,163.77,66.4255,100.1866,208.511,110.8226,362.4203,74.5675,20.74,412.8425,105.8347,125.0501,87.0435
2021-09-20,16.785,44.4464,67.4972,164.94,66.1915,100.694,203.5531,111.1665,354.9317,74.5848,20.59,405.9587,105.9334,126.601,86.5117
2021-09-21,16.8024,44.7754,68.1636,166.04,66.3047,100.6338,203.8624,111.1583,355.3683,74.6021,20.84,405.5752,105.8594,126.4921,86.5527
2021-09-22,16.9938,45.3356,68.5053,165.42,66.4255,100.7284,207.0301,111.4694,358.6876,74.5588,20.99,409.5315,105.7525,127.2465,87.3953
2021-09-23,17.2548,45.6912,69.2485,163.51,66.4557,99.8167,210.6947,110.6999,361.9973,74.5155,20.91,414.5073,105.3743,124.3711,87.2235
2021-09-24,17.3331,45.1488,68.5993,163.3,66.3576,99.5157,209.6785,110.4624,362.3369,74.4896,20.71,415.1902,105.1111,123.1556,86.2908
2021-09-27,17.5681,45.4422,68.5566,163.64,66.2972,99.2491,212.8652,110.4051,359.4447,74.481,20.94,414.0022,105.1604,122.7029,85.1302
2021-09-28,17.4289,44.8554,67.0616,162.05,65.9953,98.8707,208.024,109.2262,349.2733,74.4896,20.78,405.6594,104.9302,120.7916,84.554
2021-09-29,17.4463,44.4375,66.9078,161.32,66.116,98.9739,207.5822,109.2016,348.7006,74.5155,19.95,406.3422,104.9877,121.0011,85.1879
2021-09-30,17.5594,44.7932,66.643,164.22,66.0405,99.0943,205.6362,108.915,347.4195,74.5329,20.52,401.3757,105.0042,120.9844,83.7803
2021-10-01,17.7943,44.7487,66.8053,164.59,66.1988,99.4988,208.9546,109.7066,349.5742,74.5683,20.83,406.1457,105.4596,122.0026,84.9656
2021-10-04,18.0815,44.0908,66.1047,165.36,65.9641,99.3783,207.0557,109.5262,342.2367,74.5337,20.98,400.9081,105.4514,121.692,84.982
2021-10-05,18.3077,44.402,66.5575,164.59,65.9338,99.0685,207.7702,109.075,346.8566,74.5251,20.92,405.0795,105.5586,120.5168,84.3976
2021-10-06,18.0032,44.153,66.1133,165.03,65.8959,99.0943,206.6891,109.1078,349.0791,74.5164,20.96,406.7629,105.5009,121.1967,85.2043
2021-10-07,18.2294,45.0155,66.6259,164.16,65.9035,98.6984,209.8759,108.6238,352.282,74.4905,20.9,410.2798,105.4101,119.9292,85.4348
2021-10-08,18.2903,45.1844,66.6173,164.23,65.7065,98.4832,208.2966,108.1235,350.5253,74.4645,20.95,409.5315,105.4349,119.0899,84.6281
2021-10-11,18.4121,45.0955,66.4038,163.92,65.5021,98.2423,207.1027,107.9184,347.8368,74.404,20.88,406.5667,105.3689,118.7877,84.8421
2021-10-12,18.4121,44.8643,66.4379,164.66,65.6232,98.6898,208.2402,108.6074,346.6237,74.4385,20.93,405.5659,105.5669,120.819,85.9534
2021-10-13,18.5165,45.4867,67.0957,167.59,65.7974,98.8791,209.2272,109.157,349.3994,74.4126,21.33,407.0249,106.0455,121.9941,86.579
2021-10-14,18.708,45.629,67.7621,168.0,66.1685,99.1115,212.3294,109.6738,355.8342,74.4126,21.8,413.8712,106.2517,122.4474,87.6326
2021-10-15,18.8646,46.1802,68.3259,165.33,66.0549,98.621,211.662,109.2801,358.0762,74.3693,21.58,417.0233,106.0785,121.7339,87.5667
2021-10-18,18.7515,46.0646,68.0354,164.92,66.0246,98.4832,211.5398,109.1898,361.6769,74.3174,21.49,418.2579,105.8557,122.3047,87.789
2021-10-19,18.795,46.6781,68.4455,165.45,66.0701,98.1304,212.3294,108.591,364.4139,74.3434,21.89,421.4847,105.5999,120.6175,87.8301
2021-10-20,19.0038,46.6692,68.6847,166.9,66.0928,98.0873,213.7395,108.3285,363.9384,74.3693,22.53,423.1402,105.7897,119.8034,89.213
2021-10-21,18.7167,46.3669,68.3601,166.75,65.9262,97.8292,214.2847,108.0988,366.1609,74.2828,22.35,424.2438,106.029,119.6607,89.3365
2021-10-22,18.8037,46.2691,68.7701,167.77,65.7671,98.0788,213.7771,108.5336,363.0843,74.2655,22.54,423.8043,106.2435,120.9785,89.7563
2021-10-25,18.8994,46.5092,68.6334,168.93,65.8808,98.1992,215.8076,108.5828,366.8015,74.3001,22.74,426.077,106.4993,120.7938,90.0444
2021-10-26,18.9255,46.2691,68.7701,167.68,65.8959,98.3197,214.1813,109.0504,367.9565,74.2828,22.37,426.4605,106.8706,121.7927,90.2914
2021-10-27,18.5774,45.8957,68.4967,168.12,65.8429,98.8705,210.2425,109.7148,368.8105,74.2655,22.29,424.5712,107.3739,124.0086,89.5258
2021-10-28,18.6732,45.9401,69.1631,168.08,66.0095,98.6123,214.4352,109.5508,372.9062,74.2741,22.27,428.6679,106.4416,123.589,90.777
2021-10-29,18.5774,45.2733,68.7616,166.65,65.8353,98.6554,214.3788,109.4933,374.7406,74.2828,22.09,429.5377,106.1693,123.9667,89.7563
2021-11-01,18.7167,45.629,69.4279,167.52,65.7647,98.6476,219.9345,109.2977,376.0217,74.249,22.23,430.2766,105.7497,123.0741,90.2008
2021-11-02,18.7689,45.22,69.2827,167.16,65.9242,98.8888,220.3951,109.7169,377.594,74.327,21.8,432.0162,106.1709,123.6204,90.6289
2021-11-03,18.2903,45.4333,69.8465,165.77,66.0534,98.5787,224.3339,109.4375,381.6025,74.3096,21.81,434.6537,106.0223,122.3429,90.9334
2021-11-04,18.1772,45.3267,69.8038,167.65,66.2281,99.1127,224.2493,110.0128,386.494,74.3789,22.0,436.7021,106.7243,123.6288,90.0691
2021-11-05,18.4295,45.2733,69.9063,169.84,66.4788,99.6553,227.3138,110.8182,386.8628,74.4135,22.35,438.2173,107.0959,125.4778,90.5301
2021-11-08,18.5426,45.6912,69.8978,170.45,66.3953,99.2247,228.0189,110.5635,386.3387,74.327,22.65,438.5913,107.4511,125.2425,90.456
2021-11-09,18.6906,45.5134,69.744,171.29,66.4484,99.6811,226.6934,110.8593,383.6794,74.3702,22.53,437.1417,108.0787,126.8729,90.6124
2021-11-10,18.4556,45.3267,68.8983,173.15,66.0761,98.8285,223.1212,109.7251,378.0405,74.2231,22.87,433.6249,107.7484,124.5532,90.1926
2021-11-11,18.5861,46.1091,69.146,174.12,65.9622,98.5098,224.9167,109.4128,379.0887,74.1712,23.35,433.7652,107.7319,124.3684,90.3408
2021-11-12,18.56,46.2336,69.5219,174.45,65.985,98.7165,225.1423,109.2977,383.0777,74.2318,23.42,437.0388,107.7153,123.8221,90.2749
2021-11-15,18.5687,46.0824,69.3938,174.18,65.909,98.329,224.2493,108.4676,382.9903,74.2231,23.24,437.1884,107.7319,122.2673,90.9087
2021-11-16,18.5426,46.1446,69.24,172.92,65.9394,98.2428,224.6629,108.2868,385.7176,74.2231,22.96,438.9187,107.575,121.9563,90.3078
2021-11-17,18.3773,45.9046,69.1546,174.5,65.871,98.596,221.7205,108.7224,385.9214,74.249,23.17,437.8525,107.7897,122.9228,90.5877
2021-11-18,18.4382,45.3444,69.2229,173.94,65.8178,98.6563,220.7805,108.969,389.9201,74.2404,22.96,439.3397,107.8558,123.385,90.6042
2021-11-19,18.1424,45.2733,68.6334,172.61,65.7647,98.9232,218.7688,109.3799,392.0941,74.2231,22.75,438.554,107.6576,124.6878,90.0691
2021-11-22,18.2729,44.9088,68.2319,168.74,65.5139,98.1998,217.8381,108.4265,387.5422,74.1366,22.34,437.3193,106.7903,123.2253,89.6246
2021-11-23,18.6035,44.8643,68.1636,167.28,65.4228,97.795,217.4621,107.6539,385.7758,74.1366,21.92,437.8992,106.3774,121.4436,90.349
2021-11-24,18.5339,44.8021,67.7108,167.12,65.4076,98.0964,217.6971,108.1717,387.0181,74.1192,21.79,439.0684,106.7078,123.3934,91.4438
2021-11-26,17.4289,43.2995,65.8912,166.85,64.9365,99.3625,209.4904,109.0511,379.6807,74.2664,21.37,429.2758,107.2363,126.5115,88.9002
2021-11-29,17.4289,43.4684,66.2244,166.62,65.3391,99.1385,209.3589,109.1251,387.9207,74.301,21.16,434.5415,106.9886,125.4945,89.5588
2021-11-30,16.9503,43.424,65.6434,165.5,65.0657,99.7328,205.091,109.3635,382.2236,74.2404,21.06,426.0863,107.0877,127.4024,87.8631
2021-12-01,16.8024,43.584,65.2676,166.16,65.0748,99.9207,200.4754,109.3791,375.7209,74.2491,20.57,421.3538,106.7535,128.1883,86.4143
2021-12-02,16.9503,44.1175,66.0791,165.24,65.555,99.7052,206.0687,109.6344,378.4286,74.1538,20.69,427.8073,107.0678,128.3481,89.0073
2021-12-03,16.9677,43.4951,65.8057,166.63,65.555,100.2913,201.8385,110.5483,371.8483,74.1971,20.85,424.0849,107.2911,129.8796,88.7109
2021-12-06,17.2635,43.833,66.4379,166.22,65.8447,99.7914,205.8901,109.9884,374.8279,74.1365,20.71,429.1074,106.8031,128.0957,90.2667
2021-12-07,17.5246,44.5265,67.839,166.81,66.1953,99.4122,210.6655,110.0379,386.1155,74.0413,20.81,437.9834,106.9768,127.0607,91.5672
2021-12-08,17.7595,44.7043,67.9671,166.9,66.1801,99.0933,212.1038,109.305,387.843,74.0673,20.76,439.1432,106.7949,124.8645,92.2258
2021-12-09,17.4898,44.4909,67.4033,165.88,65.8828,99.3432,207.3002,109.2144,382.1362,74.0413,20.3,436.1783,106.3565,125.5629,90.8923
2021-12-10,17.6899,44.5265,67.5485,166.58,66.0353,99.4122,206.7267,109.338,386.2902,74.0759,20.5,440.2843,106.3482,125.26,91.1721
2021-12-13,17.6029,43.8203,66.9157,167.0,66.0353,99.8862,203.7056,109.832,380.7096,74.1192,20.61,436.3841,106.4558,127.1112,92.0282
2021-12-14,17.4463,43.7211,66.5594,165.44,65.9209,99.7138,201.9518,109.338,376.7691,74.0759,20.31,433.3817,106.1167,126.8083,90.8511
2021-12-15,17.5333,43.5949,67.4633,166.15,66.1725,99.5673,205.1577,109.4779,385.3584,74.1019,20.41,440.1533,106.2076,125.5882,92.127
2021-12-16,17.6377,43.649,67.472,168.16,66.1235,99.8572,201.0089,109.4746,375.4491,74.1608,20.79,436.2718,106.429,125.637,92.0941
2021-12-17,17.4289,43.4325,66.6202,167.8,66.0624,100.0815,202.857,109.7304,373.5759,74.1261,20.68,431.6287,106.4373,127.0607,91.9788
2021-12-20,17.307,42.7832,66.4725,167.09,65.9476,99.9952,200.0095,109.2519,369.9521,74.1434,20.57,427.0389,106.3791,126.1087,91.2627
2021-12-21,17.6725,43.5047,67.2113,167.02,66.2995,99.5984,205.7234,109.4664,378.2318,74.1001,20.77,434.6228,106.6121,125.6286,92.2916
2021-12-22,17.8813,43.7121,67.8371,168.59,66.4754,99.6933,207.7035,109.6397,382.8381,74.0915,21.1,438.9684,106.9533,126.2099,93.2383
2021-12-23,17.9771,43.9376,68.2369,168.97,66.6666,99.4862,209.3631,109.4746,385.7243,74.0828,21.16,441.6996,106.712,125.1148,93.1395
2021-12-27,18.2033,44.136,68.7671,169.37,66.7355,99.5207,211.3243,109.7964,392.0993,74.0568,21.33,447.9506,107.0698,125.418,94.7206
2021-12-28,18.1685,43.9917,68.7931,168.64,66.7048,99.5035,210.0325,109.6561,390.282,74.0568,21.27,447.5847,107.0032,124.9209,95.0696
2021-12-29,18.2555,43.7933,68.7671,168.59,66.5978,98.9945,210.2588,109.0539,390.2236,74.0482,21.11,448.1572,107.0948,123.5563,95.7094
2021-12-30,18.1685,44.295,68.5868,169.8,66.5672,99.3223,210.2023,109.4911,389.0576,74.0915,21.34,446.9183,107.6523,124.5924,96.1248
2021-12-31,18.0815,44.0784,68.5258,170.96,66.5518,99.2102,209.7497,109.3261,386.6281,74.0828,21.51,445.7919,107.5192,124.8367,96.3907
2022-01-03,18.1511,44.3942,68.97,168.33,66.5213,98.2871,212.4559,108.1629,390.35,73.9962,21.18,448.373,106.9034,121.5597,95.6346
2022-01-04,18.3686,44.2408,69.3619,169.57,66.353,98.2353,212.1352,108.2537,385.287,74.0395,21.32,448.2229,106.4956,121.0543,95.5183
2022-01-05,18.2903,43.519,68.7522,169.06,65.8405,97.8212,204.9502,107.6184,373.4506,73.9442,21.0,439.616,105.6301,120.3972,92.7847
2022-01-06,18.4469,43.7175,68.4039,166.99,65.8482,97.5796,206.1195,107.4782,373.1882,73.8836,20.51,439.2031,105.1724,120.7089,92.8678
2022-01-07,18.4817,44.1145,68.6042,167.75,65.6799,97.2605,203.7339,107.0162,369.1455,73.8663,20.62,437.4667,105.0475,119.8413,92.2529
2022-01-10,18.4034,44.1145,67.9684,168.26,65.7334,97.2346,203.0268,106.9172,369.3885,73.823,20.76,436.9223,105.1807,120.1361,91.7212
2022-01-11,18.7602,45.1341,68.7087,170.29,66.0394,97.4675,205.186,107.2389,374.9374,73.849,21.05,440.9019,105.9131,120.9364,91.8624
2022-01-12,18.9081,45.883,69.3793,170.74,66.1465,97.4848,203.6585,107.1647,376.4243,73.823,21.45,442.0939,105.2306,120.4731,91.9704
2022-01-13,18.708,45.2334,68.8742,170.16,65.9094,97.7954,201.7915,107.5029,367.0076,73.8576,21.33,436.0025,105.2556,121.5429,91.7876
2022-01-14,18.9516,45.2153,68.8045,169.67,65.8482,97.1224,202.0744,106.5542,369.2913,73.7624,21.2,436.1807,104.7812,119.7064,90.9567
2022-01-18,19.0995,44.4123,67.7942,169.39,65.5269,96.3892,195.9644,105.5395,360.0981,73.6498,21.69,428.4562,104.282,118.0217,90.0012
2022-01-19,19.2039,44.6017,67.7332,172.08,65.4658,96.6221,192.7773,105.7045,356.1429,73.6844,22.37,424.0073,104.0656,118.8388,88.7881
2022-01-20,19.1343,44.8634,67.4023,171.65,65.3434,96.8291,189.2886,105.6468,351.5172,73.6671,22.62,419.3144,104.1904,119.5717,87.6498
2022-01-21,19.1517,44.2137,66.4878,171.09,65.351,97.3899,185.7433,106.3397,341.7701,73.7277,22.38,411.0829,104.8395,120.9954,87.4338
2022-01-24,19.1082,43.5912,65.8259,172.03,65.2822,97.3036,190.024,106.0097,343.3347,73.771,22.11,412.8287,105.0808,120.0013,87.6
2022-01-25,19.2823,43.5099,65.4252,172.58,65.091,97.1742,187.4876,105.7127,335.3756,73.7364,22.02,407.7885,104.8978,119.8076,87.251
2022-01-26,19.3258,42.9595,65.1727,169.79,64.8691,96.4841,184.7815,104.995,334.8509,73.6065,21.72,406.7655,104.232,118.3586,85.8884
2022-01-27,19.4215,42.4633,64.8678,167.6,64.5861,96.8895,180.5856,105.2342,331.4788,73.5459,21.02,404.7568,104.6564,120.532,84.4675
2022-01-28,19.4389,42.6708,65.0856,167.1,64.7697,97.1138,184.1026,105.3497,341.8769,73.5718,20.71,414.8091,105.0226,120.5742,87.2011
2022-01-31,19.5085,44.0694,66.0349,168.09,64.785,97.1138,189.7506,105.3992,352.8096,73.5718,20.8,422.2803,105.3056,119.9508,88.273
2022-02-01,19.5868,44.3401,66.662,168.23,65.0422,96.9826,191.7496,105.5745,355.21,73.5658,20.94,425.1336,104.62,119.5526,87.9573
2022-02-02,19.6651,44.2679,67.1584,168.84,65.142,97.1812,189.8449,105.5827,358.0962,73.5831,20.93,429.2634,104.7368,119.9576,89.0789
2022-02-03,19.7086,43.7987,66.0959,168.6,64.5586,96.7667,186.2524,104.7314,343.5777,73.5225,20.71,419.1736,104.0771,119.0211,88.1317
2022-02-04,19.8652,43.907,66.2526,168.86,64.3052,96.024,187.0539,103.6899,347.9118,73.3752,20.79,421.1446,103.4759,117.2665,87.2593
2022-02-07,19.9088,43.8167,66.3659,170.11,64.2592,96.05,187.9779,103.88,345.1131,73.3925,21.27,419.793,103.4341,117.3424,87.1347
2022-02-08,19.7347,44.2408,66.7055,170.63,64.1901,95.7391,191.1839,103.4916,348.9905,73.3145,21.45,423.2471,103.3005,116.5579,86.7275
2022-02-09,19.9349,44.9356,67.7855,171.21,64.5278,95.8686,194.814,103.8387,356.3859,73.3059,21.53,429.4417,103.5009,116.7772,88.6884
2022-02-10,19.8304,44.6378,66.9233,170.56,63.6757,94.9878,191.825,102.4253,348.3199,72.9334,21.42,421.7265,102.6742,114.9214,86.5946
2022-02-11,20.1263,43.9611,65.913,173.81,63.4532,95.9722,189.8827,103.1857,337.2706,73.1586,21.83,413.4106,103.5928,116.6253,85.8053
2022-02-14,20.2307,43.6543,65.4862,174.74,63.3457,95.3074,189.2226,102.2683,337.6885,73.0027,22.05,412.059,103.3172,115.1744,85.0242
2022-02-15,19.9001,44.6017,66.6881,173.08,63.4532,95.0224,194.2954,101.7558,346.0848,73.0286,21.61,418.7043,102.8913,113.8669,85.7886
2022-02-16,19.9262,44.9266,66.9407,174.86,63.8063,95.2209,194.7009,101.9046,345.9974,73.1239,21.87,419.1736,103.0917,114.5417,86.1875
2022-02-17,20.0915,44.4032,65.8607,177.25,63.5376,95.7304,189.7129,101.979,335.7061,73.1673,22.04,410.2194,103.3255,115.3937,85.2735
2022-02-18,20.1698,43.9611,65.582,177.12,63.6297,96.0413,188.0816,102.227,331.8772,73.176,22.12,407.5633,103.668,116.6085,84.7584
2022-02-22,20.4569,43.3385,64.8156,177.49,63.4838,96.0327,185.4321,102.0947,328.544,73.1066,22.31,403.1894,103.9852,116.9122,84.4509
2022-02-23,20.6484,42.8332,64.2843,178.29,63.3687,95.5318,181.9622,101.169,320.1282,73.0633,22.73,396.0374,104.0604,115.301,83.055
2022-02-24,20.7354,41.9489,63.4221,177.14,63.8216,95.7563,186.7333,101.6484,330.886,73.1239,22.31,401.9974,104.4864,115.3769,84.4509
2022-02-25,20.4221,42.7249,65.0072,176.55,64.1824,95.7304,190.9387,102.0617,336.017,73.1239,22.4,410.867,104.3945,115.4612,86.4866
2022-02-28,20.7702,42.1655,63.7705,178.38,64.2285,96.8185,191.7119,103.1527,337.0181,73.2539,22.62,409.8158,106.2066,117.992,85.1987
2022-03-01,21.6055,41.606,62.3769,181.62,64.049,97.7614,188.1005,103.5055,331.8578,73.4229,23.54,403.5742,106.9671,119.3562,84.75
2022-03-02,22.3103,41.6782,63.1608,179.73,64.203,96.2921,192.5793,101.9319,337.4261,73.1802,23.37,410.9985,106.2727,115.2763,86.337
2022-03-03,22.554,41.0917,61.9153,180.8,64.0104,96.707,190.2975,102.3046,332.6061,73.1802,23.29,408.9524,106.1472,116.4504,87.0433
2022-03-04,23.5024,40.2616,60.1212,183.68,63.5943,97.6664,187.3179,102.404,327.786,73.2582,23.64,405.6297,106.9587,118.4608,87.4421
2022-03-07,24.0158,38.7547,58.2138,186.41,63.0396,97.2515,182.6599,101.1616,315.6969,73.1629,23.7,393.6721,107.536,117.5569,85.7139
2022-03-08,24.4248,38.881,58.719,191.51,62.8162,96.6206,183.6688,100.557,314.2294,73.0676,24.45,390.6874,108.0547,116.3744,85.2984
2022-03-09,22.4844,39.9819,61.175,185.82,63.3401,96.0242,188.8454,100.7309,325.5411,73.0243,23.8,401.162,106.9838,115.234,86.6112
2022-03-10,22.2146,39.2329,60.4434,186.4,62.8085,95.5834,188.506,99.5797,321.9261,72.9636,24.01,399.3506,106.7496,113.5784,86.8272
2022-03-11,22.5975,38.4118,59.7902,185.09,62.3539,95.5575,185.4981,99.5382,315.2499,72.9376,23.87,394.2728,107.5025,113.9585,86.1376
2022-03-14,21.9362,37.4824,60.3389,182.3,61.6143,94.3474,181.7076,98.0971,309.1956,72.747,23.16,391.3913,106.3145,111.2977,85.4646
2022-03-15,21.3967,37.5366,60.9137,178.89,62.0766,94.3042,184.6023,98.8674,318.894,72.773,23.0,399.9982,105.5197,111.1034,86.0379
2022-03-16,21.214,40.5594,63.0998,180.01,62.9472,94.1746,190.4107,99.7122,330.7208,72.7036,23.11,408.8679,104.909,112.1931,87.0599
2022-03-17,22.232,40.3518,63.6311,180.89,63.3787,93.993,193.3997,100.6895,334.7245,72.6776,23.33,413.9832,106.3396,111.3569,88.4059
2022-03-18,22.3364,40.9293,64.2495,179.3,63.5867,94.2696,195.4363,100.8883,341.5757,72.6603,23.02,418.5175,106.0134,112.7168,88.4059
2022-03-21,23.1718,40.2977,63.8488,180.67,62.8547,93.0423,193.7108,99.4885,340.6261,72.4177,23.28,418.3951,105.0764,110.1067,87.8658
2022-03-22,23.1196,41.0286,64.4498,179.36,63.1783,92.5324,195.6532,99.2484,347.3203,72.3657,22.88,423.2908,104.5911,108.696,88.0902
2022-03-23,23.6939,40.7579,63.6137,181.81,62.978,93.1547,192.2587,99.53,342.3288,72.4264,23.24,417.8396,105.9046,111.0781,87.1019
2022-03-24,23.4589,40.9744,64.2059,183.13,63.109,92.6361,194.4695,99.5714,349.9376,72.409,23.61,424.1383,105.252,110.208,87.6532
2022-03-25,23.6329,40.6496,64.2408,182.38,62.6544,91.6854,194.734,98.7845,349.6458,72.2097,23.48,426.2095,104.5326,108.6791,88.7477
2022-03-28,22.6062,40.7849,64.0317,179.06,63.0474,91.8928,194.8002,99.3312,355.0556,72.1404,22.93,429.2411,104.4155,109.6083,89.6917
2022-03-29,22.6932,41.4797,65.4514,179.14,63.8255,92.3509,200.0152,100.1677,361.166,72.175,22.91,434.5512,104.039,110.4361,92.3233
2022-03-30,23.1022,41.3624,65.1814,180.58,63.6329,92.7139,196.0,100.3996,357.1767,72.227,22.94,431.868,104.5493,111.2977,91.655
2022-03-31,22.6758,40.7398,64.1014,180.65,63.4018,92.8867,193.9309,100.1677,352.7496,72.227,22.88,425.221,104.2147,111.568,90.5355
2022-04-01,22.8237,41.4166,64.7024,179.5,63.3971,92.2819,196.1039,100.5039,352.0782,72.0762,22.74,426.4261,103.6404,111.9927,92.2983
2022-04-04,23.2588,42.1474,64.9636,180.37,63.8768,92.2214,196.4252,100.8524,359.327,72.1195,22.63,430.0792,103.5647,111.2144,91.8471
2022-04-05,23.0674,41.3714,64.084,179.24,63.049,91.1224,191.7769,99.0846,351.3484,71.9895,22.36,424.6466,102.8153,108.7018,91.396
2022-04-06,22.8846,40.83,63.3175,179.66,62.5539,90.8023,189.056,98.5036,343.7202,72.0415,22.57,420.4005,102.3606,107.822,92.4821
2022-04-07,22.9629,40.5052,63.4569,180.34,62.4533,90.5773,188.4419,98.0471,344.5375,72.0935,22.7,422.5188,102.2259,107.0098,91.5631
2022-04-08,23.2501,40.5413,63.483,181.47,62.0742,90.1188,186.9397,97.2752,339.7212,72.0068,22.82,421.3891,102.4111,105.8508,91.7134
2022-04-11,23.0587,40.036,62.8124,182.37,61.6488,89.6861,185.6832,96.329,331.6843,72.0242,23.15,414.1866,102.2343,104.1757,90.7276
2022-04-12,23.7461,39.9097,62.3421,183.77,62.1207,90.1188,186.269,96.3954,330.2832,72.2062,23.47,412.6519,102.2259,104.0319,90.594
2022-04-13,24.2681,40.433,63.0127,184.65,62.492,90.3177,189.8118,96.8934,336.9969,72.2409,23.75,417.3782,102.0322,104.2434,91.2373
2022-04-14,24.4509,39.9097,62.7253,184.04,62.0742,89.5044,187.9695,95.7646,329.2906,72.1108,23.64,412.1812,102.0238,102.1538,90.8446
2022-04-18,24.7293,39.7743,62.3595,184.61,61.9737,89.2448,186.7035,95.0342,329.5436,72.1108,23.87,412.3506,101.9902,101.6462,90.477
2022-04-19,24.0941,39.5758,62.6556,181.82,61.9195,88.6564,190.4259,94.2789,336.9093,71.9462,23.24,419.007,101.4849,100.8848,92.4486
2022-04-20,24.1202,39.3412,63.0737,182.71,62.1129,89.3486,191.1534,95.2583,331.9956,71.9895,23.28,418.6963,102.2343,102.9152,93.9858
2022-04-21,24.0854,38.5833,62.3944,182.06,61.6874,88.8554,186.8737,94.2457,325.1263,71.8681,22.79,412.4353,102.6385,102.1538,93.3342
2022-04-22,23.6242,38.2404,61.3753,180.29,61.3161,88.8987,182.0364,94.1378,316.6126,71.8508,22.31,401.1184,102.2343,101.5108,91.6967
2022-04-25,23.4502,37.9607,61.0792,177.05,61.8344,89.4698,183.1418,95.1836,320.6797,71.9635,21.83,403.4439,102.1585,102.526,91.4628
2022-04-26,23.7722,37.1305,59.3722,177.32,61.4708,90.0668,177.3693,95.1338,308.5757,72.0935,21.65,391.7599,102.3775,103.5581,89.9591
2022-04-27,23.9375,37.5636,59.6422,175.98,61.1691,89.565,176.6324,94.2208,308.2059,72.0589,21.49,392.8614,102.2091,102.2299,89.3659
2022-04-28,24.1376,38.105,60.487,176.93,61.5095,89.4352,179.9296,94.503,319.1521,72.0068,21.42,402.785,102.79,102.3822,91.0117
2022-04-29,23.9549,38.2404,59.7815,176.91,60.7514,88.9593,174.7334,93.4572,304.7906,71.8681,21.04,387.8997,101.9396,101.054,86.8346
2022-05-02,24.3204,38.1862,59.6335,173.63,60.7553,88.2965,176.5663,92.9032,309.8794,71.8629,20.87,390.2346,100.4614,99.3024,84.7376
2022-05-03,23.981,38.466,60.0777,174.09,61.0737,88.4005,178.0779,93.5021,310.2102,71.8282,20.83,392.0235,100.8263,99.9718,85.7903
2022-05-04,24.7293,38.881,61.1315,175.8,61.695,88.9723,182.83,94.4172,320.6991,72.0191,21.28,403.9618,101.6155,100.5227,86.7761
2022-05-05,24.5988,37.4463,59.1632,175.13,60.5999,88.0799,175.4136,92.9697,304.5474,71.8976,20.78,389.6039,100.5463,97.7685,84.4619
2022-05-06,24.6249,36.932,58.5883,175.42,60.2582,87.5775,172.4944,92.1795,300.8987,71.889,20.66,387.2784,100.2832,96.3279,83.4594
2022-05-09,23.5111,35.8673,56.8203,172.88,59.6214,88.2272,165.2386,92.5039,289.1254,72.0711,20.03,374.8788,99.8929,97.1753,79.7835
2022-05-10,23.3719,36.0387,57.2471,171.42,59.9631,88.5218,165.2858,92.8949,292.638,72.0277,19.55,375.7449,99.4431,98.0566,78.3299
2022-05-11,23.9462,35.7861,56.9074,172.82,59.6059,89.0676,161.1761,93.3274,283.9588,72.0364,19.87,369.7758,100.6481,99.9464,78.1628
2022-05-12,24.0593,35.5515,56.7681,170.17,59.5826,89.3621,163.0656,93.369,283.2875,72.1405,19.12,369.3897,100.2153,99.76,78.7727
2022-05-13,24.39,36.535,58.3445,168.79,59.6525,88.8943,168.2335,92.8782,293.7862,72.1145,19.42,378.2211,100.7329,98.2854,80.8529
2022-05-16,24.7902,36.3906,58.3967,170.4,59.567,89.2668,167.4305,93.003,290.3807,72.1579,19.93,376.6865,100.7669,98.1837,80.3432
2022-05-17,24.5205,37.2839,59.4854,169.33,59.5127,88.5911,172.5511,92.4706,297.9019,72.0017,19.92,384.435,100.2578,96.9974,81.4377
2022-05-18,23.9897,36.3906,58.0658,169.42,59.0234,89.2235,166.5046,92.8117,283.2778,72.0364,19.73,368.9379,100.9536,99.0651,79.0734
2022-05-19,24.2943,36.9681,58.6232,171.91,59.4194,89.544,166.7785,93.0613,281.7599,72.1405,20.27,366.6783,100.5972,99.3024,78.7225
2022-05-20,24.3291,37.1215,59.0238,172.03,59.3806,89.9599,166.3534,93.5188,280.8842,72.1925,20.07,366.8383,100.6396,100.4294,79.2238
2022-05-23,24.5118,37.4012,60.0254,172.83,59.6136,89.4141,168.3657,93.186,285.5546,72.1579,20.1,373.7018,100.2832,98.7769,80.1428
2022-05-24,24.4944,36.7516,59.9296,174.13,59.9709,90.1851,165.8716,94.4089,279.4831,72.3226,20.39,370.8491,100.8263,100.726,80.8194
2022-05-25,24.6684,36.932,59.947,173.08,60.8795,90.3671,168.857,95.3822,283.3945,72.3747,20.34,374.1255,100.9111,101.1244,81.5045
2022-05-26,24.9382,37.5095,60.6089,172.76,61.726,90.3237,172.6266,95.4071,291.2466,72.392,20.31,381.6011,101.327,100.6667,81.6048
2022-05-27,25.234,37.9426,61.3405,172.85,62.2774,90.4537,177.2748,95.9062,300.7527,72.4094,20.36,390.969,101.6494,100.9125,83.7936
2022-05-31,25.06,38.475,60.9747,171.14,61.7416,89.5094,175.0735,95.1992,299.9549,72.2966,19.84,388.7753,100.9281,98.7769,82.766
2022-06-01,25.1818,38.2043,60.3302,172.23,61.5131,89.0054,174.0816,94.6438,297.7365,72.1621,20.13,385.6307,100.5135,98.664,82.0809
2022-06-02,25.7561,38.863,61.5844,174.35,61.7704,89.1355,178.333,94.6855,305.8901,72.1795,20.59,392.9745,100.9771,98.715,83.2088
2022-06-03,25.9997,38.2314,60.7047,172.58,61.3104,88.962,176.7269,94.3853,297.9311,72.1534,20.23,386.5252,101.5608,98.5027,82.0976
2022-06-06,26.1128,38.4389,60.9486,171.82,60.8504,88.2941,177.4922,93.7182,298.9235,72.0579,20.37,387.702,100.8998,96.686,81.8387
2022-06-07,26.2869,38.5562,61.1315,172.94,60.9908,88.6498,180.3547,94.2185,301.502,72.0666,20.52,391.4209,101.1402,97.7302,82.9665
2022-06-08,26.5218,38.7637,60.278,172.78,60.4684,88.3202,177.5677,93.6765,299.3322,72.0145,20.35,387.1653,100.8912,96.8643,81.0534
2022-06-09,26.5653,37.8465,59.0121,172.23,59.9851,88.2421,173.8867,93.0595,291.3147,71.9624,19.97,377.9575,100.8741,97.1869,79.1319
2022-06-10,26.3043,37.4279,57.5878,174.54,58.9637,87.3747,169.1694,92.1589,281.0399,71.6586,20.19,366.9984,100.4277,96.5841,77.3775
2022-06-13,26.0084,36.1175,55.6827,169.93,56.9913,85.822,161.222,90.0325,267.9725,71.294,19.5,353.0641,98.7366,93.5534,73.5094
2022-06-14,25.7213,36.618,55.1575,168.57,57.3655,85.1367,160.4452,89.5655,268.459,71.1551,19.37,352.0002,97.3802,92.3734,72.9497
2022-06-15,25.7387,37.1003,56.1901,170.77,58.4804,86.3251,162.7944,90.9665,275.163,71.4329,19.96,357.0185,98.728,94.0967,74.679
2022-06-16,25.8518,35.9628,54.9527,172.69,57.5526,86.8889,155.2543,91.0665,264.0611,71.5284,20.24,345.2025,98.4361,94.8438,72.7158
2022-06-17,24.9295,36.0993,54.7302,171.27,57.7319,86.9149,156.4668,91.25,267.272,71.511,19.98,345.9467,98.4876,95.1494,73.2672
2022-06-21,24.8685,36.6817,55.5581,170.63,57.6929,86.4639,159.2707,90.3327,274.0151,71.485,19.98,354.6554,98.1442,93.5364,74.2864
2022-06-22,24.4248,36.0265,55.1842,171.31,57.6773,87.5568,158.9676,90.9915,273.6154,71.6933,19.76,354.0124,98.7108,96.1087,75.2304
2022-06-23,23.8766,36.1357,55.1219,170.26,58.0905,88.0513,160.8715,91.6919,277.6904,71.7541,19.37,357.4827,99.0027,96.8982,76.6597
2022-06-24,24.1028,36.9911,56.7687,170.09,58.5037,87.739,165.854,91.8003,287.2051,71.7367,19.51,368.8484,99.0971,95.5569,78.2908
2022-06-27,24.0506,37.0366,56.5284,169.9,58.1451,87.2445,166.4697,90.9581,285.0994,71.6586,19.49,367.4395,98.3846,94.742,78.1731
2022-06-28,24.3378,36.8091,56.1456,169.62,57.5058,87.3573,163.3438,90.9331,276.4134,71.6412,19.19,359.9317,98.0412,95.1834,77.223
2022-06-29,23.9201,36.6635,55.932,169.49,57.4201,88.0599,161.6861,91.4751,276.6667,71.728,19.14,359.6386,97.8695,96.669,76.7438
2022-06-30,23.1805,36.4906,55.6293,168.46,57.3889,88.7365,160.4263,91.7503,273.2353,71.867,18.64,356.7167,97.7837,97.518,76.6009
2022-07-01,23.2936,36.2631,55.7628,168.32,57.9363,89.6878,162.3682,92.91,275.0388,72.0833,18.31,360.4896,99.3581,98.5192,77.9797
2022-07-05,21.7273,35.981,54.5699,164.75,57.8815,90.0179,163.7133,92.8849,279.7473,72.0746,17.73,361.1704,99.0821,99.2932,77.7611
2022-07-06,21.4054,35.7626,54.6144,162.14,57.6622,89.2534,162.5008,92.425,281.5411,71.8748,17.69,362.3901,98.1849,97.626,77.6181
2022-07-07,22.2929,36.4815,55.4423,162.23,58.6019,88.7061,166.3466,92.4166,287.5658,71.8226,17.75,367.8178,98.0296,96.7669,77.8284
2022-07-08,22.6845,36.4815,55.5047,162.3,58.6489,88.1675,166.3276,92.2662,287.9265,71.7357,17.79,367.5152,97.926,95.6951,77.4164
2022-07-11,22.641,35.5078,54.6055,161.43,58.32,88.8625,162.9839,92.5254,281.7751,71.7618,17.58,363.3168,98.0813,97.3453,77.2482
2022-07-12,21.6142,35.3713,54.5966,160.83,58.555,89.071,162.425,92.6591,279.0454,71.7965,17.44,360.1019,98.0468,97.9237,76.9456
2022-07-13,21.736,35.2894,54.5699,161.6,58.4923,89.4532,162.2829,93.3531,278.4703,71.7183,17.69,358.2108,98.5558,99.0465,76.5756
2022-07-14,21.5359,34.9709,53.8044,159.33,58.3827,88.958,160.6157,92.7595,279.4647,71.6923,17.0,357.3409,98.3143,98.2384,75.8862
2022-07-15,21.8144,35.1529,54.659,159.01,59.1267,89.2621,163.9595,93.5036,284.534,71.7444,17.19,364.1679,98.8837,98.7913,77.1726
2022-07-18,22.2233,35.3986,54.8815,159.16,58.555,89.0015,163.4954,92.8515,282.126,71.7009,17.22,361.1609,98.7542,97.7621,76.6261
2022-07-19,22.3103,35.981,56.3771,159.54,59.3303,88.5932,169.2641,93.1107,290.8022,71.6227,17.29,370.9192,98.6507,97.2347,78.6103
2022-07-20,22.2929,35.8263,56.0032,158.04,59.5887,88.5063,171.9165,93.0103,295.4134,71.6141,17.19,373.2832,98.5645,97.4899,78.4253
2022-07-21,21.9188,36.2358,56.5818,160.27,60.2935,89.514,172.7974,94.2812,299.6541,71.8139,17.4,377.0844,99.177,99.1741,79.0474
2022-07-22,21.6577,35.8718,56.4394,160.67,60.2152,90.5391,170.0409,95.0087,294.3996,71.9964,17.14,373.5858,100.0138,100.8413,79.4594
2022-07-25,22.0493,35.9992,56.8756,160.23,60.1995,90.2177,170.9218,94.206,292.7228,71.9356,16.98,374.0396,99.824,99.8546,79.5939
2022-07-26,22.0928,35.7171,56.0833,160.04,59.7767,90.2524,169.8704,94.1893,286.9711,71.9008,17.16,369.6143,99.824,99.9312,79.678
2022-07-27,22.5975,36.3814,57.4097,161.67,60.4345,90.4349,173.7352,94.8163,299.0984,72.0138,17.6,379.2119,100.4624,99.3698,80.1572
2022-07-28,22.6149,36.5361,57.7035,163.64,61.0531,91.3297,176.1222,95.6023,302.023,72.1701,18.43,383.9681,101.489,100.1608,82.7552
2022-07-29,22.7193,36.3632,58.5047,164.1,61.2333,91.3644,177.3726,95.828,307.5311,72.1615,18.7,389.5659,101.9981,99.8887,83.2008
2022-08-01,22.2581,36.0538,58.5848,165.03,61.2522,91.8988,177.3063,96.0174,307.3458,72.1597,18.79,388.4123,102.0451,102.2943,82.5282
2022-08-02,22.145,35.8809,57.6501,164.05,60.9691,90.6282,177.1358,94.8441,306.4294,71.9075,18.41,385.8499,100.8428,100.1298,81.4688
2022-08-03,21.9536,36.163,57.9883,164.45,61.5037,91.0024,179.7407,95.875,314.7742,71.9336,18.49,391.8921,101.3742,101.7063,81.7294
2022-08-04,21.7186,36.4178,58.2821,167.17,61.6688,91.4636,179.3618,96.0258,316.2462,72.0293,18.64,391.6272,101.3568,101.6722,81.6033
2022-08-05,21.6403,36.4542,57.8726,165.29,61.3543,90.1409,180.7354,94.7267,313.6629,71.7335,18.33,390.9653,100.3375,99.2521,81.8303
2022-08-08,21.9014,36.4997,58.0062,166.69,61.4094,90.6717,182.6488,95.1039,312.649,71.8031,19.03,390.5115,101.0258,100.8541,82.5618
2022-08-09,22.0841,36.3632,57.6946,167.2,60.9534,90.4019,180.1575,94.6764,309.1102,71.7335,18.93,388.9608,100.7383,100.4622,83.0158
2022-08-10,22.3886,36.8182,58.9943,166.78,61.8654,90.4541,185.3011,95.5732,317.7379,71.8031,18.95,397.1304,100.564,99.806,84.2769
2022-08-11,22.8237,36.9638,58.9765,166.34,61.5116,89.8537,185.9926,94.6513,315.9344,71.777,18.67,397.1304,100.2243,97.4796,84.0751
2022-08-12,22.7019,37.3551,59.4305,167.87,62.0619,90.2105,189.7911,95.7493,322.0857,71.7944,19.17,403.8535,100.6163,98.4681,85.5212
2022-08-15,22.4235,37.1822,59.0744,165.71,61.9519,90.4977,190.4636,95.6822,324.6887,71.8553,18.68,405.5177,100.5117,98.3829,85.8659
2022-08-16,22.1711,37.1731,59.0566,165.42,61.661,90.3932,190.3878,95.3134,323.9283,71.7944,18.57,406.312,100.5379,98.7919,85.6389
2022-08-17,22.2581,37.0184,58.5848,164.35,61.0242,89.784,187.1861,94.4166,320.2336,71.7335,18.25,403.428,100.233,97.7608,85.1261
2022-08-18,22.5975,36.8091,58.3889,163.92,61.1185,89.9581,188.427,94.6597,321.0037,71.8379,18.04,404.6005,100.747,97.9057,84.5628
2022-08-19,22.5888,36.3086,57.5878,162.72,60.4974,89.1835,184.3822,93.5366,314.745,71.7857,17.55,399.1634,100.5727,96.3291,83.6716
2022-08-22,22.7889,35.9901,56.6085,161.64,59.8134,88.7919,180.5838,92.908,306.4587,71.69,17.5,390.8519,100.3811,96.0053,81.8471
2022-08-23,23.1631,36.1812,56.6352,162.77,59.9628,88.5744,180.8774,93.0086,306.2053,71.7249,17.62,389.9064,100.5466,95.477,80.7962
2022-08-24,23.4067,36.1721,56.7064,163.25,60.0336,88.2785,182.2604,92.732,307.0923,71.6466,17.63,391.1545,100.5292,94.7782,81.2586
2022-08-25,23.0761,36.9547,57.3296,163.75,60.5996,88.8442,185.0927,93.6874,312.5222,71.69,17.73,396.6766,100.8428,96.099,82.4693
2022-08-26,23.1718,36.4087,55.8251,161.76,59.6012,88.7397,179.0113,93.1259,299.7126,71.6727,17.36,383.2495,100.6947,96.8234,80.3926
2022-08-29,23.5111,36.1812,55.7005,161.86,59.3731,88.235,177.3631,92.4386,296.7587,71.6204,17.29,380.7153,100.3027,96.0224,79.6696
2022-08-30,22.8585,35.7535,55.2999,160.51,58.9172,88.2089,174.8813,92.5559,293.4539,71.5857,16.96,376.5359,100.1284,96.261,78.5682
2022-08-31,22.3799,35.8809,54.926,159.27,58.5948,87.8434,173.8204,91.5837,291.7479,71.5769,16.58,373.6708,99.2398,95.3406,78.1983
2022-09-01,21.9014,35.5988,54.1871,157.87,58.7497,87.1451,171.9259,91.0323,291.8747,71.5247,16.38,374.8434,98.488,93.5951,78.3412
2022-09-02,22.0493,35.2712,53.8311,159.26,58.7102,87.6333,170.5903,91.0995,287.7509,71.6815,16.57,370.8909,99.0704,94.1246,77.2482
2022-09-06,21.9188,34.8526,53.6975,158.33,58.5522,86.6569,168.9042,89.864,285.6843,71.5247,16.54,369.4915,98.1262,91.7932,77.9461
2022-09-07,21.3967,35.162,54.1693,159.94,59.3975,87.2235,172.5795,91.0912,291.4554,71.6292,17.0,376.1294,98.5321,93.245,79.4678
2022-09-08,21.4837,34.9709,54.2049,158.98,59.6583,86.901,174.0193,90.8811,292.9665,71.5422,17.03,378.5878,97.9851,92.2885,79.6864
2022-09-09,22.0928,35.4896,55.5848,159.82,59.8953,86.9097,177.5147,91.0912,299.3714,71.4811,17.32,384.4693,98.0292,92.4935,80.5524
2022-09-12,22.3974,36.0174,56.3593,160.63,60.077,86.7004,179.6649,90.8895,302.9297,71.4725,18.17,388.6014,97.738,91.7335,81.3343
2022-09-13,22.2842,34.9072,54.4008,158.54,58.7102,86.2123,172.6364,90.2339,286.318,71.2286,17.83,371.704,97.4468,91.9469,78.2235
2022-09-14,22.3799,35.0801,54.5788,157.93,58.7971,86.2559,173.3089,90.6626,288.5893,71.1676,18.0,373.1224,97.6939,92.2629,77.3323
2022-09-15,21.7273,34.707,54.0981,154.98,58.4257,85.9594,172.049,90.2255,283.7833,71.0893,17.63,368.8863,97.1998,92.2031,75.903
2022-09-16,21.649,34.3885,53.7687,155.84,58.6232,86.0292,169.5483,90.0154,282.0481,71.1241,17.99,366.072,96.7939,91.4346,75.9114
2022-09-19,21.7186,34.4977,53.9557,155.96,58.8445,85.7851,170.9976,90.1666,284.2444,71.0457,17.99,368.9109,96.3527,91.6481,75.8021
2022-09-20,21.6925,34.3066,53.0388,155.07,58.244,85.2533,168.6674,89.2673,281.9787,71.0109,17.73,364.6764,96.2027,90.7343,73.9609
2022-09-21,21.562,33.7333,52.3444,155.79,58.0702,85.5932,166.0909,89.6035,276.9296,70.95,18.06,358.315,96.388,92.2544,72.7923
2022-09-22,21.6229,33.5695,52.1931,155.7,57.7226,84.303,162.3492,88.3428,273.5212,70.8193,18.09,355.3053,95.2939,89.8974,71.8674
2022-09-23,20.892,32.7414,50.5284,153.01,56.9878,84.4076,158.4844,88.0907,269.0678,70.7322,17.36,349.3523,94.888,90.2646,70.9122
2022-09-26,20.4047,32.341,49.7806,151.23,56.3163,83.004,156.3145,86.561,267.9544,70.5755,16.92,345.8961,93.3704,88.5396,68.9235
2022-09-27,20.6223,32.3046,49.4423,151.54,56.1977,82.4373,156.8477,85.2583,268.0619,70.5755,16.9,345.0132,92.8763,86.2083,68.0057
2022-09-28,21.1966,32.5867,50.6352,154.69,57.2011,84.2943,161.8084,86.9728,273.3942,70.8802,17.45,351.8017,94.5174,89.0947,69.4164
2022-09-29,21.066,31.8587,50.0388,154.66,56.6639,83.902,158.1807,86.3257,265.513,70.7845,17.37,344.453,93.1939,88.6335,67.3768
2022-09-30,20.805,31.7404,49.8607,154.67,56.4032,83.6841,157.0286,86.1071,261.0107,70.7235,17.5,339.1264,92.5586,87.4892,68.1331
2022-10-03,21.2749,32.2591,50.8489,158.43,57.1424,84.6772,161.1895,87.7001,267.1341,70.8787,19.1,348.0798,93.7498,88.8794,69.3484
2022-10-04,21.8492,33.3147,52.8874,160.7,58.373,84.8519,167.5784,88.1049,275.5331,70.9049,19.36,358.8657,94.1204,88.6311,70.7507
2022-10-05,22.2407,33.3329,52.3266,159.81,58.1428,84.0483,166.3406,87.4387,275.3866,70.8351,18.99,358.0302,93.3792,87.7837,69.3655
2022-10-06,22.3799,33.1327,51.4097,159.63,57.9681,83.5853,165.4075,87.2363,273.2184,70.7479,19.04,354.3369,93.0704,87.2958,67.4362
2022-10-07,22.6149,32.4411,50.5907,157.88,57.2615,83.1748,160.542,86.3677,262.8077,70.6607,18.5,344.453,93.0969,86.4483,65.813
2022-10-10,22.3625,31.9861,50.3058,155.48,56.5627,82.6856,159.647,85.5919,260.1805,70.6346,18.09,341.823,92.5675,85.1044,65.1926
2022-10-11,22.0406,31.4765,49.7539,155.16,56.7374,82.8953,159.6946,85.4148,256.6062,70.6694,17.68,339.6582,93.0969,85.481,65.8555
2022-10-12,22.0406,31.5129,49.5937,155.99,56.8327,83.166,159.2566,85.3136,256.5182,70.7392,17.59,338.5378,93.2822,85.9005,65.1671
2022-10-13,22.3451,31.6039,50.6174,154.91,56.9597,82.8166,163.1985,85.4654,262.5342,70.5299,17.39,347.4723,93.1762,85.0787,66.3569
2022-10-14,21.9014,31.1307,49.8607,152.98,56.7771,82.3537,158.8282,84.6474,254.6432,70.495,16.81,339.5537,93.2557,84.3768,64.7082
2022-10-17,21.8492,31.9861,51.0892,153.42,57.4758,82.441,163.8936,85.0522,263.0518,70.5736,17.12,348.2792,93.5116,83.9659,67.1473
2022-10-18,21.6142,31.9952,51.4542,153.75,57.8807,82.6507,165.836,85.5582,265.132,70.6084,17.23,352.3714,93.2645,84.1628,67.8782
2022-10-19,21.6055,31.4128,50.8221,151.69,57.325,81.7859,163.0176,84.386,264.1651,70.4776,17.01,349.8743,92.788,82.6306,66.187
2022-10-20,21.6229,31.613,50.7064,151.45,57.0074,81.1744,160.9419,83.6524,262.8174,70.3991,17.17,346.9406,92.6998,81.2181,65.898
2022-10-21,21.649,32.0953,51.6233,154.15,57.5552,81.3579,164.4363,83.8885,268.9799,70.5823,17.76,355.3717,92.938,79.7543,66.4164
2022-10-24,21.7099,30.8759,51.6322,153.65,57.5949,81.253,165.1409,83.8463,271.9391,70.5648,17.68,359.7202,93.1586,79.0952,66.4079
2022-10-25,21.8318,31.1307,52.7717,154.0,58.1507,82.2663,169.6446,84.9679,277.5644,70.6346,17.86,365.4644,93.538,81.3978,69.017
2022-10-26,22.2407,31.6403,53.2702,154.98,58.3095,82.6856,170.4825,85.3558,271.4312,70.6956,17.98,362.711,93.3968,82.5706,68.9745
2022-10-27,22.2755,31.3946,52.7717,154.74,58.7382,83.2709,170.5206,85.7521,266.4896,70.8438,17.98,360.7741,94.1204,83.4352,69.0765
2022-10-28,22.0145,31.2035,53.2969,153.16,59.1908,82.8428,174.3958,85.9292,274.6443,70.7392,17.74,369.3571,94.0057,82.8616,70.5977
2022-10-31,21.8579,31.1125,52.7984,151.91,58.3015,82.4672,174.5577,85.4654,271.4509,70.6346,17.62,366.6892,93.8733,82.271,70.5212
2022-11-01,22.1885,31.6858,53.2168,153.46,58.6522,82.4523,174.7957,86.0803,268.6772,70.5656,18.05,365.0846,93.8557,83.0399,70.4958
2022-11-02,22.3886,31.4219,52.4423,152.39,58.1182,82.3123,168.9972,85.6659,259.4677,70.5306,17.73,355.9224,93.6439,82.6795,68.5581
2022-11-03,22.3712,31.6039,51.9972,151.81,57.7038,81.9534,167.8641,85.3614,254.399,70.3996,17.94,352.2575,92.6027,82.2333,68.4646
2022-11-04,23.1283,32.9416,54.0803,156.47,58.1023,81.7783,170.1301,85.5306,258.4911,70.4782,19.26,357.3276,92.9468,80.8517,69.3994
2022-11-07,22.9281,32.9598,54.2495,155.85,58.0943,81.4894,170.9014,85.2176,261.333,70.417,19.15,360.7456,93.0616,80.0451,69.3994
2022-11-08,22.6497,33.1964,54.8637,159.45,58.0385,82.0322,170.968,85.5728,263.2375,70.4869,19.7,362.692,93.1939,80.9203,69.6119
2022-11-09,22.1276,32.6231,54.0981,158.65,57.3451,82.3123,166.2739,85.3529,257.1629,70.6005,19.36,355.2198,92.9998,81.1863,68.898
2022-11-10,22.3277,33.8061,57.1337,163.48,59.1304,84.1594,176.5096,88.2118,276.1385,70.9849,19.97,374.7405,94.5439,84.3099,73.9377
2022-11-11,22.7541,34.7252,58.2732,164.56,59.3377,83.9843,177.9568,88.4487,281.2267,70.9674,19.95,378.3675,94.491,84.0009,73.9292
2022-11-14,22.4148,34.5159,57.659,164.92,58.8993,83.7829,175.9669,88.0004,278.7657,70.9062,20.24,375.1489,93.7939,83.795,72.1275
2022-11-15,22.6758,35.3076,58.0418,165.5,59.4174,84.4045,178.5757,89.2268,282.6233,70.9761,19.88,378.3485,94.4027,85.1508,72.9094
2022-11-16,22.4235,34.7434,57.9082,165.12,59.2898,85.026,175.4337,89.9881,278.7657,70.9849,19.74,375.4622,94.641,87.013,72.2465
2022-11-17,22.0493,34.8071,57.8815,163.92,59.0348,84.4482,173.8055,89.5059,278.1503,70.8975,19.29,374.3134,93.9968,86.0947,71.7536
2022-11-18,21.8927,34.6069,57.9972,162.79,59.1623,84.1506,174.929,89.4975,278.1602,70.8189,19.25,376.0128,93.5204,85.5026,72.6629
2022-11-21,21.8144,34.1701,57.561,161.88,59.1384,84.0981,174.0149,89.3621,275.2987,70.8014,19.2,374.6457,94.0145,85.8631,73.0453
2022-11-22,22.0406,34.252,58.3622,162.07,59.5688,84.5795,175.8716,90.1572,279.2637,70.8538,19.43,379.6873,94.3939,87.0816,73.4448
2022-11-23,21.736,34.5341,59.0032,163.08,59.9035,85.0347,176.3287,91.0623,282.0667,70.915,19.81,382.0799,94.9145,88.6004,73.5042
2022-11-25,21.5446,34.3703,59.3059,163.22,59.784,85.0085,176.7,91.1553,280.211,70.9237,19.72,381.9944,94.8263,88.3001,73.9717
2022-11-28,21.4141,34.2156,58.5403,161.93,59.1543,85.0435,173.139,90.4956,276.0995,70.9412,19.26,375.8988,94.6057,88.549,71.9915
2022-11-29,21.6925,34.9527,58.7094,162.73,59.4094,84.6846,173.6436,90.0473,274.0095,70.915,19.56,375.2533,94.1998,87.5107,73.1813
2022-11-30,22.1798,35.9628,59.751,164.81,60.3021,85.4462,178.4043,91.1468,286.5004,71.1246,20.43,387.074,95.5939,88.1542,74.8555
2022-12-01,22.0667,35.8445,60.3296,167.84,60.5254,86.3794,178.014,92.2873,286.8521,71.2778,20.98,386.7892,96.6195,90.9704,74.6941
2022-12-02,21.8318,35.981,60.2851,167.26,60.4773,86.5549,179.0518,92.8473,285.7094,71.2603,21.29,386.3429,97.3351,92.1144,74.4731
2022-12-05,21.2662,35.5715,59.4928,164.39,59.9011,85.6777,174.1197,92.0582,280.9142,71.059,20.44,379.3929,96.3369,90.8241,73.1133
2022-12-06,20.9268,35.526,59.2257,164.84,59.685,86.204,171.4537,92.3382,275.0935,71.1377,20.44,373.924,96.3192,91.994,72.4249
2022-12-07,20.8224,35.3167,59.2257,166.33,60.0131,86.9583,170.949,93.3649,273.9705,71.2866,20.92,373.2879,96.7344,94.1616,72.5694
2022-12-08,20.7876,35.7444,59.5284,166.47,60.0611,86.4671,172.1868,93.068,277.2128,71.2165,21.21,376.2123,96.7079,93.9036,73.0793
2022-12-09,20.8137,35.5078,59.564,167.06,60.0611,85.8269,170.073,92.3721,275.4451,71.1815,21.56,373.4019,95.7892,91.4607,72.9434
2022-12-12,21.0399,35.3986,59.7421,165.68,60.2933,85.7041,172.0726,92.2534,278.9023,71.1377,21.46,378.7853,95.7979,91.7531,73.5042
2022-12-13,21.388,35.6517,60.5894,168.51,60.9176,86.4759,173.4978,93.0595,281.9006,71.3478,21.83,381.6526,96.0807,92.6391,74.864
2022-12-14,21.5533,35.6702,60.5357,168.1,60.5734,86.7128,172.3595,93.1443,279.8106,71.3566,21.99,379.2125,95.8421,93.0348,74.3541
2022-12-15,21.2923,34.848,58.9895,165.35,60.3449,86.8815,168.0455,93.2226,270.4155,71.3662,21.24,369.9363,95.859,93.3978,73.3598
2022-12-16,21.0225,34.9496,58.4711,166.79,60.0231,86.6618,166.7924,92.8226,267.8373,71.4364,21.37,365.5688,95.3449,92.3545,71.4646
2022-12-19,20.9831,34.9773,58.3281,166.32,59.7173,85.9587,164.5349,91.8864,264.0733,71.3487,21.12,362.4689,95.017,90.8024,70.5552
2022-12-20,21.0794,34.9681,58.5605,169.08,59.5644,85.3347,165.4055,90.8055,263.8677,71.3487,22.23,362.9649,94.9904,89.1901,70.3768
2022-12-21,21.3508,35.2822,59.1683,168.8,60.0713,85.4402,168.2559,91.4268,267.6954,71.4189,22.07,368.3921,95.5045,89.4142,70.9802
2022-12-22,21.0794,34.9681,58.6856,166.76,59.7012,85.4138,166.0559,91.4012,261.1461,71.375,21.69,363.1367,94.9816,89.397,70.682
2022-12-23,21.4646,34.9219,58.8912,167.26,59.8541,85.0271,166.8116,91.1204,261.7335,71.3399,21.85,365.2254,94.7689,88.0864,71.3111
2022-12-27,21.6572,35.4392,58.9806,168.67,59.2345,84.3153,165.6924,89.9458,258.0331,71.2434,22.11,363.7852,94.3346,86.3447,71.2853
2022-12-28,21.4121,34.9219,58.3549,167.91,58.438,84.1131,163.1193,89.665,254.6262,71.2434,21.6,359.2641,94.2282,85.836,70.07
2022-12-29,21.3858,35.5039,59.2755,168.85,59.1943,84.5262,167.2516,90.3033,260.8329,71.2961,21.97,365.731,94.6182,86.8103,71.6042
2022-12-30,21.5784,35.0143,58.6677,169.64,59.2426,84.1747,166.7829,89.7331,260.6762,71.2084,22.02,364.7676,94.3346,85.8445,71.0871
2023-01-03,21.0619,35.3099,59.1861,171.06,59.3552,84.8338,165.8646,90.3544,258.9142,71.2697,22.05,363.232,94.6714,87.4828,71.156
2023-01-04,20.6855,36.3723,59.9727,172.67,60.0391,85.4841,167.9307,91.0097,260.1476,71.3399,21.89,366.0362,94.7334,88.6814,72.7677
2023-01-05,20.5805,36.2615,59.3738,170.52,59.9185,85.3611,166.1324,90.9416,256.0751,71.2434,21.39,361.8585,94.76,89.0521,70.8112
2023-01-06,20.6943,37.019,60.8932,173.71,60.7713,86.4597,169.8629,92.4311,263.1432,71.5154,21.92,370.1567,95.6286,90.6904,72.716
2023-01-09,20.9394,37.2962,61.1524,174.1,60.9885,86.6794,170.1499,92.7971,264.8466,71.5856,21.74,369.9468,95.8501,91.1732,72.7418
2023-01-10,20.9394,37.5641,61.3312,174.74,60.9161,86.1345,172.6656,92.4822,267.0883,71.5242,21.73,372.5412,95.4602,89.6643,72.9056
2023-01-11,21.3158,37.7212,61.796,174.62,61.3185,86.6881,174.8178,93.2737,271.709,71.5856,21.55,377.2531,95.8678,91.1215,75.5171
2023-01-12,21.4909,37.9059,62.7076,176.64,61.6644,87.4615,177.7544,94.3291,273.1775,71.7435,21.88,378.6266,96.6212,92.9149,76.4737
2023-01-13,21.701,38.1554,63.0383,178.76,61.6644,86.9957,178.9214,94.0227,275.0571,71.6206,22.33,380.0954,95.8678,92.044,75.9997
2023-01-17,21.8498,37.9429,63.235,177.59,61.4552,86.7233,178.7014,93.6822,275.6151,71.6645,22.01,379.3992,95.5931,91.4491,76.2152
2023-01-18,21.6134,37.6842,63.0115,177.08,61.5277,87.9009,175.8127,94.7802,272.0321,71.8224,21.57,373.4091,96.2489,93.6651,75.1033
2023-01-19,21.8323,37.9706,62.9132,179.89,61.1656,87.734,174.1291,94.5844,269.3595,71.8049,21.96,370.6909,96.8427,93.0787,74.6897
2023-01-20,21.9636,38.5526,63.4673,179.29,61.2863,87.1539,176.9988,94.0908,276.7311,71.7435,22.02,377.5964,96.2933,91.5698,75.5774
2023-01-23,22.0161,38.8298,63.7265,179.63,61.2782,86.8727,179.1892,93.8184,282.8789,71.6733,21.58,382.127,96.2046,91.1387,75.9221
2023-01-24,21.8935,38.8575,63.6461,180.28,61.3185,87.3736,178.8066,94.3121,282.3014,71.6996,21.76,381.717,96.7541,92.4493,76.1117
2023-01-25,21.8323,38.8945,64.0662,181.11,61.3104,87.4703,179.304,94.3546,281.6748,71.7435,21.97,381.86,96.9491,92.6735,76.1462
2023-01-26,21.9286,39.264,64.1198,179.47,61.4633,87.1539,180.3658,94.3206,287.1668,71.6996,21.99,386.0568,96.9402,92.2424,76.9995
2023-01-27,21.6835,39.0792,63.9947,179.22,61.2782,87.0221,181.3415,94.0482,290.0253,71.6996,21.68,386.9438,96.7275,92.0096,77.8614
2023-01-30,21.4033,38.294,63.5835,178.76,60.9403,86.7497,178.8162,93.6907,284.1613,71.6294,21.66,382.089,96.2578,91.6733,76.8702
2023-01-31,21.771,38.2108,63.95,179.41,61.415,87.1891,183.1589,94.3631,288.4198,71.761,21.83,387.7069,96.2933,92.4062,78.4819
2023-02-01,21.3596,38.682,64.522,181.67,62.0602,87.8161,186.0381,95.321,294.5872,71.8858,22.08,391.8273,96.9402,93.517,78.9645
2023-02-02,21.202,38.451,64.4326,177.9,62.4159,87.7809,189.7017,95.4576,305.1599,71.8946,21.57,397.5312,96.8073,93.6381,80.7572
2023-02-03,20.668,37.7674,63.8338,173.46,61.7611,86.8385,188.4295,94.3734,299.7365,71.631,20.57,393.3058,95.9033,92.2376,79.2403
2023-02-06,20.7293,37.213,63.1813,173.82,61.3649,86.09,185.7033,93.6477,297.201,71.4288,20.48,390.9021,95.5222,91.5547,78.6629
2023-02-07,21.1232,37.3609,63.7176,173.98,61.5832,85.8785,187.0807,93.3403,303.3587,71.4639,20.38,396.0146,95.7704,90.8199,78.4905
2023-02-08,21.167,37.3147,63.3243,174.41,61.3244,86.1956,184.345,93.4343,297.9646,71.4903,20.48,391.6843,96.2667,91.2522,78.1199
2023-02-09,21.0006,37.4902,63.4405,173.03,60.9283,85.8081,181.6762,92.6488,295.3312,71.4376,20.18,388.2888,95.7792,90.3877,77.2666
2023-02-10,21.2983,37.1299,63.1635,173.36,60.4593,85.3941,182.0397,92.0,293.3929,71.4024,20.24,389.1948,95.4336,89.3763,77.5338
2023-02-13,21.2545,37.4348,63.798,172.48,60.613,85.5967,184.2302,92.3415,298.0919,71.42,20.2,393.7636,95.5931,90.1284,78.2233
2023-02-14,21.3245,37.3701,63.9142,172.61,60.6291,85.2092,184.1442,92.1109,300.2945,71.2706,20.12,393.5824,95.274,89.9209,77.6028
2023-02-15,21.0969,37.056,63.6282,170.89,60.5321,84.9538,186.0094,91.7609,302.5951,71.2794,19.89,394.8604,95.274,89.0824,77.9131
2023-02-16,21.0357,37.0652,63.3154,170.75,60.047,84.672,184.2302,91.0267,296.9171,71.2882,19.84,389.4238,95.0436,87.8203,77.1546
2023-02-17,20.8781,36.6587,63.4763,171.26,60.2815,84.9098,184.7372,91.3853,294.8221,71.3497,20.01,388.4509,95.2297,88.5032,76.853
2023-02-21,20.9044,36.1968,62.7791,170.62,59.3517,83.985,179.2849,90.0876,287.8423,71.2091,20.07,380.6582,94.8043,86.7829,75.3102
2023-02-22,20.633,36.0213,62.4305,169.66,59.7398,84.1347,179.7727,90.3437,288.0576,71.2442,19.75,380.1335,94.7511,87.5782,74.6293
2023-02-23,20.7906,36.1968,62.7523,169.57,60.33,84.4606,181.0545,91.0523,290.5735,71.2882,19.63,382.1556,95.0613,88.434,75.1895
2023-02-24,20.7205,35.3838,61.7066,168.35,59.9662,83.9498,179.3614,90.3693,285.7081,71.1388,19.09,378.0733,94.4409,87.2843,73.8709
2023-02-27,20.738,35.5686,62.4395,169.01,60.3704,84.2052,179.9927,90.3949,287.7541,71.2003,18.93,379.361,94.6359,87.5263,73.9829
2023-02-28,20.7993,35.3191,61.9837,169.78,60.2572,84.3373,180.0023,90.4291,287.3821,71.1827,19.22,377.9589,94.9904,87.924,73.8795
2023-03-01,21.1582,36.0767,62.3144,170.76,60.0864,83.6631,180.2319,89.8653,285.0718,71.0524,19.29,376.5091,94.6359,86.9794,72.9487
2023-03-02,21.0794,36.206,62.4395,170.66,60.1596,83.3189,180.6623,89.9424,287.431,71.0788,19.24,379.4373,94.7068,86.2081,73.8019
2023-03-03,21.4121,36.5294,63.3511,172.49,60.7778,83.9896,183.178,90.9619,293.3733,71.1228,19.55,385.5227,95.726,88.2967,74.9224
2023-03-06,21.307,36.4001,63.1903,171.62,60.7778,83.8396,180.4997,90.7135,293.7062,71.0876,19.32,385.7897,95.212,87.612,74.6293
2023-03-07,20.8693,35.7903,62.1356,168.62,60.3467,83.8484,178.4049,90.4565,290.1036,70.9379,18.45,379.876,94.6093,88.1493,72.8884
2023-03-08,20.7555,35.9381,62.4752,168.54,60.062,83.8219,178.491,90.3109,291.5524,70.9026,18.4,380.496,94.1573,88.236,73.7244
2023-03-09,20.5017,35.1436,62.0194,170.2,59.7285,84.3426,173.5265,90.2252,286.5011,71.1316,18.44,373.476,94.4055,88.4526,72.0351
2023-03-10,20.7205,34.9588,61.358,173.87,59.7366,85.8958,168.5238,91.5188,282.4776,71.5191,18.86,368.0869,95.7969,91.503,69.6477
2023-03-13,20.5892,35.0143,60.9379,177.86,59.4113,86.9372,165.7785,91.596,284.5725,72.2324,20.0,367.5623,96.5237,91.711,70.5613
2023-03-14,20.3266,35.0327,61.7513,176.83,59.8424,86.1165,168.849,91.3218,291.1119,71.9595,19.89,373.6381,95.9919,90.2031,71.2422
2023-03-15,19.8539,34.4322,59.8386,178.21,59.6472,87.3608,166.0655,92.1957,292.6391,72.3822,20.0,371.3012,97.1618,91.945,71.1905
2023-03-16,19.9152,34.9588,60.7681,178.57,60.0376,86.5754,168.3325,92.0586,300.3533,72.0916,19.92,377.8158,96.0628,91.2257,71.0353
2023-03-17,19.8539,34.7463,60.0442,183.77,59.6797,87.5991,163.7889,92.5213,298.9337,72.4526,20.63,373.3981,96.2667,92.5949,69.4236
2023-03-20,19.9327,34.8757,60.9826,183.84,59.517,87.2461,165.9124,92.2471,299.9947,72.3646,20.69,376.9886,96.3553,91.7803,70.2166
2023-03-21,20.0027,35.1898,61.9032,180.37,60.1678,86.4871,168.9734,92.6926,304.2793,72.0916,20.54,381.9386,96.1514,90.9917,69.9063
2023-03-22,20.0552,35.3284,61.6887,183.44,60.2247,87.6256,164.1811,93.2324,300.1417,72.4262,21.1,375.4279,97.472,92.2049,67.2948
2023-03-23,20.0027,35.818,61.6977,185.74,59.9888,88.1286,163.4524,93.498,303.7008,72.6376,21.28,376.4428,97.6492,92.2049,66.8725
2023-03-24,20.099,35.7256,61.5099,183.65,59.8668,88.1551,164.9309,93.7893,304.8186,72.6728,21.22,378.9131,97.4011,92.5949,68.5874
2023-03-27,20.4754,35.5316,62.0909,181.95,59.7204,87.0696,166.7646,92.6669,302.7302,72.3646,21.22,379.6216,96.6389,90.4198,68.5091
2023-03-28,20.5717,36.0397,62.1177,183.44,59.6878,87.0166,166.5246,92.5127,301.1222,72.2853,21.43,378.7695,96.9402,90.5844,68.3437
2023-03-29,20.4404,36.1414,62.8685,182.53,60.4362,86.8666,168.4159,92.9411,306.6128,72.2589,21.44,384.2748,97.1264,90.4025,69.8584
2023-03-30,20.5892,36.5017,63.6014,184.18,60.7941,86.999,168.1856,93.0696,309.515,72.2677,21.94,386.5249,97.2238,90.8184,70.7724
2023-03-31,20.7818,36.4555,63.9232,183.22,61.4529,87.4756,171.2769,93.9092,314.6625,72.3557,22.12,391.9728,97.7113,92.179,72.2871
2023-04-03,21.1232,36.5294,64.4326,184.54,61.4056,87.8876,171.3538,94.4764,313.8977,72.444,22.06,393.4664,97.886,92.6125,71.7125
2023-04-04,21.0969,36.5294,64.4416,187.98,61.2258,88.4535,168.3488,94.5967,312.8388,72.6117,22.97,391.2834,98.17,93.0729,71.6168
2023-04-05,21.1757,36.243,63.9947,187.83,60.8826,88.8249,166.6974,94.9061,309.7504,72.7088,22.94,390.2589,98.4007,94.046,71.2338
2023-04-06,21.1145,36.3908,64.2985,186.49,61.1523,88.8515,166.9471,94.8202,311.8387,72.6823,22.89,391.7813,98.6225,94.2892,71.7212
2023-04-10,21.1145,36.4278,64.2539,185.11,61.0951,87.976,168.7328,94.3819,311.6623,72.4264,22.88,392.1833,97.9216,92.7688,72.052
2023-04-11,21.2283,36.6495,64.4684,186.28,61.2258,87.9407,170.0673,94.3561,309.662,72.4175,23.04,392.2887,98.0902,92.96,72.3567
2023-04-12,21.3946,36.3908,64.8795,187.19,61.2094,88.1971,168.8192,94.1585,306.9266,72.497,23.43,390.6898,98.1256,92.8644,72.0085
2023-04-13,21.3946,36.8897,65.7107,189.72,61.6262,87.9053,171.0562,94.3217,312.9369,72.5411,23.74,395.8792,97.886,92.1347,71.7909
2023-04-14,21.4208,36.6957,65.4426,186.36,61.5117,87.472,169.4624,94.0124,312.3486,72.3734,23.31,394.9121,97.4602,91.2919,70.6766
2023-04-17,21.3333,36.8527,65.3264,185.53,61.3484,86.9149,171.6418,93.4193,312.6133,72.2675,23.02,396.3293,97.0165,90.2059,72.1478
2023-04-18,21.3771,36.8065,65.6839,186.25,61.3892,87.0564,170.9122,93.7287,312.6329,72.2498,23.15,396.5877,97.1141,90.5274,71.9824
2023-04-19,21.0794,36.437,65.4783,185.36,61.1441,86.8707,171.133,93.2646,312.4858,72.188,23.23,396.5207,97.0165,90.4405,72.409
2023-04-20,20.8956,36.3816,65.4783,186.09,61.0869,87.3747,170.2497,93.617,310.1033,72.3646,23.17,394.3569,97.3271,91.2137,71.6951
2023-04-21,20.8518,36.0397,65.809,184.25,61.2748,87.1625,170.4705,93.6772,310.4269,72.3204,22.98,394.6632,97.3714,90.7011,71.7038
2023-04-24,21.0182,35.9566,65.9789,184.81,61.4464,87.587,170.3553,94.0897,309.7798,72.3999,23.08,395.075,97.7441,91.5786,71.434
2023-04-25,20.7205,35.2822,65.0583,185.75,61.3484,88.4535,166.1502,94.5022,303.9362,72.6823,22.99,388.8036,98.3209,92.9252,70.7289
2023-04-26,20.4054,35.4854,65.0136,184.74,61.1114,88.1087,164.5468,94.0897,305.7795,72.5941,22.83,387.1567,97.9748,91.9348,70.0499
2023-04-27,20.4316,35.9658,65.8269,184.75,61.3157,87.5339,166.7454,93.7459,314.0939,72.4528,22.89,394.8643,97.6465,91.0226,71.6342
2023-04-28,20.6242,36.1506,65.8001,184.8,61.5771,88.1883,168.2048,94.4764,316.2607,72.5322,23.0,398.2345,97.7619,92.4909,72.5134
2023-05-01,20.4492,36.0305,65.7018,183.97,61.2948,87.1503,168.3007,92.9518,315.8979,72.3739,22.89,397.8324,96.9493,89.8239,71.9737
2023-05-02,19.9852,35.6794,65.0404,187.52,61.2374,88.2849,164.8445,94.0729,313.1428,72.6128,23.35,393.3611,97.6896,92.0623,70.755
2023-05-03,19.7313,35.624,65.2102,189.11,61.2046,88.861,165.4493,94.2281,311.0936,72.7897,23.43,390.661,98.1356,92.5762,70.4764
2023-05-04,19.8101,35.9104,65.0761,190.44,61.024,88.8433,163.5964,93.9694,309.9955,72.9047,23.94,387.894,98.1088,91.6617,71.0596
2023-05-05,20.2566,36.3908,66.0325,187.46,61.3523,88.3647,167.4847,93.5986,316.5843,72.7278,23.57,395.075,97.9126,91.3568,72.2435
2023-05-08,20.3529,36.4093,66.0504,187.69,61.18,87.824,167.1007,92.9259,317.3687,72.6128,23.49,395.1803,97.5469,90.0765,71.8257
2023-05-09,20.4141,36.1876,65.7822,189.02,61.024,87.7176,166.6014,92.8915,315.3587,72.5951,23.48,393.4472,97.4042,89.7542,71.521
2023-05-10,20.3529,36.1691,65.6482,188.75,61.3933,88.3735,167.4463,93.6244,318.7903,72.772,23.31,395.2856,97.7253,90.6252,72.2087
2023-05-11,20.0027,36.0397,65.4873,187.13,61.2948,88.7015,166.1598,93.9866,319.8295,72.8162,22.2,394.5962,97.9393,91.5833,71.4165
2023-05-12,19.8451,35.6148,65.3711,186.81,61.0733,88.1696,165.8238,93.4089,318.6825,72.6924,22.02,394.0792,97.5915,90.8168,71.4079
2023-05-15,20.0727,36.2707,65.8716,187.21,61.0569,87.9747,167.8495,92.9087,320.4081,72.7012,22.1,395.4387,97.4488,89.8762,71.286
2023-05-16,19.8539,36.012,65.246,184.87,60.6301,87.691,165.4014,92.443,320.7709,72.6128,21.81,392.7962,97.1901,89.6062,69.5014
2023-05-17,20.0902,36.1783,65.5498,184.23,60.7942,87.4074,169.088,92.4344,324.6535,72.5332,21.82,397.5643,97.1456,89.3449,70.4416
2023-05-18,19.9064,35.9843,65.4515,181.84,60.8271,86.8667,170.1153,92.0464,330.6834,72.4004,21.56,401.3941,96.8245,88.6829,70.1021
2023-05-19,19.8801,36.012,65.8359,183.64,60.8927,86.5387,169.0784,91.9342,329.9383,72.3474,21.86,400.8101,96.5926,88.0558,69.9889
2023-05-22,19.8977,36.3077,65.8537,183.21,61.1635,86.3792,171.1426,91.8997,331.0462,72.3208,21.67,400.9729,96.4142,87.7423,70.4155
2023-05-23,19.9764,35.7441,64.8884,183.43,60.8435,86.521,170.3361,92.0895,326.8498,72.312,21.51,396.4728,96.7085,87.9948,69.7539
2023-05-24,19.9852,35.4762,63.941,181.95,60.4167,86.2994,168.5312,91.7273,325.1731,72.2235,21.16,393.6004,96.4053,87.5594,68.2566
2023-05-25,19.6701,35.4023,63.8517,180.2,60.3757,85.7587,167.2159,91.4255,333.0856,72.0643,20.86,397.009,95.9682,87.3416,68.2479
2023-05-26,19.9852,36.0305,64.4773,180.92,60.745,85.9182,169.1168,91.8135,341.596,72.0466,21.38,402.1505,96.0842,88.0471,69.0314
2023-05-30,19.5212,35.6148,63.8249,182.04,61.0076,86.5919,168.4928,92.5034,343.1452,72.1881,21.3,402.3037,96.4677,88.9268,69.2925
2023-05-31,19.3024,35.2822,63.1635,182.32,60.8189,86.9198,166.8318,92.8052,341.194,72.2589,21.61,400.0729,96.5926,89.702,69.6407
2023-06-01,19.6175,35.9104,64.1019,183.76,61.1841,87.1615,168.6368,93.0898,345.1356,72.3715,21.95,403.874,96.7473,90.0539,69.6494
2023-06-02,19.8714,36.5294,64.9331,181.05,61.4975,86.4685,174.7524,92.8389,347.724,72.1676,21.69,409.7144,96.2733,89.0671,71.3469
2023-06-05,19.8189,36.5202,64.5577,182.14,61.448,86.4418,172.4099,92.64,347.9691,72.1853,21.64,408.9294,96.3984,88.9012,70.8507
2023-06-06,19.8451,36.8435,65.094,182.34,61.547,86.4951,176.951,92.8217,347.9103,72.1498,21.65,409.8198,96.4521,89.4251,71.5297
2023-06-07,19.9239,36.6852,64.5215,180.15,61.2089,85.8643,180.2618,91.9911,342.0078,72.0966,21.51,408.4027,96.0049,88.0977,72.8442
2023-06-08,19.9589,36.9459,65.2041,182.53,61.5965,86.4418,179.5879,92.6053,346.2533,72.2119,22.3,410.873,96.479,89.1282,72.3915
2023-06-09,19.8364,37.1135,65.0949,182.04,61.6129,86.1309,178.1342,92.3631,347.5769,72.0789,22.27,411.6102,96.2106,89.006,71.9737
2023-06-12,19.565,37.188,65.3771,181.88,61.547,86.273,178.8755,92.6573,353.4499,72.141,22.08,415.3443,96.2911,89.2679,71.9911
2023-06-13,19.8276,37.5604,65.996,180.54,61.6212,85.6599,180.9261,92.242,356.1659,72.0079,21.74,418.0826,95.7992,88.3859,72.4525
2023-06-14,19.8714,37.8398,66.2417,180.64,61.6459,85.7754,178.9814,92.5275,358.7543,71.9636,21.97,418.5805,96.0407,89.0933,72.7223
2023-06-15,20.2916,38.1936,66.9426,181.91,61.9428,86.4418,180.4544,93.3321,363.0292,72.1143,21.94,423.7699,96.6489,89.9491,73.1053
2023-06-16,20.5454,38.0632,66.7969,181.63,61.7861,86.0687,179.0103,93.1677,360.7446,72.0168,22.18,422.3264,96.3984,89.5998,73.0531
2023-06-20,20.3616,37.3184,65.9141,179.75,61.6212,86.3263,178.2305,93.5051,360.2282,72.0434,21.26,420.1353,96.6042,90.2198,72.1913
2023-06-21,20.6592,37.1415,66.0142,179.49,61.4645,86.4063,177.8165,93.4013,355.3191,72.0434,20.84,417.9826,96.6132,90.4382,71.7561
2023-06-22,20.2741,37.0111,65.6046,177.71,61.2831,85.9176,176.4975,92.9168,359.5115,71.9636,20.53,419.4915,96.2733,89.3465,70.7289
2023-06-23,20.0552,36.4711,64.5852,178.2,61.1759,86.273,173.8404,93.1763,355.9474,72.0257,20.58,416.3201,96.5058,90.2373,69.7539
2023-06-26,20.0815,36.5921,64.6672,178.51,61.2089,86.4863,174.0137,93.2802,351.1759,72.0789,20.9,414.6191,96.5505,90.3334,71.3643
2023-06-27,19.7576,36.9645,65.2315,177.69,61.415,86.1842,176.5264,93.1763,357.214,71.9725,20.98,419.1647,96.2822,90.0976,72.2435
2023-06-28,19.6963,36.7411,65.277,177.28,61.7696,86.5307,177.3929,93.583,357.9111,72.0523,20.84,419.3761,96.479,90.4818,72.348
2023-06-29,19.7051,36.5456,65.186,177.09,61.6047,85.6422,179.4339,92.8736,357.1944,71.875,20.72,421.0291,95.8439,88.8487,73.1561
2023-06-30,19.8714,36.8342,65.9869,178.27,61.9015,85.8288,180.2907,93.557,362.7024,71.9015,20.89,425.9975,96.2643,89.8967,73.5611
2023-07-03,19.8714,37.2439,65.9141,178.47,61.8045,85.4565,180.6566,93.2949,363.5566,71.8179,21.01,426.4876,96.151,89.3871,74.283
2023-07-05,19.9939,37.0204,65.1768,177.84,61.6139,85.0468,178.8563,92.6266,363.5467,71.8002,21.21,425.8534,95.6927,88.5377,74.4502
2023-07-06,19.9502,36.2662,64.0483,177.31,61.1662,84.3521,175.968,91.6892,360.778,71.7557,20.83,422.5186,95.1895,87.2855,73.878
2023-07-07,20.1165,36.6759,64.5306,178.64,61.2242,84.2452,177.8261,91.6024,359.5802,71.8357,21.18,421.4519,95.1265,86.7601,73.7108
2023-07-10,20.1603,36.7038,64.7127,178.78,61.531,84.6816,180.8683,92.0798,359.698,71.9424,21.24,422.5186,95.3512,86.8739,74.0277
2023-07-11,20.3966,37.0763,65.2952,179.45,61.8626,84.8598,182.7264,92.5137,361.4752,71.9335,21.2,425.2095,95.2434,87.3205,75.0841
2023-07-12,20.5454,37.905,66.5421,181.88,62.3434,85.6881,184.7193,93.3296,366.0406,72.1469,22.15,428.6306,96.2949,88.2925,75.489
2023-07-13,20.8343,38.3984,67.607,182.01,62.7165,86.4006,186.2115,93.9893,372.2554,72.3514,22.78,432.0327,96.7891,89.2207,75.9732
2023-07-14,20.6943,38.1843,67.2247,181.43,62.2605,85.9731,184.392,93.2602,372.1769,72.1647,22.86,431.7635,96.2769,88.6953,75.8236
2023-07-17,20.5279,38.2308,67.1428,181.56,62.3766,86.1156,186.3656,93.4164,375.6526,72.1914,22.79,433.2628,96.4566,88.7391,75.3306
2023-07-18,20.7993,37.9515,67.5797,183.64,62.5507,86.2135,188.6665,93.6508,378.7256,72.1914,22.99,436.4821,96.4117,89.1419,74.9168
2023-07-19,20.9131,37.877,67.5433,183.67,62.6004,86.5074,189.4656,94.1802,378.6372,72.218,23.1,437.4528,96.7442,90.1489,75.762
2023-07-20,20.9744,37.5977,67.1974,182.74,62.3268,85.8216,187.8097,93.5466,369.9089,72.1291,22.68,434.5505,96.7083,89.0544,75.5155
2023-07-21,21.0882,37.5418,67.3339,182.18,62.4843,85.8929,187.2128,93.7115,368.7995,72.138,22.57,434.5505,96.7083,89.0806,75.8676
2023-07-24,21.4646,38.0539,67.1701,181.4,62.3766,85.6881,187.6749,93.5987,369.3886,72.0491,22.33,436.4918,96.7532,88.7566,76.4926
2023-07-25,21.5434,38.3705,67.2429,182.41,62.3351,85.5277,187.6556,93.4511,371.8922,72.0402,22.62,437.6834,96.5824,88.5902,75.9468
2023-07-26,21.4383,38.594,67.425,183.3,62.5838,85.8216,189.1382,93.8851,370.6551,72.1114,22.91,437.7506,96.6184,88.6778,76.2902
2023-07-27,21.3858,38.1191,67.2702,180.42,62.0864,84.8865,186.6929,92.7394,369.7715,72.0047,22.11,434.8484,95.9084,86.9528,74.6351
2023-07-28,21.5171,39.0409,67.7526,181.86,62.4429,85.1626,189.1093,93.347,376.5067,72.1025,22.32,439.1057,96.2769,87.3993,74.5735
2023-07-31,21.6047,39.0595,67.7708,182.35,62.5921,85.2695,191.3044,93.6074,376.7031,72.1202,22.69,439.9418,96.3038,87.6095,75.0577
2023-08-01,21.4909,38.566,66.9244,180.46,62.2823,84.7712,190.4283,92.6746,375.8293,72.0596,22.29,438.683,95.7284,86.1739,74.9344
2023-08-02,21.167,37.6442,65.6774,179.6,62.0157,84.6015,187.8385,92.1085,367.582,72.0953,21.75,432.5804,95.5573,85.2519,74.5031
2023-08-03,21.3683,37.7932,65.4954,179.54,61.8158,83.9766,187.309,91.2811,366.993,72.122,21.63,431.3407,94.9629,83.285,73.6931
2023-08-04,21.4033,37.7467,65.6774,180.19,62.1823,84.8695,186.9336,92.2304,365.2747,72.2646,21.66,429.3899,95.8815,84.7601,73.0945
2023-08-07,21.4121,37.6908,66.2326,179.78,62.2989,84.6641,187.0587,92.004,368.3674,72.2914,21.21,433.1378,95.9625,83.926,74.0101
2023-08-08,21.3858,37.2346,65.8322,178.64,62.4322,85.0927,185.8842,92.3698,365.2355,72.327,20.9,431.2542,95.9445,84.9007,73.5347
2023-08-09,21.5346,37.3277,65.8139,177.79,62.4405,85.1462,184.4305,92.4569,361.2198,72.2825,20.8,428.3712,95.8995,85.3397,73.5259
2023-08-10,21.4208,37.3835,66.0961,177.6,62.4239,84.4944,183.6122,91.8037,361.8875,72.2468,20.83,428.525,95.4042,83.9348,73.2442
2023-08-11,21.3858,36.8342,65.6501,177.6,62.3322,84.048,183.8721,91.4902,359.5802,72.1755,20.8,428.2751,95.2691,83.7416,73.3586
2023-08-14,21.2808,36.6573,65.3589,177.06,62.3239,83.914,183.5544,91.4553,363.6155,72.1131,20.72,430.6391,95.071,83.5572,72.8744
2023-08-15,21.0269,36.2383,64.5488,176.59,62.124,83.7533,181.1283,90.9763,359.757,72.1398,20.67,425.6227,94.7738,83.0479,72.0557
2023-08-16,20.9394,35.9124,64.0209,175.57,61.9324,83.4319,178.914,90.567,355.9474,72.1042,20.56,422.4994,94.4946,82.3982,71.1666
2023-08-17,20.9919,35.9962,63.5658,175.3,61.6742,83.3247,176.8056,90.3231,352.0595,72.1844,20.8,419.2801,94.4676,82.0469,70.5944
2023-08-18,21.1407,35.7541,63.5658,175.33,61.7158,83.5748,177.7684,90.6628,351.6177,72.2112,20.87,419.4818,94.6297,82.3367,70.8145
2023-08-21,21.0882,35.8379,63.8025,175.81,61.6992,83.0568,177.5084,90.1228,357.2827,72.1309,21.36,422.2111,94.3776,81.2391,70.163
2023-08-22,21.0969,35.7634,63.6842,176.1,61.7325,83.0926,176.9789,90.4015,356.7722,72.0953,21.46,421.0675,94.5397,81.8625,70.3655
2023-08-23,21.1407,36.3314,64.3759,177.89,62.2323,83.9944,178.8659,91.6731,362.398,72.229,22.29,425.7572,95.3952,83.8909,71.4747
2023-08-24,21.1582,36.1917,63.493,177.85,61.8908,83.6819,176.3916,91.3595,354.6515,72.1844,22.11,419.8566,94.9629,83.3377,71.2018
2023-08-25,21.3683,36.229,63.9208,177.62,62.149,83.6551,177.1426,91.4118,357.4006,72.1398,22.22,422.8166,94.9449,83.6099,71.2546
2023-08-28,21.3333,36.5828,64.5943,178.13,62.3822,83.8872,178.7215,91.6992,360.0907,72.1844,22.22,425.4978,94.999,83.6977,71.9237
2023-08-29,21.4121,37.0483,65.3953,179.87,62.7737,84.4855,181.2149,92.4308,367.9551,72.3449,22.71,431.6483,95.4672,84.567,72.7952
2023-08-30,21.4383,36.9273,65.3589,180.32,62.7487,84.4766,181.8985,92.3001,370.0071,72.3449,22.57,433.4261,95.3231,84.4792,73.0593
2023-08-31,21.5259,36.4711,65.104,180.02,62.7071,84.6462,181.5808,92.4569,371.1165,72.4161,22.39,432.7919,95.5213,84.8567,72.5223
2023-09-01,21.7797,36.8994,65.0676,180.11,62.8251,84.1288,183.7373,91.7987,370.7238,72.3769,22.17,433.5991,95.0271,83.5348,72.6455
2023-09-05,21.8848,36.6014,64.5033,178.64,62.415,83.6185,179.8671,91.1432,371.1951,72.2875,21.59,431.7251,94.8375,82.3635,71.8004
2023-09-06,21.9373,36.3966,64.3668,177.83,62.2644,83.4037,179.1932,91.0558,367.9257,72.2071,21.24,428.8228,94.6929,82.566,71.6508
2023-09-07,21.8935,35.9683,64.1575,178.02,62.4736,83.6902,177.4603,91.4579,365.2943,72.3411,21.05,427.5063,95.0362,82.795,72.0997
2023-09-08,21.9373,36.0428,64.0664,178.08,62.4485,83.7081,177.0656,91.5278,365.8049,72.3054,21.01,428.1502,95.253,83.1121,71.818
2023-09-11,22.0686,36.4897,64.7309,178.41,62.5573,83.5648,177.4892,91.353,370.1151,72.3232,21.16,430.9659,95.1627,82.5132,71.8268
2023-09-12,22.1474,36.378,64.4669,177.49,62.4568,83.6812,177.3159,91.3268,366.0111,72.2875,21.13,428.6018,95.2078,82.9888,71.7916
2023-09-13,22.2174,36.3314,64.2667,177.08,62.6242,83.7797,176.151,91.5278,367.4053,72.35,20.93,429.1016,95.3343,82.9712,71.0081
2023-09-14,22.4013,36.5735,65.1131,177.17,62.6996,83.5917,178.6348,91.3617,370.4096,72.3322,20.73,432.8015,95.1807,82.3723,72.2934
2023-09-15,22.3488,36.4338,64.9675,178.34,62.4652,83.3321,176.7671,91.2219,364.0671,72.2964,21.11,427.5869,94.9459,81.8703,72.0205
2023-09-18,22.34,36.3873,64.74,179.39,62.5071,83.4127,175.5926,91.3967,364.4466,72.2875,21.3,427.8376,95.1446,82.337,71.3779
2023-09-19,22.3575,36.1731,64.7946,179.22,62.3146,83.1083,174.909,91.0908,363.6699,72.2339,21.27,426.9504,94.8736,81.7294,71.0521
2023-09-20,22.1737,36.0241,64.6398,179.35,62.2644,83.0456,173.1569,91.1257,358.4292,72.1892,21.34,423.0253,94.6749,81.9848,71.1138
2023-09-21,22.1036,35.4003,63.5658,178.05,61.8208,82.428,170.4709,90.208,351.8612,72.2249,21.44,416.0334,94.178,79.8799,68.6928
2023-09-22,22.1211,35.8193,63.6205,178.62,61.9296,82.7502,170.0858,90.7586,351.9104,72.2964,21.58,415.0979,94.5032,80.5228,68.1734
2023-09-25,22.0161,35.661,63.3383,177.7,61.8459,82.1415,170.8464,89.8759,353.5818,72.2696,21.2,416.8435,93.7896,78.5412,68.1118
2023-09-26,21.9898,35.1582,62.5192,176.28,61.5781,82.1146,168.6497,89.6224,348.2724,72.2785,20.96,410.7195,93.5548,78.2682,66.8705
2023-09-27,22.1124,35.2141,62.4008,174.1,61.4945,81.7476,170.2263,89.2029,349.0885,72.2249,20.7,410.8835,93.4012,77.8631,66.4215
2023-09-28,22.0861,35.3072,62.9105,173.23,61.7873,81.9714,171.7643,89.3602,352.0087,72.35,20.74,413.2656,93.88,78.1009,67.0589
2023-09-29,21.8498,35.3351,62.7285,171.45,61.6953,81.9893,170.9517,89.1679,352.2643,72.359,20.34,412.2626,93.6903,78.1097,67.2545
2023-10-02,21.6835,35.1582,61.8092,169.65,61.3209,81.3243,168.3692,88.351,355.2043,72.2864,19.42,412.0987,93.1212,76.8021,66.0189
2023-10-03,21.5872,34.6927,61.0356,169.16,60.6984,80.6511,165.5352,87.3331,348.9705,72.2327,19.44,406.5822,92.4607,75.15,64.73
2023-10-04,20.9831,34.5903,61.1448,169.14,61.0096,81.1627,165.6125,88.0966,353.7195,72.3939,19.31,409.5429,92.8678,76.2102,65.5211
2023-10-05,20.8606,34.7206,61.6818,168.83,61.0685,81.3153,165.7383,87.9913,352.6773,72.4656,19.25,409.3887,92.7321,75.8303,65.8855
2023-10-06,20.9394,35.2234,62.3644,169.7,61.1527,80.8396,167.3342,87.728,358.5865,72.4029,19.73,414.2492,92.3973,74.9114,66.0633
2023-10-09,21.3771,35.0558,62.2734,172.82,61.607,81.8717,168.3015,88.8161,360.4154,72.6179,20.06,416.9014,93.3112,76.6696,66.7833
2023-10-10,21.3245,35.5586,63.129,172.53,61.5901,81.7102,170.207,88.8512,362.4113,72.5731,19.98,419.0713,93.3473,76.5636,67.1033
2023-10-11,21.202,35.7821,63.3929,173.79,61.5817,82.1589,169.9168,89.3952,364.9972,72.5552,20.18,420.7879,93.7635,78.1627,68.2678
2023-10-12,21.1932,35.3817,62.865,173.26,61.2536,81.3692,166.0768,88.4651,363.7288,72.4656,19.96,418.2226,93.1664,76.0423,67.2722
2023-10-13,21.7535,35.2513,62.2825,178.83,61.2031,81.8897,164.6936,88.9565,359.1568,72.5104,20.78,416.1394,93.7726,77.4029,67.1033
2023-10-16,21.6835,35.512,62.7376,177.96,61.1863,81.405,167.3536,88.3422,363.2176,72.4656,20.68,420.5179,93.5012,76.1572,67.9033
2023-10-17,21.7447,35.4189,62.774,178.29,60.9003,80.6063,169.2204,87.6403,362.0279,72.3043,20.92,420.4985,93.0488,75.3178,67.8056
2023-10-18,21.9373,34.8789,61.6818,180.87,60.6058,80.2293,165.7383,86.9383,357.2788,72.3043,20.95,414.8954,92.8497,74.6552,66.3656
2023-10-19,22.1649,34.6741,61.1357,183.09,60.3871,79.8344,163.0977,86.2363,353.9359,72.4029,21.11,411.25,92.7683,73.1268,64.7922
2023-10-20,21.9986,34.2551,60.5896,183.59,60.5133,80.3011,160.9891,86.5785,348.6559,72.5194,21.4,406.1965,93.0488,73.542,64.3566
2023-10-23,21.8585,34.2271,60.6351,182.97,60.7572,80.678,159.6252,87.2542,349.7079,72.5642,21.05,405.4925,93.0669,74.4255,63.7255
2023-10-24,21.6222,34.6647,60.981,182.95,61.0685,80.8216,161.0181,87.7456,353.1099,72.5462,21.02,408.5496,93.1483,75.4062,64.5433
2023-10-25,21.7797,34.2085,60.5441,183.72,60.7404,80.1126,158.3582,86.9471,344.4672,72.4656,20.94,402.6861,92.7592,73.7275,63.1566
2023-10-26,21.5959,34.0409,60.1072,184.01,60.9507,80.7229,158.7644,87.5789,337.8993,72.6089,20.85,397.864,93.2569,74.8584,64.3655
2023-10-27,21.8848,34.013,59.9252,186.15,60.875,80.8486,156.8976,87.4034,339.5215,72.6537,21.18,396.0606,93.3926,74.5404,63.3344
2023-10-30,21.5346,34.3668,60.6897,185.1,60.8919,80.5793,157.7682,87.1401,343.3464,72.6269,21.34,400.7958,93.2478,74.2046,63.7344
2023-10-31,21.4559,34.1713,60.9082,184.09,61.0517,80.4088,159.132,87.0173,344.9883,72.6,20.98,403.3129,93.0126,73.8424,64.8189
2023-11-01,21.4909,34.4878,61.4816,183.51,61.6336,81.3349,160.0412,88.2626,350.9762,72.7617,20.97,407.6142,93.8232,75.4435,65.2189
2023-11-02,21.7185,35.093,62.7376,184.12,62.3272,81.8389,164.3067,89.3106,357.3477,72.7707,20.87,415.4259,94.2504,77.1633,67.3611
2023-11-03,21.6047,35.81,63.402,184.79,62.9362,82.4689,168.7754,89.7509,361.5461,72.9684,21.22,419.2159,94.732,77.6864,68.97
2023-11-06,21.6922,36.0986,63.0835,183.35,62.6824,81.9919,166.6668,89.2754,363.021,72.8336,21.08,420.1803,94.4866,76.9328,67.9745
2023-11-07,21.2283,36.0334,62.7012,182.59,62.6909,82.4599,166.0768,89.9887,366.4525,72.8875,20.73,421.3762,94.7411,78.0676,67.4145
2023-11-08,20.9919,35.7914,62.6193,180.77,62.7247,82.793,164.3067,90.4467,366.6884,72.8696,20.65,421.6848,94.9501,79.3974,67.6367
2023-11-09,20.9394,35.4562,62.6102,181.49,62.3356,81.9739,161.7629,89.5308,363.8665,72.7617,20.69,418.3962,94.1504,77.5711,66.57
2023-11-10,21.0444,35.7076,62.8923,179.51,62.6401,82.0639,163.5717,89.9799,372.0471,72.7797,20.34,424.9251,94.1868,78.0055,67.1922
2023-11-13,21.3508,35.6983,63.0562,180.51,62.5809,82.0189,163.6297,89.9887,370.8868,72.8066,20.43,424.5201,94.1231,77.8282,66.6322
2023-11-14,21.3158,36.648,64.6672,182.12,63.2153,83.2519,172.6154,91.3978,378.8707,73.0942,21.17,432.7561,94.8956,79.5924,70.3301
2023-11-15,21.1757,36.9552,64.567,181.64,63.0123,82.6039,172.9153,90.9222,379.1559,72.9594,21.45,433.6723,94.4866,78.4754,70.5345
2023-11-16,20.668,36.6014,64.5215,183.69,63.0968,83.225,170.1199,91.6708,379.4803,73.0852,21.76,434.2028,94.832,79.4506,70.3834
2023-11-17,20.9656,36.648,65.3953,183.67,63.2407,83.279,172.451,91.9351,379.5688,73.0313,21.75,434.7428,94.9319,79.8229,70.3301
2023-11-20,21.2283,37.1042,65.641,183.37,63.3083,83.396,173.4569,92.3049,384.19,73.0402,21.48,438.0893,95.2137,80.3105,70.8456
2023-11-21,21.3508,36.8714,65.3862,185.35,63.3929,83.504,171.2226,92.3314,381.9581,73.0852,21.77,437.1345,95.0137,80.275,70.3479
2023-11-22,21.167,36.797,65.5409,184.56,63.5028,83.477,172.2962,92.7013,383.5215,73.0942,21.67,438.8222,95.1046,80.5587,70.6945
2023-11-24,21.0269,36.8156,66.0415,185.52,63.4352,83.0449,173.4569,92.2257,382.9807,73.0402,22.27,439.0922,94.7048,79.6101,70.899
2023-11-27,20.8868,36.6666,65.8139,186.77,63.5282,83.675,172.8766,92.9743,382.6464,73.1301,22.56,438.3015,95.0137,80.9399,71.1568
2023-11-28,21.1407,36.9739,65.8322,189.26,63.8073,84.044,172.2092,93.3441,383.6493,73.2649,22.92,438.7354,95.3863,81.0995,71.6279
2023-11-29,21.2895,36.7597,65.9687,189.54,64.1541,84.485,173.1184,94.1015,383.2756,73.4086,22.88,438.4268,95.768,82.119,72.1257
2023-11-30,20.9306,36.8342,65.9141,188.75,64.0357,84.071,173.7761,93.6084,382.3121,73.3637,23.13,440.153,95.5954,81.1704,72.6501
2023-12-01,20.8343,36.9925,66.6058,192.01,64.5659,84.8642,178.8542,94.7354,383.4035,73.5773,23.33,442.757,96.0837,82.6992,74.4368
2023-12-04,20.6943,36.5735,66.087,187.86,64.4044,84.5123,180.7693,94.3023,379.8441,73.4692,22.46,440.4327,95.6828,82.3702,74.979
2023-12-05,20.5104,36.35,65.8504,187.15,64.4639,85.1079,178.3512,95.0536,380.7979,73.5593,22.12,440.346,96.2021,84.1399,74.4813
2023-12-06,20.0115,36.3035,66.0506,187.84,64.4724,85.4598,178.032,95.4072,378.5954,73.5413,21.93,438.5715,96.3023,85.2605,74.259
2023-12-07,20.0465,36.4804,66.3692,188.15,64.5828,85.3335,179.3184,95.4161,383.8853,73.5954,21.79,441.9179,96.2203,84.7713,74.4724
2023-12-08,20.134,36.3221,66.5694,185.64,64.4554,84.783,180.6823,94.9034,385.5961,73.4331,21.1,443.8178,96.1019,84.0777,74.3479
2023-12-11,20.064,36.5362,66.7332,183.59,64.4129,84.792,181.0595,94.8769,388.8899,73.4512,20.91,445.5441,95.9015,83.8998,74.5524
2023-12-12,19.7576,36.5456,66.8515,183.49,64.5574,84.9725,180.8757,95.4161,391.9872,73.4602,20.84,447.579,95.8468,84.1488,74.5079
2023-12-13,19.9852,36.9087,67.8254,187.63,65.543,86.2359,186.9984,97.0161,396.9722,73.8297,21.77,453.7512,97.1495,86.1231,77.3613
2023-12-14,20.3178,37.4487,68.326,188.73,65.8325,86.9527,192.2022,98.0478,396.628,73.9563,22.15,455.2074,98.2154,88.3634,79.5925
2023-12-15,20.3529,37.2253,67.6616,187.0,65.6873,86.8803,190.5869,97.9059,398.5453,73.8749,21.83,454.4579,98.0514,88.4616,78.4724
2023-12-18,20.4989,37.2066,67.8254,187.85,65.73,86.6903,190.6546,97.4978,401.0556,73.8658,21.8,457.0143,97.7599,87.7568,78.2946
2023-12-19,20.655,37.5232,68.3988,189.13,65.9178,86.8532,194.3495,97.622,403.1049,73.893,22.03,459.7933,97.8237,88.2296,78.8902
2023-12-20,20.4162,36.8477,67.7086,188.1,65.9264,87.2786,190.5479,97.8793,397.1148,73.9924,22.04,453.4218,98.2154,88.8274,77.9302
2023-12-21,20.453,37.5403,68.8052,189.43,66.2252,87.1428,193.7903,97.8438,401.7354,74.0647,22.31,457.7211,98.0514,88.2653,78.6213
2023-12-22,20.4162,37.36,68.8698,190.27,66.1484,87.0613,195.596,97.6752,402.3364,74.0919,22.12,458.6411,97.8601,87.8638,78.9273
2023-12-26,20.6183,37.6541,69.1831,191.72,66.2764,87.1156,198.1395,97.8793,404.7994,74.0557,22.2,460.5776,97.9148,88.1136,79.5122
2023-12-27,20.5264,37.8723,69.5517,192.59,66.5497,87.7945,198.8385,98.793,405.6235,74.1461,22.23,461.4104,98.3612,89.675,79.8991
2023-12-28,20.3519,38.1664,69.3674,191.47,66.3362,87.4596,198.0813,98.5358,405.4263,74.1371,21.99,461.5847,98.0423,89.0237,80.466
2023-12-29,20.2417,38.1475,69.4411,191.17,66.0801,87.2423,194.8485,98.172,403.6717,74.1732,21.78,460.2484,97.9239,88.2207,79.5122
2024-01-02,20.0764,37.7016,68.667,190.72,65.858,86.9165,193.6933,97.5067,396.8407,74.0828,21.65,457.6727,97.7872,87.7121,80.1961
2024-01-03,20.3336,37.4929,68.1509,189.13,65.6788,87.1247,188.5286,97.2849,392.6415,74.1009,21.06,453.9351,97.9421,88.078,78.2793
2024-01-04,20.2234,37.3695,68.3076,189.32,65.4226,86.5997,188.1597,96.7437,390.6208,74.0557,21.08,452.4729,97.4866,86.7396,78.1354
2024-01-05,20.3244,37.4169,68.3537,189.35,65.4738,86.283,187.6064,96.3977,391.084,74.0376,21.21,453.0926,97.268,85.9099,77.9374
2024-01-08,20.0305,37.5213,69.0817,187.87,65.841,86.5726,190.9847,97.1341,399.167,74.1009,21.13,459.561,97.5322,86.7575,79.0532
2024-01-09,20.1774,36.99,68.4643,187.93,65.9435,86.5364,189.2761,97.3026,399.9556,74.119,21.0,458.8637,97.3409,86.2043,78.5223
2024-01-10,20.0397,36.9046,68.9066,187.5,66.063,86.4006,189.3829,97.1784,402.6663,74.119,20.94,461.4588,97.2589,85.8028,78.6123
2024-01-11,20.1866,37.0564,68.8974,187.87,66.2764,86.8622,187.8976,97.7639,403.5042,74.2908,20.82,461.2555,97.7782,86.2846,77.8834
2024-01-12,20.2601,37.1893,69.1831,189.71,66.3448,87.0975,187.5869,97.9769,403.7112,74.4445,21.19,461.575,98.1972,86.1151,78.3513
2024-01-16,20.0856,36.288,68.0219,187.91,65.9264,86.3915,185.2667,96.9833,403.6717,74.3269,20.96,459.8805,97.6961,84.5984,77.7754
2024-01-17,20.0581,35.7472,67.3768,185.84,65.6446,86.111,183.9465,96.7792,401.3947,74.1823,20.65,457.3242,97.3955,84.4645,76.3536
2024-01-18,20.1866,36.0413,67.9758,187.37,65.7812,85.9209,185.0338,96.5929,407.0922,74.2184,20.81,461.3911,97.4228,83.6794,75.9397
2024-01-19,20.1499,36.4208,68.1325,187.93,65.8922,85.93,186.8103,96.6905,415.1652,74.1642,20.67,467.1429,97.4957,83.9471,76.8486
2024-01-22,20.2325,36.0982,68.3445,187.22,65.9435,86.1924,190.8003,96.9566,415.7073,74.2004,20.22,468.1305,97.5413,84.4467,77.3075
2024-01-23,20.3428,36.4113,68.1509,187.95,65.8666,85.9752,190.2469,96.6018,417.4323,74.1913,20.53,469.4958,97.2224,83.7775,76.7766
2024-01-24,20.5173,36.8193,68.667,186.4,65.8325,85.7309,188.684,96.4155,419.7488,74.1552,20.71,470.0091,96.9947,83.2868,75.6787
2024-01-25,20.6734,36.8667,68.8605,187.14,66.3362,86.1019,190.2469,97.0542,420.2614,74.2908,20.94,472.5653,97.3226,83.8311,76.6506
2024-01-26,20.7652,36.8952,69.1647,187.01,66.285,85.9481,190.2566,96.7792,417.7576,74.2456,20.86,471.965,97.2315,83.6705,76.4346
2024-01-29,20.5907,36.9141,69.5701,188.33,66.4302,86.464,193.5865,97.1784,422.0357,74.3179,21.21,475.7027,97.6597,84.6341,76.9385
2024-01-30,20.7285,36.62,69.478,188.59,66.3448,86.5817,191.9361,97.4889,419.2263,74.2727,21.19,475.3347,97.6142,85.4014,76.2187
2024-01-31,20.5081,36.4208,69.1278,188.45,66.1569,87.3057,187.2472,97.7373,411.0153,74.4083,20.91,467.5786,98.2518,86.24,75.4898
2024-02-01,20.2601,36.7718,69.8098,190.41,66.5379,87.8465,189.7324,98.4932,415.8552,74.5189,21.21,473.6983,98.4249,87.9317,76.8576
2024-02-02,20.0305,36.6675,69.2568,188.61,66.2376,86.7033,188.7325,97.594,422.8834,74.2832,20.75,478.6851,97.4775,85.9894,75.9037
2024-02-05,20.1132,36.7149,68.8882,187.57,65.9287,85.8594,186.3346,96.6591,422.3314,74.1381,20.47,476.9421,96.9309,84.253,74.3109
2024-02-06,20.1866,37.5498,69.3121,188.55,66.1689,86.3222,188.0141,97.2022,421.4837,74.256,20.51,478.3268,97.2589,85.0764,75.3098
2024-02-07,20.2785,37.5972,69.2752,188.5,66.2805,86.1679,187.5772,96.9174,425.8208,74.2288,20.33,482.3163,97.0767,84.6647,75.2018
2024-02-08,20.3887,37.3885,69.1554,188.33,66.2462,85.8867,190.4217,96.4188,426.6094,74.2106,20.65,482.5293,97.0038,84.1724,75.8137
2024-02-09,20.4438,37.5498,69.3951,187.6,66.3835,85.7324,193.5185,96.2941,430.8085,74.1834,20.68,485.318,96.8671,84.0023,75.9307
2024-02-12,20.453,37.8439,69.5149,187.11,66.2376,85.8141,197.0328,96.3031,429.1229,74.1925,20.76,485.105,96.9036,84.1008,75.9487
2024-02-13,20.3336,37.1323,68.4458,184.53,65.7056,84.8705,188.9267,95.2436,422.4299,73.9567,20.2,478.4236,96.2841,82.6597,74.3829
2024-02-14,20.1407,37.6636,69.2107,184.42,65.963,85.1881,193.3146,95.6888,427.0333,74.0655,20.44,482.7714,96.694,83.0804,74.9678
2024-02-15,20.1866,37.8439,69.9941,185.66,66.1947,85.4239,198.4696,96.036,428.3048,74.1381,20.94,486.1024,96.8125,83.5101,76.7136
2024-02-16,20.2325,38.0241,70.1047,186.34,65.9973,85.0519,195.7708,95.6888,424.4211,74.0474,21.39,483.6816,96.7123,83.0267,75.9217
2024-02-20,20.1223,38.081,70.3904,187.47,66.1346,85.1971,193.072,96.0093,421.2175,74.0927,21.07,481.0187,96.7578,83.0983,75.7867
2024-02-21,20.205,38.1475,70.4457,187.48,66.0145,84.9249,192.1594,95.7689,419.5319,74.0293,20.96,481.4544,96.6485,82.5076,76.2097
2024-02-22,20.2601,38.5364,71.2382,187.56,66.332,84.934,193.6156,95.9202,431.814,74.0202,20.82,491.4184,96.5209,82.9104,76.3536
2024-02-23,19.9662,38.5174,71.3304,188.62,66.3749,85.3241,194.0525,96.2051,430.5424,74.0565,20.99,491.7573,96.7669,84.0202,76.3176
2024-02-26,20.1499,38.3467,71.229,188.2,66.1604,85.1971,195.2757,95.9024,430.3156,74.0021,20.62,489.9562,96.7305,83.7696,75.4808
2024-02-27,20.306,38.4226,71.4225,188.0,66.2462,85.0066,198.0424,95.7689,431.3507,74.0021,20.57,490.8665,96.612,83.1789,75.5707
2024-02-28,20.2234,37.9198,71.0078,188.34,66.2376,85.3151,196.4115,95.76,429.054,74.0746,20.55,490.2177,96.9218,83.707,76.3356
2024-02-29,20.1958,37.9387,71.1921,189.31,66.3577,85.4875,197.7803,95.849,432.7308,74.12,20.73,491.98,97.2224,84.2977,76.9835
2024-03-01,20.2968,38.4036,71.8833,192.89,66.6063,85.8777,199.8772,96.4325,439.2463,74.2654,21.17,496.5989,97.5868,84.823,77.9014
2024-03-04,20.3611,38.3182,71.699,196.01,66.589,85.6867,199.6928,96.2538,437.679,74.1927,21.86,496.0663,97.5048,84.4818,78.6303
2024-03-05,20.205,37.9767,71.57,197.19,66.5372,86.2143,197.7803,96.781,429.8229,74.2473,21.67,491.1085,97.9512,85.6849,77.6764
2024-03-06,20.3703,38.5269,72.4178,198.81,66.7012,86.4236,199.2559,97.0401,432.5238,74.2654,22.1,493.597,97.9877,86.1878,78.0634
2024-03-07,20.4254,38.7641,73.2749,199.94,66.7789,86.5691,200.916,97.2814,439.0886,74.3564,22.24,498.4968,97.933,86.1069,78.0454
2024-03-08,20.3611,38.7262,73.0353,201.63,66.7961,86.6328,200.7898,97.4154,432.7504,74.3928,22.23,495.5047,98.015,85.9543,78.9453
2024-03-11,20.5356,38.8115,72.6206,202.0,66.7875,86.5236,199.1977,97.4333,431.1437,74.3291,22.35,495.0786,97.8419,85.9094,78.5673
2024-03-12,20.4805,39.2385,73.2012,199.79,66.8479,86.1689,198.9259,97.1205,437.3241,74.2564,22.09,500.4044,97.6506,85.1911,78.3963
2024-03-13,20.7652,39.1151,73.2104,201.19,66.8738,85.9778,199.7025,97.0223,433.9628,74.22,22.79,499.62,97.5139,84.7781,78.0004
2024-03-14,20.8295,38.9159,72.6759,200.35,66.5545,85.341,196.13,96.3074,432.8687,74.1563,22.73,498.6323,96.9218,83.4761,76.8306
2024-03-15,20.903,38.6787,72.7035,199.71,66.5113,85.1954,196.4989,96.3342,427.7233,74.1109,23.03,495.2084,96.858,83.4492,76.6596
2024-03-18,21.0958,38.7451,72.6851,200.03,66.6667,85.0953,195.3727,96.1734,431.8026,74.12,22.91,498.1515,96.7669,83.1978,76.6956
2024-03-19,21.0867,38.5554,72.8141,199.8,66.9342,85.341,196.1979,96.4504,432.8785,74.1836,22.79,500.9198,96.9036,83.4313,76.6686
2024-03-20,21.0316,38.9918,73.5882,202.18,67.1586,85.5411,200.0811,96.6291,438.011,74.3018,23.29,505.5529,97.2862,83.4043,77.1725
2024-03-21,21.004,39.0392,73.5514,201.97,67.1241,85.5502,202.38,96.772,440.0837,74.3018,22.65,507.2237,97.4593,83.5839,77.7304
2024-03-22,20.8571,38.7641,73.3947,200.35,67.055,85.9687,199.5867,97.1027,440.5872,74.3564,22.56,506.2621,97.7964,84.383,76.7521
2024-03-25,21.0316,38.7926,73.238,200.99,66.9515,85.7413,200.0441,96.772,438.9882,74.32,22.58,504.8633,97.4866,83.961,76.2802
2024-03-26,20.8662,38.7641,73.321,201.64,66.8738,85.8686,199.684,96.7452,437.5668,74.3382,22.34,503.9309,97.5139,84.1944,75.9716
2024-03-27,20.8479,38.8305,73.7633,203.1,67.2276,86.1961,204.0345,97.4154,439.0572,74.4201,22.51,508.1658,97.8146,85.0295,77.9319
2024-03-28,21.0958,38.9728,73.5975,205.72,67.0809,86.1143,204.6768,97.3261,438.2479,74.3746,22.75,508.0687,97.851,84.9576,78.4855
2024-04-01,21.1969,39.0392,73.2841,207.82,66.8077,85.3351,202.7498,96.3941,439.1757,74.2195,22.86,507.1848,97.2175,83.374,77.1696
2024-04-02,21.3897,39.1626,72.768,210.89,66.6949,85.1526,199.0222,96.2506,435.3855,74.256,23.84,503.9601,97.2448,82.9145,76.1985
2024-04-03,21.6469,39.191,73.1735,212.74,66.747,85.253,200.3264,96.3134,436.3627,74.3107,24.73,504.5136,97.2448,82.8965,76.2802
2024-04-04,21.702,39.0487,72.5469,211.52,66.6949,85.5449,198.3215,96.4211,429.6903,74.3837,24.49,498.3555,97.6094,83.4911,75.7901
2024-04-05,21.8122,39.1341,72.7773,215.14,66.6342,84.9793,198.9832,95.9995,434.7538,74.2651,25.03,503.5618,97.1993,82.329,76.1803
2024-04-08,21.803,39.3903,73.1367,216.48,66.7903,84.7876,200.0733,95.9905,434.8821,74.1921,25.4,503.8434,97.1628,82.3199,76.9971
2024-04-09,21.6836,39.6559,73.1275,217.67,66.9291,85.1252,200.8617,96.4838,436.491,74.2651,25.72,504.4263,97.418,83.0857,78.0227
2024-04-10,21.7938,39.1151,72.1598,215.61,66.3393,83.9939,195.5574,95.1115,432.6811,73.964,25.45,499.3754,96.4791,81.275,74.7918
2024-04-11,21.7571,39.3523,72.3533,219.8,66.2786,83.8753,196.881,94.9142,439.5902,74.0552,26.01,503.1442,96.3971,80.9056,75.0459
2024-04-12,21.7847,38.451,71.1829,216.89,66.2439,84.222,193.3773,95.1294,432.5824,74.1009,25.63,496.1992,96.7343,81.338,74.1565
2024-04-15,21.8122,38.2044,70.971,220.95,65.8622,83.6837,190.5451,94.08,425.466,74.0735,26.41,489.9827,96.4244,80.0768,72.895
2024-04-16,21.7755,37.7016,70.2706,221.22,65.6454,83.3552,189.8443,93.7661,425.5054,74.0279,25.8,489.0891,96.0324,79.5453,71.8694
2024-04-17,21.4357,37.6731,70.3166,219.59,65.7321,83.8844,187.8394,94.2774,420.3137,74.0826,25.85,486.1945,96.4062,80.4282,71.343
2024-04-18,21.4265,37.8249,70.1231,220.34,65.7841,83.5924,187.6837,94.089,417.9153,74.0461,25.86,485.1941,96.2786,80.0228,71.3521
2024-04-19,21.5275,37.6731,70.1507,221.03,65.9056,83.7019,187.9757,94.1876,409.2689,74.0644,26.2,480.9592,96.4244,80.311,71.697
2024-04-22,21.5275,38.081,70.971,215.57,66.2699,83.7111,190.0779,94.4209,413.3848,74.1009,24.93,485.3884,96.4335,80.1759,72.3323
2024-04-23,21.6193,38.3941,71.7451,215.04,66.5388,83.8205,193.2605,94.5823,419.5537,74.1647,24.99,491.1483,96.5247,80.2029,72.9948
2024-04-24,21.5918,38.5269,71.6068,214.64,66.3913,83.565,192.3943,94.2146,420.975,74.1374,24.9,490.9152,96.3242,79.6354,73.1309
2024-04-25,21.7112,38.6123,71.2751,215.92,66.2525,83.2457,191.2263,93.9365,418.9417,74.0826,25.06,489.0502,96.1783,79.0769,72.7134
2024-04-26,21.7296,39.0582,71.8465,216.62,66.4607,83.4738,193.0561,94.2953,425.4067,74.1009,24.89,493.6835,96.4244,79.4913,72.7498
2024-04-29,21.7112,39.4377,72.1229,216.18,66.6602,83.8114,194.6133,94.6899,427.1341,74.1374,24.83,495.4318,96.6614,80.1579,73.4939
2024-04-30,21.4357,38.8874,71.2106,211.87,66.1745,83.4191,190.6619,94.1697,419.08,74.0461,24.05,487.5836,96.1965,79.4733,72.2506
2024-05-01,21.1234,38.9254,71.0539,213.79,66.5232,83.7494,191.0609,94.5614,416.0497,74.1944,24.27,486.0004,96.3553,80.0591,72.2778
2024-05-02,21.1969,39.931,72.0123,213.13,66.9331,84.1429,194.5744,95.1468,421.3599,74.3043,24.36,490.5461,96.7039,80.4026,73.2943
2024-05-03,21.2244,40.2915,72.7312,212.96,67.2121,84.6096,196.5015,95.8131,429.8286,74.4233,24.22,496.6266,97.1995,81.2162,73.7844
2024-05-06,21.4632,40.3295,73.2288,215.2,67.2906,84.6828,199.0416,96.0833,434.5367,74.4141,25.07,501.7551,97.2453,81.5326,73.8479
2024-05-07,21.4448,40.1018,73.4224,214.21,67.2993,84.9024,199.4893,96.1283,434.6058,74.4233,24.92,502.3088,97.227,82.0298,74.5467
2024-05-08,21.3346,40.1113,73.3394,213.58,67.1424,84.6645,198.3312,95.8852,434.3492,74.4049,24.95,502.3574,97.1169,81.5326,73.9205
2024-05-09,21.4173,40.2346,73.9016,216.95,67.1598,84.9208,200.3556,96.0383,435.2967,74.469,25.86,505.2519,97.4656,81.9304,75.4361
2024-05-10,21.3806,40.32,74.0398,218.71,67.0552,84.6462,198.847,95.7321,436.3232,74.4049,25.77,505.9027,97.3095,81.4693,75.2274
2024-05-13,21.5183,40.6236,74.0398,216.26,67.0377,84.7469,199.2655,95.7681,437.3299,74.4233,25.8,505.9707,97.3463,81.6772,75.4724
2024-05-14,21.4265,40.8418,74.5928,218.09,67.1424,84.9939,201.3288,96.0473,440.1429,74.4965,26.13,508.292,97.5298,82.1383,76.0533
2024-05-15,21.5,41.2782,75.3853,220.89,67.5348,85.6345,203.8398,96.9027,447.0225,74.6338,27.12,514.5864,98.0253,83.2593,77.106
2024-05-16,21.5551,41.3636,74.9798,220.03,67.3778,85.4698,202.3702,96.7497,446.1145,74.5789,27.06,513.5275,97.8876,83.1779,77.0516
2024-05-17,21.7755,41.5438,75.2379,223.66,67.3865,85.2044,202.5162,96.5245,445.8973,74.5331,28.79,514.2657,97.7959,82.6174,77.0425
2024-05-20,21.9683,41.392,75.2932,224.56,67.4214,85.0763,202.9639,96.4795,449.0064,74.5148,28.98,514.8582,97.7592,82.3733,76.5887
2024-05-21,21.8765,41.1359,75.1734,224.23,67.3691,85.2959,202.7692,96.6416,449.8849,74.5515,29.27,516.121,97.9427,82.7982,76.5615
2024-05-22,21.5642,41.0031,74.4638,220.11,67.2208,85.1861,201.0563,96.4975,449.7961,74.4965,28.22,514.6348,97.9243,82.8977,75.8717
2024-05-23,21.454,40.6995,74.0859,215.72,66.9854,84.8841,197.757,96.0743,447.7726,74.4599,27.55,510.8758,97.5481,82.3643,74.2382
2024-05-24,21.601,40.8133,74.6941,215.92,67.2208,84.9939,199.9468,96.3354,452.0069,74.4873,27.74,514.256,97.6674,82.6084,74.2926
2024-05-28,21.9867,40.7564,74.6665,218.19,66.9505,84.5181,199.6743,95.7591,453.7145,74.4233,29.24,514.6154,97.3738,81.4241,73.8025
2024-05-29,21.7571,40.1492,73.4869,216.16,66.75,84.1063,196.7253,95.2458,450.5166,74.3958,29.17,511.0118,97.1444,80.4388,73.0855
2024-05-30,21.4724,40.0354,74.1043,216.57,67.0203,84.5273,198.5939,95.8311,445.6901,74.4782,28.42,507.6219,97.5206,81.2162,74.1565
2024-05-31,21.3714,39.6464,74.8139,215.3,67.2557,84.9208,200.268,96.2544,444.8609,74.5789,27.76,512.2453,97.906,81.7676,75.545
2024-06-03,21.0683,40.0638,75.0259,217.22,67.4642,85.4769,199.139,96.9188,447.2495,74.6634,27.89,512.663,98.319,83.0902,75.3726
2024-06-04,20.8571,39.5041,74.9337,215.27,67.4292,85.945,196.5696,97.2984,448.4734,74.7368,27.02,513.2361,98.6238,84.0608,75.9534
2024-06-05,20.9305,40.1397,75.459,217.82,67.6482,86.2571,199.577,97.6238,457.5146,74.8103,27.4,519.336,98.8733,84.6776,75.8627
2024-06-06,21.2061,40.339,75.7171,219.43,67.5343,86.2204,198.1463,97.5605,457.3566,74.8195,28.53,519.3264,98.7901,84.5506,76.0079
2024-06-07,20.903,39.8836,74.8969,211.6,67.3591,85.3117,195.8202,96.6837,456.952,74.6266,26.67,518.695,97.9771,82.9995,75.2909
2024-06-10,21.2061,40.1208,74.8416,213.54,67.4204,85.1282,196.4917,96.4849,458.7977,74.6358,27.12,520.2976,97.8386,82.4462,75.545
2024-06-11,21.1785,39.987,73.9911,214.15,67.508,85.5779,195.8203,96.9007,461.9463,74.7185,26.71,521.5506,98.1065,83.2988,75.2728
2024-06-12,21.252,40.3882,74.8632,214.72,67.7796,86.0552,198.8263,97.4973,467.9967,74.8195,27.03,525.8342,98.2543,83.9247,75.9444
2024-06-13,21.2703,40.2927,73.7942,212.97,67.7709,86.6242,197.089,97.9583,470.5334,74.9389,26.43,526.8929,98.6423,85.1584,76.2529
2024-06-14,21.1877,40.3405,72.9785,215.73,67.508,86.8262,193.9561,98.0396,472.9713,74.9481,27.01,527.2136,98.7624,85.875,76.2348
2024-06-17,21.2612,40.5984,73.2691,214.61,67.5518,86.4223,195.586,97.5786,478.7651,74.8746,26.92,531.4095,98.6238,85.0223,75.9353
2024-06-18,21.4357,40.9709,73.5598,215.47,67.7621,86.7986,195.9276,98.0306,478.9132,74.9756,26.96,532.7596,99.0211,85.8024,76.2348
2024-06-20,21.4816,40.9041,73.6067,218.16,67.7183,86.5783,195.098,97.7052,475.2218,74.9481,28.0,531.3124,99.0396,85.2309,76.017
2024-06-21,21.3071,40.7608,73.091,214.78,67.7971,86.5967,195.5372,97.7323,473.9485,74.9756,26.98,530.6001,98.8918,85.2309,76.2075
2024-06-24,21.4816,40.7608,73.6723,215.63,67.727,86.6701,196.3863,97.8317,468.5527,74.9848,27.0,528.8754,98.9472,85.5756,76.7975
2024-06-25,21.2795,40.6653,73.8505,214.56,67.8147,86.7436,195.7422,97.7956,473.911,74.994,26.4,530.9119,99.0673,85.7208,75.8536
2024-06-26,21.3163,40.5793,73.3066,212.58,67.6657,86.2204,195.2249,97.2622,474.8897,74.9205,26.31,531.5745,98.7717,84.4962,75.6176
2024-06-27,21.4265,40.6079,73.3629,214.99,67.7445,86.4131,197.2061,97.4521,476.1154,74.9756,26.45,532.4125,98.9565,84.8318,76.3528
2024-06-28,21.3346,40.6844,73.4473,215.01,67.5781,85.9542,198.0162,96.8284,473.644,74.9848,26.57,530.3174,98.6516,83.2535,76.962
2024-07-01,21.6102,40.7799,73.5786,215.57,67.5649,85.3144,196.3571,96.2533,476.4219,74.9203,26.85,531.4089,98.2592,81.8166,76.2361
2024-07-02,21.6377,40.9041,73.7567,215.56,67.7498,85.6366,197.0305,96.8701,481.4243,74.9848,26.97,534.9852,98.4447,82.4536,76.5944
2024-07-03,21.7571,41.5059,74.6006,217.99,67.9876,86.2074,196.9816,97.5867,485.438,75.0954,27.84,537.3726,98.8343,83.5365,76.5209
2024-07-05,21.8398,41.6778,75.0976,220.93,68.1902,86.6861,196.0447,98.0947,490.4995,75.2336,28.48,540.4713,99.2796,84.228,76.7322
2024-07-08,21.5459,41.6874,74.7225,218.19,68.1726,86.7137,197.4209,98.0856,491.666,75.2244,28.13,541.095,99.2425,84.4101,76.9803
2024-07-09,21.3989,41.8593,74.4225,218.56,68.0933,86.594,196.562,97.9042,492.0911,75.2059,28.12,541.6213,99.0941,84.0369,76.962
2024-07-10,21.3989,42.0981,75.4726,219.36,68.2518,86.6769,198.4846,98.1401,497.2219,75.2336,28.16,546.9807,99.2796,84.3008,77.5316
2024-07-11,21.4724,42.3465,75.6883,223.25,68.4984,87.2293,205.6191,98.6662,486.3177,75.4087,28.68,542.2643,99.5764,85.1199,79.7552
2024-07-12,21.3897,42.5184,76.4947,223.11,68.6745,87.4134,208.02,99.029,489.1747,75.5192,28.12,545.6846,99.7342,85.4838,80.3616
2024-07-15,21.2336,42.0695,75.8196,223.83,68.6834,87.1372,211.9727,98.4847,490.4896,75.5192,28.03,547.1853,99.6692,84.501,80.9038
2024-07-16,21.1785,42.3083,76.1853,228.29,68.9476,87.5239,219.2047,99.0562,490.6774,75.5469,28.61,550.4302,99.9753,85.6931,81.8961
2024-07-17,21.1785,41.6205,75.7821,227.23,68.8683,87.5975,216.9112,99.1016,476.2737,75.5561,27.67,542.7125,100.0125,85.7113,82.4566
2024-07-18,21.0224,41.2289,75.0319,225.78,68.7274,87.349,212.7144,98.6752,474.0197,75.5192,27.2,538.5419,99.7898,85.0561,81.7307
2024-07-19,20.7377,40.8277,74.5725,221.73,68.6745,87.0728,211.6311,98.3124,469.8181,75.4824,26.69,534.9657,99.5486,84.5557,81.5837
2024-07-22,20.7928,41.1715,75.3601,221.8,68.9299,86.9899,214.9982,98.258,476.8174,75.4916,26.63,540.4811,99.428,84.3099,82.429
2024-07-23,20.5999,40.8085,74.9382,222.58,68.9387,87.0544,217.282,98.1854,475.1367,75.5285,26.68,539.6333,99.3724,84.1917,82.3647
2024-07-24,20.5907,40.2163,73.9911,221.8,68.7186,86.861,212.6168,97.5867,458.0935,75.5653,26.43,527.4038,99.0755,83.2817,81.1518
2024-07-25,20.6366,40.0539,73.5223,218.33,68.7274,87.0544,215.2715,97.9768,453.0418,75.5745,25.41,524.6559,99.3167,83.9642,80.8854
2024-07-26,20.4254,40.4646,74.46,220.63,68.9476,87.4687,218.8338,98.521,457.6881,75.6759,25.48,530.5319,99.6321,84.6193,82.3004
2024-07-29,20.3336,40.3309,74.1318,220.32,68.8859,87.6159,216.4036,98.7297,458.6075,75.6851,25.44,530.8438,99.7342,85.0743,82.7231
2024-07-30,20.2693,40.1494,74.3006,222.52,68.9211,87.8001,217.2235,98.8113,452.3102,75.7127,25.83,528.1542,99.8084,85.402,83.3663
2024-07-31,20.7377,41.0283,75.3507,226.55,69.1677,88.4445,218.4824,99.3828,465.6958,75.8693,26.39,536.7393,100.3557,86.2755,83.0722
2024-08-01,20.4897,40.3118,73.3535,225.77,69.0163,88.8222,211.3773,99.7123,454.4159,76.0006,26.03,529.1384,100.4886,87.0196,83.9084
2024-08-02,20.1132,39.7387,72.2002,225.34,68.7862,90.1981,203.9014,100.6864,443.6304,76.4259,26.04,519.2868,100.9717,89.7313,83.8624
2024-08-05,20.0764,38.6115,70.6249,222.48,68.3612,90.2904,197.3428,100.4315,430.403,76.4074,24.86,504.1632,101.2598,90.2061,81.4642
2024-08-06,19.9111,38.8312,70.7468,220.7,68.6179,89.4871,199.4899,99.7761,434.5156,76.315,24.64,508.8113,100.6744,88.1883,83.0722
2024-08-07,20.0948,39.07,71.0844,220.55,68.7508,89.1638,197.1281,99.3209,429.8099,76.2687,24.33,505.4104,100.3678,87.5674,82.5025
2024-08-08,20.2785,39.9584,72.2752,224.01,69.034,88.8961,201.9201,99.3664,442.9582,76.2318,25.01,517.0942,100.2749,87.0287,83.3111
2024-08-09,20.3979,40.1781,72.5565,224.56,69.0252,89.2562,201.5004,99.8762,445.2715,76.2502,25.0,519.3743,100.535,87.887,83.697
2024-08-12,20.6826,40.3118,72.4909,228.41,69.0695,89.5055,199.6851,100.0856,446.2304,76.2965,25.49,519.6473,100.8045,88.2066,83.0814
2024-08-13,20.4897,40.7608,73.738,228.06,69.3882,89.9026,202.9742,100.7866,457.3026,76.4166,25.42,528.1931,101.0182,88.8183,83.8073
2024-08-14,20.3611,40.5411,74.0099,226.2,69.5121,90.0226,201.7151,101.2326,457.4509,76.4074,25.13,529.8595,100.9625,89.3752,84.0278
2024-08-15,20.5264,40.99,74.91,226.91,69.5741,89.4593,206.9464,100.9231,469.0076,76.2225,25.86,538.9414,100.7487,88.6539,83.9635
2024-08-16,20.3979,41.4677,75.3226,231.99,69.7954,89.6348,207.493,101.2236,469.6106,76.3057,26.43,540.1498,100.7116,88.9644,83.9176
2024-08-19,20.2877,41.8689,76.2415,231.61,69.9105,89.7548,210.0305,101.4602,475.7794,76.2872,26.83,545.3143,100.7766,89.3752,84.6159
2024-08-20,20.205,41.5441,76.0071,232.46,69.8485,90.115,207.5808,101.7243,474.7809,76.3982,26.87,544.4276,101.1761,90.0874,84.5148
2024-08-21,20.104,41.7065,76.7104,232.15,70.0078,90.2996,210.2842,101.9518,476.9953,76.4814,26.95,546.2986,101.3991,90.1421,84.965
2024-08-22,20.0856,41.1906,76.2603,229.37,69.9193,89.8841,208.4299,101.5331,469.4326,76.3797,26.39,542.0109,101.0832,89.2474,85.2131
2024-08-23,20.4438,41.8784,77.6574,232.02,70.2911,90.2996,215.086,102.1157,474.5238,76.5553,27.2,547.77,101.6222,89.8317,87.0876
2024-08-26,20.655,41.525,77.3105,232.76,70.1495,90.1888,215.1544,101.9883,469.917,76.5183,27.32,546.4641,101.6314,89.6035,87.0508
2024-08-27,20.554,41.5823,77.6668,233.39,70.1938,90.1519,213.4854,101.9063,471.3209,76.5645,27.36,547.2145,101.6314,89.4483,87.1794
2024-08-28,20.306,41.3244,77.3949,231.75,70.1583,90.1057,212.041,101.6969,465.9725,76.5553,26.69,544.0378,101.6222,89.3387,86.8395
2024-08-29,20.5356,41.3435,77.6855,232.95,70.2292,89.9487,213.5538,101.524,465.2904,76.5461,26.81,544.0865,101.4828,89.0465,86.573
2024-08-30,20.306,41.4295,77.8074,231.29,70.238,89.6348,214.7933,101.2417,470.8364,76.5461,26.35,549.2804,101.1576,88.097,87.4091
2024-09-03,19.9019,40.6079,76.5791,230.29,69.9889,90.2256,208.2249,101.5478,456.5413,76.6277,25.58,537.9767,101.362,89.5378,87.3632
2024-09-04,19.755,40.5984,76.2415,230.43,70.2469,90.7536,207.8736,102.1783,455.3551,76.7947,25.68,536.8757,101.6316,90.692,87.6113
2024-09-05,19.8009,40.6557,76.2603,232.35,70.4871,90.9666,206.839,102.6808,455.7802,76.8225,26.23,535.5698,101.6966,91.2049,87.3264
2024-09-06,19.5346,39.9106,74.8257,230.63,70.3981,91.0963,202.9058,102.6351,443.571,76.9617,25.48,526.5561,101.7617,91.1958,87.2437
2024-09-09,19.5897,40.2449,75.5758,231.6,70.5671,91.2259,203.4719,102.8635,449.2752,76.9709,25.85,532.4515,101.994,91.5896,88.2177
2024-09-10,19.305,40.0921,75.2007,232.62,70.4337,91.6149,203.306,103.1468,453.4273,77.0823,25.94,534.7708,102.2171,92.2308,89.4949
2024-09-11,19.4795,40.3882,75.6508,232.25,70.5405,91.5501,203.9014,103.1925,463.2737,77.0173,26.12,540.257,102.2822,92.1576,89.3203
2024-09-12,19.856,40.7226,76.2697,236.33,70.6383,91.4019,206.5267,103.1194,467.8213,77.0266,27.27,544.8077,102.3008,91.727,89.697
2024-09-13,19.8927,40.9136,76.4478,238.68,70.834,91.5778,211.6213,103.4392,469.917,77.138,28.02,547.653,102.6446,91.9744,90.6343
2024-09-16,20.0397,41.0474,77.0667,238.66,71.0119,91.8186,212.3826,103.896,467.841,77.1843,28.07,548.4618,102.9978,92.8171,90.9375
2024-09-17,20.1774,41.0951,76.6354,237.34,71.0297,91.6519,214.1394,103.9052,468.0881,77.1287,27.96,548.686,102.9606,92.3682,90.3035
2024-09-18,20.0489,40.9518,76.3916,235.51,71.092,91.2537,214.1784,103.4757,466.0615,77.1008,27.24,547.0587,102.5796,91.2233,90.1932
2024-09-19,20.407,41.8211,77.9012,239.17,71.3055,91.1796,218.5898,103.5671,477.8455,77.1658,28.09,556.3939,102.8863,90.921,90.2116
2024-09-20,20.407,41.7351,77.1323,242.21,71.3944,91.1518,216.2475,103.6585,476.936,77.1936,28.41,555.4321,102.7469,90.5729,89.8533
2024-09-23,20.4162,42.0599,77.423,242.68,71.261,91.0963,215.4569,103.5123,478.2002,77.1936,27.98,556.8201,102.7561,90.3806,90.7445
2024-09-24,20.756,43.4928,77.8824,246.07,71.2699,91.1981,215.8181,103.6859,480.5069,77.2678,29.38,558.4133,103.0071,90.3623,90.8732
2024-09-25,20.5815,43.0343,77.4605,245.73,71.1898,90.8277,213.1857,103.0737,480.9524,77.2029,29.06,557.1817,102.6168,89.6111,90.2667
2024-09-26,20.3979,44.6105,79.167,246.98,71.3055,90.7628,214.3217,103.0737,484.5658,77.1287,29.26,559.3907,102.4866,89.8218,89.449
2024-09-27,20.4989,44.5245,78.6888,245.02,71.4834,91.124,215.771,103.4849,481.8731,77.2493,28.86,558.5795,102.7376,90.2889,89.5629
2024-09-30,20.453,43.8081,78.4169,243.06,71.43,90.874,216.3195,103.229,483.1798,77.138,28.41,560.8177,102.6725,89.8584,90.2671
2024-10-01,20.8111,44.1233,77.8356,245.61,71.3942,91.2046,213.3815,103.7251,476.4479,77.1873,28.58,555.7937,103.0093,90.5072,89.6834
2024-10-02,20.9856,44.9926,77.6762,245.66,71.4032,90.9446,213.0878,103.4959,477.1211,77.1687,29.0,556.0284,102.9163,89.7445,89.3684
2024-10-03,21.2887,44.4576,76.9541,245.49,71.2334,90.4801,211.6579,102.8264,476.7647,77.0663,29.23,555.0117,102.479,88.8991,88.553
2024-10-04,21.3438,44.8684,77.4042,245.0,71.1529,89.607,214.6154,102.2671,482.4374,76.8057,29.36,560.0553,101.7811,87.8055,88.1267
2024-10-07,21.6377,45.2409,76.9729,244.17,70.849,89.2819,212.931,101.7444,477.2697,76.7033,28.93,554.9922,101.6695,87.1439,87.3484
2024-10-08,21.1326,44.1233,76.851,242.37,71.0188,89.3562,213.0779,101.9461,484.3975,76.7685,28.01,560.241,101.837,87.2909,87.5245
2024-10-09,20.9489,43.8845,76.8698,241.05,70.9741,89.0218,213.548,101.7444,488.2089,76.694,27.86,564.1216,101.6509,86.7947,87.6171
2024-10-10,21.3622,43.9704,76.776,242.82,70.9384,89.0125,212.3631,101.6343,487.6545,76.7591,28.38,563.1344,101.8556,86.4546,86.8388
2024-10-11,21.3806,44.2857,77.1698,245.47,71.1261,89.0404,216.6818,101.616,488.4168,76.8243,28.8,566.5066,101.8649,86.1054,87.821
2024-10-14,21.0499,44.1042,77.3949,245.07,71.1618,88.8825,218.2781,101.6252,492.5153,76.787,28.54,571.1397,101.7626,86.1698,88.3491
2024-10-15,20.6458,43.168,76.1103,245.92,71.144,89.3376,218.4544,102.1203,485.932,76.8243,28.71,566.7021,101.8742,87.2174,89.4147
2024-10-16,20.5907,43.5024,76.3072,247.15,71.2691,89.477,222.0484,102.4413,485.9914,76.8708,28.91,569.1652,101.8928,87.585,90.3969
2024-10-17,20.6183,43.4355,76.3165,248.63,71.1618,89.0125,221.4412,101.6802,486.328,76.8057,28.89,569.2141,101.5857,86.1973,89.6834
2024-10-18,20.5081,43.8654,76.8323,251.27,71.3317,89.1147,220.981,101.561,489.5157,76.8708,30.64,571.4036,101.7532,86.2617,90.3505
2024-10-21,20.5724,43.5597,75.9227,251.22,71.0456,88.4273,217.5044,100.5247,490.4562,76.7591,30.85,570.4653,101.0182,84.7546,88.5808
2024-10-22,20.9305,43.4642,75.4914,253.93,70.9473,88.3438,216.6818,100.5155,490.9907,76.7498,31.74,570.1622,101.1577,84.8373,88.7105
2024-10-23,20.8111,43.2062,74.7319,250.87,70.7328,88.1394,214.7036,100.1762,483.4669,76.7033,30.71,564.9523,100.9065,84.6076,89.3591
2024-10-24,20.802,43.1394,75.1538,252.8,70.9384,88.3345,215.1737,100.4789,487.3872,76.7405,30.69,566.1742,101.0089,85.1497,89.5537
2024-10-25,20.9489,43.1012,74.9007,253.32,70.8669,88.1394,214.3608,100.2404,490.3572,76.7126,30.63,565.9788,100.739,84.6719,88.7105
2024-10-28,20.3887,43.2922,75.5008,253.33,71.0456,87.9351,217.857,100.1579,490.4364,76.6754,30.73,567.7284,100.5437,84.4422,88.9885
2024-10-29,20.3519,43.1585,75.2289,256.09,71.0635,87.9722,217.1519,100.2771,495.1487,76.7033,31.39,568.647,100.6925,84.5708,88.3491
2024-10-30,20.6091,42.7382,74.7413,257.5,70.9384,87.8422,216.858,100.1487,491.4066,76.6381,30.81,566.9268,100.8879,84.8189,88.7383
2024-10-31,20.7469,42.4611,74.2818,253.51,70.7417,87.7957,213.2542,99.947,479.0021,76.6568,29.81,555.8133,100.7763,84.9568,87.2372
2024-11-01,20.5264,42.4993,74.4318,252.47,70.7462,87.2758,214.449,99.3994,482.5462,76.6315,29.54,558.1591,100.347,83.759,86.2736
2024-11-04,20.8754,42.7382,74.4881,252.83,70.9438,87.7417,215.536,100.1357,481.1405,76.6876,29.63,556.9569,100.5146,85.0591,87.2187
2024-11-05,21.004,43.3209,75.2289,253.4,71.1415,87.7883,219.5904,100.6142,487.2784,76.6689,29.75,563.6916,100.6077,85.5109,88.3769
2024-11-06,20.7744,42.7859,74.1412,245.7,71.2673,86.8845,232.3116,99.5651,500.5144,76.5755,28.43,577.708,100.4494,83.1689,86.496
2024-11-07,20.9856,43.7316,75.2664,249.65,71.5727,87.5833,231.4889,100.743,508.3947,76.7063,29.11,582.1749,100.8219,84.2108,87.5337
2024-11-08,20.6642,42.6522,74.2256,247.96,71.6895,87.7696,233.1929,101.0927,508.9887,76.6502,28.48,584.6967,101.1012,85.2804,88.8402
2024-11-11,20.3336,42.3274,74.2443,242.14,71.6087,87.5274,236.6988,100.8995,508.6917,76.5942,27.97,585.254,100.766,84.8655,88.3954
2024-11-12,20.2234,41.525,72.8659,240.05,71.3212,86.9776,232.5466,99.9884,507.7709,76.5195,28.07,583.4358,100.2352,83.5931,87.1724
2024-11-13,20.1591,41.2575,72.4346,237.63,71.3391,86.9218,230.2452,99.6111,507.1176,76.6315,27.61,583.7194,100.049,82.8001,87.6542
2024-11-14,20.1407,41.0283,72.5846,237.01,71.1864,86.9124,227.1408,99.5835,503.5932,76.5195,27.81,579.9659,100.0304,83.2795,86.8666
2024-11-15,20.0397,41.0283,72.3221,236.59,71.1774,86.9497,223.7524,99.6295,491.5947,76.6035,27.57,572.5374,100.0583,83.0583,86.9129
2024-11-18,20.4989,41.4963,72.7159,241.09,71.3122,87.1454,224.1931,99.8135,495.0101,76.6596,28.38,574.8833,100.3004,83.2058,87.543
2024-11-19,20.5632,41.4677,72.6221,243.25,71.42,87.3317,225.8579,100.0252,498.4156,76.6596,28.5,576.9847,100.4587,83.6299,87.9692
2024-11-20,20.554,41.4199,72.4252,244.62,71.402,87.2013,226.1517,99.7859,498.1285,76.6222,28.1,577.1802,100.4122,83.3626,87.858
2024-11-21,20.7009,41.3339,72.444,246.66,71.429,87.1547,229.5891,99.6663,499.9204,76.6035,28.04,580.2786,100.2818,83.298,88.5066
2024-11-22,20.7193,41.3435,72.7253,249.84,71.411,87.2106,233.8295,99.7583,500.7223,76.5942,28.47,582.0772,100.3563,83.3441,89.1738
2024-11-25,20.4254,41.3722,73.1003,242.48,71.6805,88.1517,237.3844,101.0007,501.5143,76.7436,27.63,584.0516,100.9057,85.5017,90.4154
2024-11-26,20.4254,41.2002,72.6784,242.95,71.5457,87.9653,235.6412,100.743,504.207,76.7436,27.8,587.1013,100.6729,85.1698,90.7767
2024-11-27,20.3152,41.2575,73.0722,243.49,71.7614,88.3194,235.9644,101.1112,500.2372,76.7903,27.45,585.3224,100.9895,85.7599,91.3605
2024-11-29,20.3336,41.3244,74.0474,245.59,71.9051,88.692,236.8653,101.7369,504.6327,76.8837,27.92,588.9583,101.2782,86.645,90.9528
2024-12-02,20.1866,41.4868,74.2537,243.44,71.8789,88.6846,236.7478,101.8967,510.1271,76.879,27.79,590.0141,101.2222,86.8532,89.6278
2024-12-03,20.4162,41.5727,74.6756,243.93,71.8789,88.4322,235.0634,101.5365,511.6912,76.8884,28.28,590.2877,101.2688,86.1038,89.1738
2024-12-04,20.306,41.6778,74.7319,244.67,72.0504,88.7687,235.9056,102.026,518.0172,76.9727,28.53,593.9531,101.558,87.029,88.9329
2024-12-05,20.2785,41.9548,75.0976,242.86,71.9872,88.7594,233.1538,101.9983,516.5817,76.9727,28.56,592.9756,101.4368,87.2048,88.7197
2024-12-06,20.1223,41.888,75.0882,242.95,72.1045,89.0398,233.9862,102.2291,521.205,77.0477,28.25,594.0997,101.5207,87.3344,88.59
2024-12-09,20.3152,42.7477,75.0413,245.36,72.0143,88.7313,232.811,101.9706,517.1459,77.0196,28.98,591.0405,101.3341,86.5294,88.8402
2024-12-10,20.3611,42.0599,74.3662,248.59,72.0504,88.5724,231.8023,101.8136,515.3839,77.0102,28.99,589.2028,101.2968,86.1223,87.5523
2024-12-11,20.6183,42.2319,74.835,250.96,72.0684,88.3107,232.8502,101.5365,524.6104,76.9914,29.04,593.7578,101.1476,85.308,87.3484
2024-12-12,20.5356,42.0217,74.1787,247.28,71.8699,87.9743,229.8241,100.964,521.2248,76.954,28.2,590.6982,100.8211,84.2718,87.2094
2024-12-13,20.5264,42.0599,73.9724,244.29,71.6623,87.5631,228.2475,100.4007,525.2144,76.9165,27.75,590.5809,100.5412,83.4113,86.9592
2024-12-16,20.4162,41.8307,73.7286,244.88,71.7977,87.5911,229.5891,100.53,532.7778,76.9258,27.8,593.1028,100.4293,83.6611,86.6535
2024-12-17,20.2785,41.7306,73.6117,243.94,71.6443,87.5911,226.9607,100.5392,530.4316,76.9352,27.81,590.6591,100.3733,83.8647,86.2365
2024-12-18,20.0948,40.7592,71.8058,239.26,70.9086,86.9141,216.9126,99.2927,511.2953,76.7942,26.85,573.0554,99.7381,82.816,82.6785
2024-12-19,20.0948,40.8952,71.5777,239.6,70.8361,86.5202,215.95,98.7552,509.0182,76.8788,26.52,572.8795,99.3363,81.562,81.3998
2024-12-20,20.2234,41.0604,71.3781,242.1,71.2805,86.8391,217.9734,99.1444,513.4634,76.8882,26.92,579.7603,99.5325,82.0265,82.7711
2024-12-23,20.2388,41.2935,71.8439,240.96,71.09,86.4546,217.4725,98.8571,518.4658,76.8412,26.99,583.2321,99.4017,81.2741,83.0948
2024-12-24,20.3549,41.4198,72.1005,241.44,71.3168,86.5015,219.4173,99.1629,525.496,76.8788,27.02,589.7147,99.6259,81.6178,83.6468
2024-12-26,20.2969,41.2741,72.4426,243.07,71.4983,86.5671,221.6665,99.2556,525.1391,76.8976,27.14,589.754,99.6259,81.5713,83.8713
2024-12-27,20.3936,41.0895,72.3381,241.4,71.2533,86.3421,218.435,98.8386,518.1584,76.9164,26.76,583.546,99.3737,80.9026,83.0293
2024-12-30,20.5774,40.7592,71.8629,240.63,71.3531,86.8485,216.7554,99.2649,511.267,77.0292,26.43,576.8867,99.6633,81.5528,82.6177
2024-12-31,20.6839,40.6232,71.8629,242.13,71.344,86.6891,217.0305,99.0147,506.9239,77.0763,26.33,574.788,99.5419,81.1162,83.3381
2025-01-02,20.887,40.565,71.6158,245.42,71.5164,86.7359,217.2073,99.0239,505.9323,77.0574,26.93,573.3757,99.6914,81.3391,82.599
2025-01-03,20.7806,40.9438,71.9294,243.49,71.6252,86.5953,220.4387,98.7923,514.2119,77.0574,26.98,580.5449,99.4858,81.0791,83.6842
2025-01-06,20.8193,41.0895,72.6137,243.19,71.7522,86.5109,220.5272,98.542,520.1218,77.0763,27.24,583.8891,99.4858,80.7168,82.6083
2025-01-07,20.916,40.7981,72.5567,244.56,71.5164,86.1171,218.7592,98.0879,510.8406,77.0292,27.33,577.2888,99.327,79.8065,81.8225
2025-01-08,20.8774,40.6038,72.4426,245.86,71.6071,86.2671,217.7671,98.2455,510.9299,77.0763,27.4,578.1323,99.5886,79.9087,82.0377
2025-01-10,21.4385,39.9141,71.3401,248.21,71.2352,85.6388,212.9739,97.6802,502.9179,76.9352,27.61,569.3057,99.2336,79.3792,80.0356
2025-01-13,21.5933,39.6421,71.1405,245.74,71.217,85.4888,213.3864,97.4021,501.3016,76.954,26.96,570.1883,99.2336,79.3514,81.0179
2025-01-14,21.5836,40.089,71.3972,247.03,71.3078,85.5169,215.8125,97.5133,500.8257,76.9728,27.2,570.9728,99.2709,79.2214,81.757
2025-01-15,21.9319,40.6135,72.3096,248.88,71.9337,86.4171,220.0557,98.681,512.3478,77.1421,27.96,581.3589,99.9623,80.5868,82.2248
2025-01-16,21.8351,40.565,72.6803,250.6,72.0153,86.6234,220.4977,98.8757,508.7583,77.1891,28.04,580.2409,100.0931,80.8468,83.9275
2025-01-17,21.7384,40.8855,72.9749,249.27,72.0788,86.6891,221.4505,98.9591,517.3454,77.1703,27.61,586.0665,100.1304,80.9862,83.8713
2025-01-21,21.632,41.3226,74.4481,253.13,72.2693,86.9797,225.7034,99.5337,520.3796,77.1985,28.04,591.431,100.2052,81.7107,85.443
2025-01-22,21.6126,41.3518,74.277,254.43,72.1695,86.7547,224.2301,99.2186,527.0331,77.1797,28.05,594.7557,100.0931,81.2834,83.9555
2025-01-23,21.5352,41.4489,74.8853,254.07,72.2602,86.5296,225.2516,99.0795,528.1536,77.1797,27.77,598.002,100.1865,80.6518,84.573
2025-01-24,21.5449,41.7209,75.3035,255.65,72.3419,86.7078,224.623,99.2742,525.1689,77.2267,27.91,596.2562,100.364,81.014,84.863
2025-01-27,21.216,40.9632,75.3035,252.99,72.3963,87.2704,222.4719,99.96,509.8788,77.3395,27.46,587.8218,100.7844,81.9707,85.995
2025-01-28,21.2353,41.2644,75.2084,255.18,72.3691,87.2798,222.7175,99.8209,517.4147,77.3583,27.63,592.8726,100.8498,81.915,84.9566
2025-01-29,21.274,41.2741,75.1989,254.2,72.3237,87.1766,222.2068,99.6912,516.4431,77.3113,28.0,590.2149,100.7283,81.7478,83.8339
2025-01-30,21.2934,41.9735,76.0258,258.05,72.4598,87.3642,224.4659,99.9136,518.6443,77.3583,28.72,593.3825,100.8311,82.0543,84.9004
2025-01-31,21.2547,41.4975,75.313,258.56,72.3146,87.2235,222.4523,99.5893,517.8907,77.3677,28.51,590.2247,100.9058,81.5156,84.7133
2025-02-03,21.4191,41.1964,74.4291,259.94,72.2235,87.2856,219.8494,99.7464,513.7459,77.3139,28.67,586.2527,101.1394,82.1793,84.5356
2025-02-04,21.4772,41.9346,75.294,262.5,72.4513,87.502,222.8943,99.9418,520.0524,77.3894,29.22,590.1855,101.3076,82.431,84.601
2025-02-05,21.3417,41.8278,76.0258,264.13,72.6427,88.0099,225.3204,100.6393,522.4123,77.4366,29.35,592.5784,101.756,83.7919,85.7892
2025-02-06,21.3514,42.0026,76.387,263.43,72.5333,87.9065,224.5837,100.4533,525.1391,77.4083,29.38,594.638,101.5785,83.7547,86.0043
2025-02-07,21.3611,41.9637,75.6646,263.9,72.3055,87.6149,221.9808,100.0162,518.5154,77.3234,29.03,589.1949,101.3076,83.214,85.7237
2025-02-10,21.6707,42.4689,76.1779,268.37,72.4513,87.596,222.9827,100.0441,524.7921,77.3611,29.2,593.1963,101.3543,82.9623,85.6863
2025-02-11,21.8351,42.3037,76.539,267.39,72.424,87.3703,221.6862,99.8208,523.5427,77.3422,29.0,593.6474,101.3262,82.431,86.0605
2025-02-12,21.5933,42.5369,76.8242,267.67,72.2691,86.7682,219.6432,99.2814,523.8501,77.2385,29.34,591.735,100.719,81.3124,85.2653
2025-02-13,21.6997,42.8089,77.7556,270.31,72.5971,87.4173,222.1183,100.0534,531.386,77.3422,29.46,597.9823,101.2795,82.664,86.1166
2025-02-14,21.7094,43.1391,77.8697,266.29,72.6791,87.7842,221.9514,100.4441,533.6172,77.446,29.31,597.9529,101.4664,83.1021,85.7237
2025-02-18,22.0286,43.4111,78.4304,270.7,72.6154,87.3138,223.1693,100.0348,534.8269,77.38,29.91,599.7083,101.1394,82.1234,86.1073
2025-02-19,22.2027,43.3431,77.6225,270.85,72.67,87.4549,222.4032,100.0906,534.9756,77.4366,29.81,601.1206,101.3449,82.2259,86.1728
2025-02-20,22.2318,43.7414,77.9837,270.99,72.7156,87.6337,220.2718,100.3324,532.7049,77.446,29.95,598.6198,101.5505,82.5335,86.5844
2025-02-21,21.9222,43.6151,77.499,270.74,72.5789,88.151,213.9267,100.6859,521.6488,77.5781,29.59,588.381,101.756,83.531,85.733
2025-02-24,21.8448,42.9448,77.4515,272.21,72.67,88.3392,212.3846,100.9463,515.4911,77.6347,29.44,585.7036,101.9802,83.7733,86.0698
2025-02-25,21.6029,42.974,78.1548,268.62,72.8523,89.0353,211.5792,101.7183,508.9962,77.7384,28.83,582.7907,102.41,85.2182,87.127
2025-02-26,21.4191,43.4014,78.2593,269.03,72.9525,89.2799,211.8444,101.9322,510.2258,77.7667,28.94,583.085,102.494,85.7215,86.7621
2025-02-27,21.4481,42.5563,77.3754,264.93,72.8158,89.1764,208.6129,101.5044,496.0562,77.795,28.4,573.7778,102.3726,85.1156,87.1083
2025-02-28,21.2837,41.9735,77.537,263.27,73.0163,89.6655,210.8327,101.9508,503.8896,77.9365,28.31,582.7319,103.0826,86.1596,87.8474
2025-03-03,21.1482,41.6043,78.3924,266.74,72.8643,89.991,205.0671,102.273,492.8633,77.9867,28.75,572.5225,103.3629,86.5617,88.259
2025-03-04,21.216,41.954,78.3734,269.06,72.8552,89.708,202.7491,101.9368,491.3759,77.9961,29.0,565.7455,102.9985,85.4957,87.2393
2025-03-05,21.1579,43.2071,80.2458,269.62,72.8918,89.208,204.7626,101.6101,497.7816,77.911,29.77,571.8262,102.4753,84.8131,88.2122
2025-03-06,21.0515,42.9351,79.4189,268.25,72.6171,89.1608,201.6293,101.2926,484.0879,77.9583,29.69,561.6757,102.4286,84.5326,85.9482
2025-03-07,21.2353,43.1488,80.2458,268.39,72.7361,89.0476,202.2874,101.1339,487.6477,77.9488,29.59,564.8237,102.2605,84.2614,86.4628
2025-03-10,21.0999,42.1192,78.3544,266.04,72.4615,89.6702,197.1995,101.4794,468.7481,78.0908,29.11,549.7792,102.7182,85.1404,85.6301
2025-03-11,21.216,42.4689,78.0883,269.16,72.2052,89.3495,197.1799,100.8165,467.6277,78.0434,29.96,545.209,102.438,84.5326,84.6291
2025-03-12,21.216,42.702,78.649,270.33,72.2875,89.0853,197.5237,100.5177,472.9029,77.9867,30.22,548.1022,102.3165,84.0276,84.3672
2025-03-13,21.1386,42.5271,78.1263,275.13,71.8847,89.4438,194.577,100.8351,464.3951,78.0434,30.74,540.7958,102.466,84.7663,82.7019
2025-03-14,21.2547,43.3043,79.5614,275.24,72.2143,89.1325,199.2818,100.7884,475.6198,77.9867,30.71,551.9662,102.2231,84.3175,84.3578
2025-03-17,21.3998,44.0425,80.4549,276.73,72.3883,89.208,201.7963,100.9938,478.7036,77.9583,30.81,556.2228,102.2511,84.7383,85.7985
2025-03-18,21.3514,43.8191,80.4454,279.96,72.2601,89.3118,200.0441,101.2366,470.5429,77.9583,30.85,550.2108,102.3632,84.8225,85.3495
2025-03-19,21.4868,43.9259,80.683,281.11,72.7361,89.5853,203.1548,101.8341,476.8395,78.0718,30.75,556.203,102.8864,85.2619,85.4524
2025-03-20,21.5255,43.518,80.0081,280.75,72.6354,89.7174,201.8652,101.6848,475.2232,78.0908,30.5,554.5947,102.9798,85.318,85.3963
2025-03-21,21.3998,43.3043,79.5139,278.49,72.5256,89.6419,200.615,101.5447,476.7899,78.1381,30.02,554.7776,102.8584,84.8131,84.4514
2025-03-24,21.4772,43.4985,79.5044,277.25,72.7361,89.1231,205.606,101.1059,487.2527,78.034,29.96,564.7128,102.5968,83.9435,85.7518
2025-03-25,21.5062,43.3723,79.9416,278.47,72.6995,89.274,204.4641,101.2086,490.0332,78.0624,30.58,566.0704,102.765,83.9341,84.7896
2025-03-26,21.4772,43.11,78.9056,278.24,72.4066,89.0665,202.3869,100.7978,481.0163,78.0434,30.53,559.3125,102.6342,83.3824,85.1204
2025-03-27,21.5352,43.3237,79.0767,281.97,72.2693,88.991,201.4222,100.6764,478.2755,78.0813,31.32,557.8271,102.849,83.1393,84.903
2025-03-28,21.4675,42.5174,78.3734,284.06,72.1411,89.708,197.327,101.2833,465.6835,78.2232,31.0,546.5934,103.3722,84.2895,84.7896
2025-03-31,21.7674,42.4494,77.6796,288.14,72.2235,89.9722,196.382,101.4794,465.6637,78.28,30.99,550.2625,103.7833,85.1217,85.5741
2025-04-01,21.7771,42.5854,77.7936,287.57,72.3909,90.2882,196.4017,101.8421,469.4174,78.3085,30.63,551.8167,103.8481,85.8593,85.6119
2025-04-02,21.9125,42.6437,77.9742,288.16,72.5381,90.2031,199.5026,102.0764,472.8435,78.2515,30.76,555.3088,103.6883,85.803,86.1317
2025-04-03,21.0321,41.7403,76.3394,286.42,71.6365,91.1305,186.6953,102.067,447.5304,78.5459,28.89,527.9429,104.3371,86.1972,83.1923
2025-04-04,20.2679,39.4187,71.3021,279.72,70.6154,91.3861,178.3671,101.9545,419.7349,78.4984,27.08,497.0355,103.9892,87.1356,79.5818
2025-04-07,19.9486,37.9519,69.5818,273.71,70.0082,90.2977,176.7527,99.9676,420.7478,78.5079,27.14,496.1501,102.7387,84.5079,77.493
2025-04-08,19.5036,37.4177,69.3442,275.2,69.6862,89.8434,172.0963,98.7023,413.1707,78.4604,27.14,488.379,102.4848,82.9125,75.4137
2025-04-09,20.2098,40.0113,74.6952,285.38,71.5537,89.5595,186.7248,100.3518,462.7639,78.4129,28.06,539.6683,102.7011,83.4006,79.9126
2025-04-10,19.9583,39.3216,73.222,292.35,70.3854,89.0011,178.879,98.646,443.0816,78.4034,28.28,516.0206,101.4788,81.1013,78.0885
2025-04-11,20.2485,40.5552,75.0564,297.93,70.597,88.4995,181.4877,98.6273,451.2445,78.261,29.19,525.2278,101.5164,81.5424,79.0431
2025-04-14,20.2582,40.9244,75.8642,296.23,70.9466,89.2093,183.6239,99.2365,454.3031,78.4319,29.38,530.3232,102.0053,82.1243,80.6782
2025-04-15,20.2098,40.8855,76.5485,297.78,71.1398,89.4743,183.8503,99.7707,454.8095,78.4319,29.41,528.8379,101.9959,82.4152,80.9239
2025-04-16,20.4614,40.4095,76.2539,307.47,71.1306,89.8623,182.0882,100.1925,441.0955,78.5363,29.76,517.0828,102.2779,82.875,80.8672
2025-04-17,20.6742,40.7204,77.0808,306.12,71.5445,89.6068,183.5747,100.0519,441.016,78.5648,29.55,517.8207,102.513,82.143,82.077
2025-04-21,20.5,40.7107,76.6626,315.59,71.1214,89.1241,179.8929,98.974,430.1023,78.5174,29.79,505.4951,101.9865,80.7072,80.3663
2025-04-22,20.5968,41.3226,78.2498,311.11,71.3973,89.1904,184.5493,99.2178,441.3934,78.5459,29.5,518.647,102.3626,81.1576,81.9258
2025-04-23,20.442,41.7986,78.5635,303.65,71.7561,89.285,187.2859,99.6583,451.4034,78.4889,30.56,526.6837,102.6634,81.946,82.077
2025-04-24,20.6258,42.2843,79.609,308.07,72.4001,89.7677,191.0366,100.6799,464.1046,78.5838,30.56,537.7698,103.2088,82.8093,82.3795
2025-04-25,20.6548,42.2066,79.9511,304.73,72.4645,90.1084,191.0957,101.2141,469.2784,78.6503,30.05,541.6553,103.2558,83.4193,82.2377
2025-04-28,20.5387,42.2843,80.4834,309.07,72.5013,90.4681,191.9029,101.4484,469.1295,78.7642,30.19,541.8619,103.6131,83.9449,82.7481
2025-04-29,20.2775,42.4009,80.6449,306.06,72.6945,90.7804,193.035,101.6827,472.2278,78.8117,29.83,545.2753,103.7917,84.6487,83.1923
2025-04-30,19.9002,42.5077,80.5499,303.77,72.3081,90.9223,191.8241,101.2047,472.1682,78.9161,29.6,545.4916,103.914,83.9636,83.4853
2025-05-01,19.997,42.498,80.2933,297.46,72.4015,90.5264,193.0153,100.849,478.335,78.7533,29.39,549.3575,103.5597,83.5379,83.7594
2025-05-02,20.0841,43.7122,81.833,297.98,72.6234,89.9187,197.3566,100.6044,485.4354,78.6009,29.12,557.5123,103.0211,82.6336,84.7896
2025-05-05,19.968,44.0425,81.9756,306.88,72.5957,89.7573,195.8406,100.4632,482.5555,78.5913,29.48,554.3153,102.9172,82.1721,84.6006
2025-05-06,20.2679,43.8677,81.871,315.48,72.5402,89.9852,193.7044,100.6608,478.067,78.658,30.22,549.6821,103.229,82.4453,83.9484
2025-05-07,20.0163,43.3625,81.5954,310.75,72.6049,90.2225,194.3443,100.8679,479.9438,78.6866,29.49,551.9938,103.3329,82.7938,84.0429
2025-05-08,20.2775,43.3334,81.3103,304.63,72.5864,89.5199,198.0457,100.3597,484.8991,78.5247,29.46,555.84,102.9644,81.8707,83.7121
2025-05-09,20.4323,43.6248,81.7094,306.84,72.6327,89.5864,197.6814,100.3221,484.5814,78.5628,29.8,555.1318,103.0589,81.9931,84.2698
2025-05-12,20.5678,44.5671,82.1276,298.19,73.3539,89.0167,204.6314,100.3032,504.3233,78.4199,29.63,573.4774,102.2558,81.2302,84.6856
2025-05-13,20.887,44.6448,82.2322,299.46,73.4834,88.9502,205.3796,100.3879,512.0096,78.4009,29.93,577.2646,102.5015,80.9006,83.6082
2025-05-14,20.7806,44.9847,81.833,293.16,73.2152,88.6179,203.5584,99.8798,515.0781,78.3437,29.25,578.0024,102.3975,80.3636,82.7859
2025-05-15,20.5774,44.9653,82.7264,297.84,73.3539,89.1971,204.8874,100.595,515.6441,78.4961,29.61,580.8256,102.6904,81.0701,84.2981
2025-05-16,20.5,44.9362,82.9165,294.24,73.4371,89.2256,206.5806,100.7831,517.8885,78.4771,29.3,584.5046,102.8699,81.2867,85.3472
2025-05-19,20.471,45.0333,83.7054,298.03,73.4001,89.1781,205.7143,100.7926,518.3851,78.5056,29.42,585.1439,102.8794,81.0512,85.3661
2025-05-20,20.7322,44.9847,84.1046,303.58,73.3632,89.0642,205.8226,100.5479,516.657,78.5152,30.13,583.1766,102.7282,80.4673,84.8652
2025-05-21,20.7032,44.8682,83.6103,305.82,72.8731,88.447,200.0441,99.4281,509.4773,78.4675,30.51,573.3495,102.1708,79.0921,82.6063
2025-05-22,20.5968,44.7225,83.5628,303.11,73.021,88.7793,200.0342,99.9362,510.4306,78.5152,30.03,573.5759,102.4731,79.5065,82.2282
2025-05-23,20.7129,44.907,83.6769,309.75,73.0025,89.0357,199.4042,100.0115,505.7036,78.5628,30.45,569.6608,102.5676,79.6384,82.3133
2025-05-27,20.5291,44.8002,84.8934,304.5,73.4464,89.406,204.4641,100.9149,517.6004,78.5913,30.23,581.5043,102.8605,80.7498,83.7499
2025-05-28,20.4614,44.5962,83.9145,303.81,73.4001,89.1591,202.3082,100.6702,515.3065,78.5342,29.98,578.1401,102.6243,80.4013,83.6649
2025-05-29,20.3549,44.7613,84.2851,305.61,73.5111,89.5294,202.9087,101.1219,516.3194,78.6199,30.3,580.4223,102.9172,81.1454,84.421
2025-05-30,20.2001,44.2174,84.4087,303.6,73.5758,89.7953,201.8751,101.4136,515.5051,78.7152,30.0,579.773,103.2573,81.2679,84.421
2025-06-02,20.6258,44.5379,85.3116,311.67,73.5628,89.4904,202.5051,101.1265,519.5767,78.6502,31.59,583.0389,102.9097,80.5116,84.5344
2025-06-03,20.7613,44.6448,84.6653,308.91,73.7022,89.4047,205.7734,101.1737,523.6382,78.6311,31.44,586.3637,102.815,80.3697,84.3643
2025-06-04,20.6839,45.1985,85.0455,310.9,73.8415,90.062,205.1926,101.9104,525.0981,78.7744,31.34,586.2064,103.2128,81.6744,84.6006
2025-06-05,20.7806,45.4316,84.9885,309.33,73.6836,89.7953,205.2811,101.5988,521.1456,78.6884,32.45,583.3733,102.9097,81.7311,84.5344
2025-06-06,20.9451,45.5773,85.2926,305.18,73.6743,89.0808,208.5986,100.9848,526.24,78.5546,32.69,589.364,102.3603,80.6912,84.9408
2025-06-09,20.9644,45.9658,85.2831,306.62,73.7115,89.2428,210.0359,101.2871,527.0146,78.612,33.39,589.8951,102.5024,80.7763,85.0542
2025-06-10,20.916,46.2281,85.3972,306.71,73.888,89.3951,211.168,101.5326,530.5002,78.612,33.23,593.2396,102.5498,81.1922,85.782
2025-06-11,21.2547,46.4224,85.2546,308.37,73.8694,89.7667,210.3017,101.8538,528.7127,78.7362,32.95,591.5477,102.7203,81.4381,85.3189
2025-06-12,21.2547,46.5001,85.9104,312.2,73.953,90.1573,209.465,102.4205,529.954,78.8031,33.06,593.8987,103.0139,82.4118,85.7347
2025-06-13,21.9125,45.7619,84.8079,316.29,73.73,89.8238,205.6356,101.8065,523.3006,78.7457,32.97,587.2589,102.8623,81.6177,84.903
2025-06-16,21.8641,46.3229,85.126,311.78,73.8787,89.5666,208.06,101.6271,530.5798,78.7362,33.03,592.8461,102.7203,80.7952,84.9692
2025-06-17,22.3285,45.7148,84.0817,311.94,73.7951,90.0049,205.8685,101.9766,525.4059,78.7744,33.74,587.7803,103.2602,81.7784,84.6667
2025-06-18,22.3866,45.705,84.2268,310.26,73.9066,90.062,206.9544,102.0521,525.3166,78.8126,33.27,587.6917,103.3359,81.9202,84.9597
2025-06-20,22.5027,45.4402,83.4726,310.13,74.1388,90.1192,206.52,102.1371,523.1715,78.87,32.72,586.3115,103.5159,81.769,84.903
2025-06-23,21.6707,45.8129,84.1011,311.08,74.2782,90.4335,209.0471,102.3921,528.551,78.9751,32.96,592.1027,103.6011,82.0337,86.179
2025-06-24,21.1482,46.9996,85.126,306.19,74.4826,90.7479,211.7124,102.8738,536.6336,79.042,32.61,598.6439,103.7337,82.6293,86.4058
2025-06-25,21.1192,47.0388,84.6619,307.12,74.464,90.786,209.2445,102.751,538.0055,79.0515,33.01,598.9793,103.7906,82.7333,84.3265
2025-06-26,21.1966,47.3527,85.6094,306.78,74.6777,91.1099,212.6403,103.1288,543.0361,79.1471,33.34,603.6656,104.0937,83.1492,84.2482
2025-06-27,21.0902,47.1664,86.383,301.22,74.6405,90.8717,212.7094,102.9588,544.8951,79.1184,32.62,606.6648,103.9611,82.6198,84.4582
2025-06-30,21.0999,47.3135,86.4313,304.83,74.9285,91.2337,213.0154,103.5255,548.4244,79.1757,32.81,609.5654,104.2263,83.4329,85.0022
2025-07-01,21.216,47.4017,86.2863,307.55,74.8342,91.0646,215.2069,103.6506,543.8015,79.0933,32.73,609.3682,104.1692,83.6398,85.6226
2025-07-02,21.5642,47.6077,86.5377,309.25,74.9743,90.8735,218.188,103.6317,547.5893,79.0837,33.24,612.1306,104.1217,83.1084,85.823
2025-07-03,21.5546,47.8235,86.557,307.14,75.0209,90.5581,220.2117,103.3852,552.9777,78.9974,33.51,616.955,103.9411,82.5295,85.9185
2025-07-07,21.5352,47.1467,85.6191,307.37,74.7689,90.2714,216.9047,102.769,548.8122,78.9783,33.43,612.3574,103.8081,81.7419,85.1836
2025-07-08,21.6029,47.441,86.2476,304.16,74.6662,90.1376,218.4052,102.4752,549.1204,78.9879,33.29,612.022,103.7225,81.6375,85.0595
2025-07-09,21.5642,47.3625,86.8954,305.52,74.8716,90.6059,220.7743,103.0629,553.0076,79.055,33.0,615.6921,104.1122,82.4915,85.1263
2025-07-10,21.4965,47.49,86.8374,306.2,74.7969,90.5581,221.9096,103.0819,552.2122,79.055,33.75,617.4285,104.0837,82.5485,85.6608
2025-07-11,21.7771,47.3331,86.0059,309.14,74.7036,90.1376,218.8494,102.4562,550.9695,79.0358,35.03,615.2579,103.9126,81.4097,85.6703
2025-07-14,21.5933,47.4017,86.0059,308.01,74.7596,90.0994,220.3203,102.4278,552.9678,79.0454,34.63,616.4321,103.9791,81.2389,86.2239
2025-07-15,21.5546,47.745,85.1067,306.73,74.5355,89.7458,216.0065,102.0581,553.4748,78.9687,34.26,613.7979,103.7035,80.6696,84.9545
2025-07-16,21.5836,47.9706,85.4547,308.26,74.7316,89.9943,218.1782,102.2192,554.0414,79.0741,34.41,615.85,104.0552,80.7834,85.7562
2025-07-17,21.7577,48.2452,85.6771,307.59,74.8062,89.9656,221.0409,102.4657,558.5252,79.0454,34.65,619.6187,104.1502,80.7645,85.6608
2025-07-18,21.7964,48.1373,85.4354,308.39,74.9089,90.2141,219.4713,102.6553,557.9883,79.1125,34.61,619.165,104.2643,80.8878,85.8421
2025-07-21,21.748,48.4512,85.8898,313.13,75.0116,90.5294,218.5829,103.0534,560.8814,79.1604,35.35,620.339,104.5304,81.609,86.1953
2025-07-22,21.7094,48.4806,86.3636,316.1,75.1423,90.7875,220.3992,103.2999,557.9785,79.2179,35.72,620.4278,104.6255,82.1025,87.6747
2025-07-23,21.6513,48.971,88.5101,312.18,75.1796,90.4625,223.7654,103.1387,560.5235,79.1508,35.69,625.706,104.2168,81.647,87.8464
2025-07-24,21.6707,48.7062,87.8527,310.27,75.0863,90.3287,220.6756,102.9871,561.7165,79.0837,35.49,625.9133,104.2928,81.5046,87.541
2025-07-25,21.4481,48.5591,87.7463,307.4,75.133,90.539,221.495,103.3188,563.0686,79.1316,34.66,628.5573,104.3878,82.0171,87.5506
2025-07-28,21.6707,48.2354,86.3346,305.41,75.0956,90.3383,221.2383,103.1103,564.8282,79.1221,34.64,628.3994,104.2548,81.4856,86.1475
2025-07-29,21.9512,48.255,86.1606,306.25,75.1423,90.9308,219.8267,103.7928,563.9534,79.1892,34.66,626.7419,104.8155,82.8616,87.5315
2025-07-30,21.9028,47.902,85.5418,300.96,74.9836,90.6154,218.7112,103.4042,564.709,79.1029,33.51,625.9527,104.4069,82.4346,86.2907
2025-07-31,21.719,47.6273,84.6232,302.96,75.0303,90.6919,216.5691,103.4326,561.7165,79.1029,33.32,623.6046,104.2358,82.482,85.0786
2025-08-01,21.3707,47.2742,84.4008,309.11,75.034,91.736,212.1566,104.3502,550.6514,79.4972,33.59,613.3835,104.9637,83.6546,84.8686
2025-08-04,21.2934,47.7646,85.5224,310.91,75.2873,91.8606,216.9047,104.531,560.8118,79.5164,33.98,622.7067,105.2685,83.8833,85.7371
2025-08-05,21.1095,47.902,85.5128,311.16,75.2498,91.7935,218.0104,104.6072,557.0042,79.4876,34.35,619.5497,105.1733,84.1405,86.1284
2025-08-06,21.0612,48.1275,86.0736,310.5,75.3249,91.7264,217.7241,104.5786,564.0131,79.5164,34.35,624.2953,105.0875,83.6546,85.4604
2025-08-07,21.1289,48.5297,86.8471,313.12,75.2498,91.6593,217.0133,104.4739,565.9219,79.4779,34.76,623.7723,105.2018,83.5118,85.7085
2025-08-08,21.1289,48.4904,87.3789,313.05,75.2592,91.4484,217.4872,104.1408,571.2009,79.4587,34.88,628.6362,105.1352,83.1498,85.0022
2025-08-11,21.1579,48.3531,87.0114,308.55,75.2592,91.4771,217.4378,104.3026,569.5108,79.4587,34.18,627.393,105.1352,83.245,84.4391
2025-08-12,21.0708,48.9416,88.075,308.27,75.4281,91.458,223.8937,104.3978,576.6688,79.5164,34.41,634.0723,104.9541,82.8259,84.9163
2025-08-13,21.0418,49.5301,88.6068,309.21,75.6251,91.7839,228.247,104.9498,576.9572,79.6222,35.0,636.2428,105.3543,83.5118,85.7085
2025-08-14,21.1289,48.922,88.6165,307.25,75.4281,91.4867,225.3053,104.5881,576.5098,79.5357,34.5,636.3021,105.0399,82.8926,85.0977
2025-08-15,21.0612,48.9808,89.1386,307.43,75.4844,91.3046,224.2096,104.4549,573.9745,79.5068,34.5,634.8123,104.8398,82.302,85.5844
2025-08-18,21.0805,49.2652,89.0419,306.95,75.4281,91.2183,225.0289,104.2645,573.746,79.5068,34.55,634.6741,104.7255,82.0639,84.8591
2025-08-19,20.916,48.8631,89.0516,305.27,75.4093,91.4484,223.3014,104.4263,565.9617,79.5453,33.87,631.231,104.8303,82.5402,86.3193
2025-08-20,21.1482,48.7945,89.3707,308.36,75.3811,91.5826,222.5117,104.4739,562.6014,79.5741,34.43,629.5537,104.9446,82.7211,86.5675
2025-08-21,21.274,48.6866,88.8099,307.29,75.2404,91.3141,223.0645,104.0741,559.9966,79.5068,34.61,627.0281,104.9637,82.3115,86.3098
2025-08-22,21.3611,49.6576,90.1442,310.58,75.8502,91.8223,231.8106,104.8927,568.636,79.6799,35.34,636.6571,105.6782,82.9212,87.9801
2025-08-25,21.4675,49.3731,88.9549,309.83,75.7001,91.6401,229.3723,104.6167,566.9955,79.6414,35.02,633.8553,105.4781,82.683,87.4742
2025-08-26,21.303,49.2456,88.8582,312.08,75.869,91.8798,231.2677,104.6928,569.2722,79.7088,35.02,636.5092,105.7259,82.6354,87.2452
2025-08-27,21.3224,48.9514,88.6455,312.71,75.9628,92.0524,232.9063,104.7309,570.1471,79.7665,34.99,637.9595,105.964,82.5402,87.7892
2025-08-28,21.4578,49.1377,88.9743,315.03,76.0003,92.2633,233.1828,104.8927,573.7162,79.7376,35.52,640.2188,106.0307,83.0831,87.5601
2025-08-29,21.4868,48.9024,88.4521,318.07,75.8596,92.1866,232.1462,104.512,567.0752,79.805,36.19,636.4007,105.9164,82.4925,88.0373
2025-09-02,21.8351,48.8631,87.5819,325.59,75.7776,91.9115,230.8926,104.1624,562.323,79.7644,37.15,631.6848,105.7223,81.8786,86.577
2025-09-03,21.6416,49.0495,87.7173,328.14,75.985,92.229,230.6655,104.7833,566.7471,79.8223,37.34,635.1082,105.9613,82.7775,86.6248
2025-09-04,21.4868,48.8925,88.3554,326.69,76.1924,92.6426,233.548,105.4997,571.8769,79.8802,36.93,640.4161,106.1239,83.4085,87.2738
2025-09-05,21.3127,49.481,88.7519,331.05,76.2301,93.0947,234.7128,106.1874,572.7021,79.996,37.21,638.5613,106.5925,84.6803,88.2568
2025-09-08,21.4578,49.9322,89.6414,334.82,76.2301,93.3833,235.1866,106.5599,575.4957,80.0442,37.51,640.13,106.8125,85.8086,87.7414
2025-09-09,21.5159,50.2068,89.3417,334.06,76.1452,93.162,233.8046,106.3689,577.1262,79.9767,37.18,641.61,106.6021,85.3209,87.541
2025-09-10,21.661,50.5501,89.3223,335.26,76.2018,93.4121,233.39,106.6841,577.3151,79.9863,37.41,643.4647,106.7647,85.8086,87.3979
2025-09-11,21.4965,51.2857,90.2699,334.76,76.3903,93.5564,237.7039,107.1808,580.6754,80.0153,37.79,648.812,106.9368,86.3823,88.9918
2025-09-12,21.6223,51.2563,89.9122,335.42,76.3149,93.2871,235.2755,106.9897,583.2403,80.0056,38.34,648.5949,106.7934,86.0094,88.5814
2025-09-15,21.8158,51.629,90.5116,338.91,76.5317,93.441,236.2725,107.324,588.231,80.0346,38.76,652.048,106.8986,86.2102,88.4382
2025-09-16,22.0383,52.0115,90.2602,339.59,76.4751,93.4987,235.8834,107.2285,587.734,80.0732,38.6,651.1502,106.9942,86.3919,87.9705
2025-09-17,21.8061,52.2371,89.9218,336.97,76.3997,93.2967,236.4873,107.0375,586.5609,80.0346,37.79,650.3412,106.9273,86.172,87.856
2025-09-18,21.7094,52.1096,90.2699,335.62,76.5694,92.9889,242.3775,106.8178,591.8498,80.0056,37.99,653.3799,106.6308,85.2827,88.0469
2025-09-19,21.5352,51.9919,89.9218,339.18,76.5977,92.9504,240.5361,106.7318,595.8563,80.0346,39.04,656.616,106.5734,85.1201,87.4742
2025-09-22,21.5352,52.2469,90.2119,345.05,76.6542,92.7965,241.932,106.493,599.3837,79.996,40.04,659.7226,106.3152,84.8141,87.4933
2025-09-23,21.7577,52.2763,90.0378,346.46,76.5977,93.0562,241.3875,106.7032,595.4025,80.0249,39.96,656.1312,106.6021,85.407,87.9705
2025-09-24,21.9028,52.0997,89.5157,343.32,76.494,92.8061,239.1701,106.2733,593.3123,79.9863,39.82,654.0437,106.4108,85.0819,87.1052
2025-09-25,22.0576,51.7957,88.8776,344.75,76.2772,92.6041,236.8833,106.0823,590.7544,79.9188,41.03,651.0263,106.2387,85.0819,86.8451
2025-09-26,22.0673,51.6976,89.5641,346.74,76.428,92.556,238.9127,106.2256,593.1829,79.967,41.86,654.756,106.2578,85.0054,87.7027
2025-09-29,21.8835,52.1684,89.9122,352.46,76.56,92.8254,239.1898,106.579,595.9301,79.996,42.5,656.5962,106.3917,85.7034,87.7316
2025-09-30,21.7964,52.3744,90.2796,355.47,76.5317,92.7869,239.5264,106.4739,597.5623,80.0346,42.37,659.0695,106.363,85.4548,88.0881
2025-10-01,21.7577,52.7863,91.0241,356.03,76.6747,93.0995,240.0511,106.9015,600.4289,80.1275,42.91,661.3153,106.5527,85.6755,88.223
2025-10-02,21.6126,53.0315,91.1691,354.79,76.6463,93.196,241.5657,107.0741,602.8973,80.1468,42.53,662.077,106.5048,85.925,87.7605
2025-10-03,21.6803,53.1884,91.933,357.64,76.5611,93.0126,243.3575,106.9398,600.3592,80.1178,43.52,662.0672,106.3898,85.7618,88.0881
2025-10-06,21.9028,53.4336,92.1457,364.38,76.58,92.7425,244.3276,106.5947,604.868,80.0984,44.06,664.4415,106.2078,85.0806,87.2594
2025-10-07,21.9899,53.0217,91.3432,366.26,76.4948,92.974,241.7043,106.796,601.683,80.1371,43.39,661.9781,106.5048,85.5699,86.9415
2025-10-08,22.0189,53.4434,91.6139,372.3,76.3811,92.9933,244.2386,106.6618,608.5806,80.1275,44.56,665.9255,106.5814,85.6371,86.4886
2025-10-09,21.8158,52.8942,90.8597,365.43,76.1633,92.9258,242.6646,106.4509,607.8441,80.1178,44.71,663.9964,106.4569,85.5699,86.0164
2025-10-10,21.3514,50.9424,89.187,369.12,75.7182,93.5047,235.3984,106.7481,586.7432,80.2533,45.43,646.05,106.8305,86.9517,84.918
2025-10-13,21.6223,52.4234,89.9025,378.09,76.1917,93.553,241.9518,107.1124,599.1946,80.4081,47.26,655.963,107.0988,86.9037,85.4576
2025-10-14,21.3804,51.9526,90.3086,380.79,76.2769,93.7942,245.4067,107.4671,595.2034,80.35,46.8,655.1617,106.9838,87.1819,86.3344
2025-10-15,21.4578,52.8059,90.7437,387.39,76.5232,93.688,247.8122,107.4671,599.4037,80.3113,48.33,658.0703,106.9551,86.99,87.587
2025-10-16,21.4191,53.1492,91.2175,396.45,76.2485,94.1222,242.5952,107.7739,597.1841,80.4178,49.17,653.5887,107.2042,87.6425,87.2787
2025-10-17,21.3998,53.1394,91.3819,388.99,76.4474,93.9679,240.9618,107.563,601.1057,80.4081,46.99,657.2986,106.9934,87.5082,87.8472
2025-10-20,21.6126,53.8652,92.136,403.15,76.5989,94.0933,245.6641,107.8889,608.6801,80.4178,47.72,664.1349,107.0892,87.844,88.7337
2025-10-21,21.3901,53.2669,91.4592,377.24,76.4853,94.267,244.5058,107.9081,608.5209,80.4371,43.79,664.1249,107.3191,88.2758,88.4831
2025-10-22,21.7287,53.2178,91.3238,377.28,76.4095,94.2863,240.8925,108.0135,602.6584,80.4371,43.88,660.6722,107.4916,88.3334,88.8589
2025-10-23,22.0963,53.6886,91.7493,378.79,76.58,93.9775,243.9416,107.8793,607.7246,80.3791,44.18,664.59,107.2808,87.7289,88.8011
2025-10-24,22.106,54.0417,91.8943,377.52,76.7884,94.0643,246.9213,108.0615,614.2141,80.4275,43.99,670.0213,107.2712,87.7672,89.0613
2025-10-27,22.0576,54.64,92.5325,367.01,76.9778,94.0643,247.7825,108.2436,625.1528,80.4081,42.4,677.9261,107.2425,88.0647,89.3118
2025-10-28,21.8545,54.6204,92.4938,364.38,76.902,94.1512,246.456,108.2532,629.9601,80.4178,42.7,679.7266,107.3287,88.295,87.5581
2025-10-29,21.9706,54.9342,91.9717,363.0,76.6652,93.5433,244.3573,107.6397,632.7968,80.2629,43.23,680.0531,106.7635,87.4026,85.3034
2025-10-30,21.9802,54.3654,91.5656,370.13,76.5232,93.4082,242.3874,107.0645,623.1223,80.2726,44.34,672.5739,106.5335,86.8941,85.7081
2025-10-31,22.135,54.2379,91.3625,368.12,76.5232,93.4468,243.7535,106.6331,626.1281,80.3017,44.01,674.78,106.706,86.635,85.9297
2025-11-03,22.2995,54.5812,91.4012,368.78,76.2852,93.4023,242.9714,106.3463,629.124,80.3046,43.76,676.0464,106.6301,86.4183,85.8045
2025-11-04,22.1447,53.5807,90.4633,362.32,76.2947,93.5185,238.7741,106.4907,616.354,80.3337,42.74,668.0328,106.6781,86.6109,85.949
2025-11-05,22.077,54.0613,91.0434,366.51,76.3709,93.0732,242.2191,106.1731,620.3652,80.2754,43.65,670.3478,106.2841,85.6672,86.0261
2025-11-06,22.106,53.6592,90.8404,366.07,76.3994,93.5475,237.9326,106.7312,608.8095,80.3725,43.55,663.1555,106.5724,86.4376,85.6117
2025-11-07,22.1544,53.5023,91.1788,368.31,76.466,93.5862,239.1799,106.5195,606.8884,80.4114,43.92,663.8083,106.5916,86.2546,86.9415
2025-11-10,22.3962,54.4438,92.136,378.38,76.7231,93.4604,241.5756,106.5773,620.3154,80.3919,45.79,674.1666,106.6108,86.2354,86.8933
2025-11-11,22.5413,54.5027,92.8129,379.87,76.8088,93.7507,241.7835,107.0006,618.6632,80.4599,46.45,675.71,107.0434,86.6302,87.8665
2025-11-12,22.2898,54.5125,93.364,385.99,76.6564,93.7701,241.1895,106.8948,618.1755,80.4307,48.32,676.0859,106.8127,86.7843,87.2112
2025-11-13,22.1737,53.875,92.3681,382.87,76.3423,93.4991,234.4084,106.3656,605.5548,80.3822,47.42,664.867,106.5724,86.0717,86.1417
2025-11-14,22.2221,53.9044,92.107,375.96,76.3614,93.3442,235.0915,106.077,606.0126,80.4114,45.96,664.7581,106.4474,85.5805,86.3248
2025-11-17,22.1931,53.2669,90.9081,371.65,76.2376,93.4507,230.4189,106.1443,600.8369,80.4016,45.47,658.5649,106.4667,85.7924,85.6117
2025-11-18,22.3769,53.0021,89.7284,374.35,76.2566,93.6056,231.1218,106.1924,593.5214,80.4502,46.1,653.0347,106.5435,85.7635,85.9586
2025-11-19,22.1544,52.8157,89.4577,374.96,76.2947,93.5378,231.0822,106.202,597.0647,80.4405,46.45,655.5574,106.409,85.5902,85.2841
2025-11-20,21.9415,52.0899,88.2201,374.85,76.2471,93.7604,226.8057,106.3463,582.931,80.5084,45.78,645.5652,106.4571,85.9272,84.9276
2025-11-21,21.7964,52.0801,89.5834,374.27,76.5041,94.0702,233.2304,106.7216,587.3105,80.6055,45.3,651.9958,106.707,86.1872,86.3055
2025-11-24,21.9028,52.6294,89.6608,380.2,76.7136,94.2153,237.4871,107.1449,602.3299,80.6152,46.63,661.5923,106.755,86.6784,86.5368
2025-11-25,21.7867,52.8157,90.734,380.08,76.9801,94.4573,242.6646,107.4432,606.0425,80.6637,46.67,667.8151,106.9472,86.8998,87.3365
2025-11-26,22.0189,53.1982,91.7299,383.12,77.0562,94.5348,244.8127,107.8088,611.3973,80.6541,48.4,672.4254,107.1779,87.285,87.7219
2025-11-28,22.3092,53.2767,92.0393,387.88,77.0943,94.3702,246.2481,107.626,616.354,80.6541,51.21,676.0959,106.9376,86.8709,88.011
2025-12-01,22.3672,53.2375,91.5849,389.75,76.9556,93.8635,243.1496,107.0495,614.2838,80.5849,52.52,673.0092,106.5154,85.7895,86.9993
2025-12-02,22.2705,53.2571,91.8943,387.24,77.0991,93.9411,242.7041,107.1171,619.0912,80.6336,53.13,674.2557,106.5443,85.8282,86.6909
2025-12-03,22.3769,53.2963,92.3874,386.88,77.166,94.1353,247.1193,107.3585,620.6041,80.6823,53.07,676.5905,106.7853,86.0698,86.9125
2025-12-04,22.4349,53.2865,92.6388,387.13,77.2234,93.8441,249.2872,107.1654,620.0268,80.6239,51.76,677.0851,106.6407,85.6059,86.7006
2025-12-05,22.5704,53.6886,92.6388,386.44,77.2234,93.6499,248.2478,107.0591,622.5549,80.5947,52.95,678.3713,106.4672,85.2097,86.6042
2025-12-08,22.2898,53.5709,92.3487,385.42,77.0322,93.4557,248.3468,106.837,621.3605,80.5752,52.71,676.3333,106.2552,84.9294,85.9393
2025-12-09,22.2414,53.4827,92.223,387.4,76.9461,93.3198,248.8616,106.7018,622.127,80.5362,55.17,675.7496,106.1202,85.0164,85.6117
2025-12-10,22.3769,54.0809,93.248,389.05,77.2043,93.6208,252.2472,107.1943,624.6749,80.6725,56.07,680.2312,106.4672,85.3449,85.9201
2025-12-11,22.3575,53.8259,93.7991,393.24,77.1947,93.6305,255.2071,107.0398,622.6545,80.6823,57.62,681.8141,106.419,85.229,86.2959
2025-12-12,22.1737,53.1982,93.306,395.44,77.0513,93.3781,251.2968,106.3928,610.7504,80.692,56.1,674.4833,106.2552,84.4075,86.1899
2025-12-15,22.0673,53.0413,93.8764,395.8,77.0895,93.4557,249.3961,106.5183,607.6848,80.7407,58.11,673.4642,106.178,84.4655,86.4597
2025-12-16,21.8448,52.706,93.4413,395.89,77.1374,93.7179,248.2161,106.7598,608.8891,80.7797,57.73,671.6241,106.1973,84.9294,85.8237
2025-12-17,22.106,52.328,92.6833,399.29,77.0417,93.6984,245.5741,106.6439,597.6021,80.7894,60.26,664.2338,106.313,84.8521,86.1417
2025-12-18,21.9512,52.9249,93.3429,398.57,77.2521,93.9411,247.0342,107.0495,606.2614,80.8478,59.32,669.2497,106.5154,85.258,85.6888
2025-12-19,22.106,53.4422,93.9729,399.02,77.2146,93.7298,249.1001,106.7741,614.1643,80.8332,60.93,675.3154,106.3046,84.9398,85.3612
2025-12-22,22.39,53.7307,94.2092,408.23,77.2819,93.6324,251.8714,106.7547,617.1083,80.7941,62.47,679.5225,106.1499,84.7554,85.7998
2025-12-23,22.64,54.0292,94.79,413.64,77.3395,93.5934,250.3815,106.8614,619.9985,80.755,64.84,682.6282,106.1983,84.8913,85.7414
2025-12-24,22.63,54.1386,94.9081,411.93,77.4837,93.8369,251.0072,107.2783,621.8123,80.8039,65.22,685.0295,106.4207,85.4054,86.3054
2025-12-26,22.7,54.5166,95.0656,416.74,77.4452,93.9246,249.7259,107.2686,621.7725,80.8625,71.12,684.96,106.411,85.1241,86.4026
2025-12-29,22.49,54.3774,94.7802,398.6,77.4741,94.0609,248.1963,107.414,618.7626,80.9015,66.01,682.519,106.5077,85.4442,86.5776
2025-12-30,22.64,54.5962,94.9377,398.89,77.5509,93.9635,246.3587,107.288,617.3276,80.9211,68.98,681.6855,106.4883,85.2405,86.7526
